ISO-10303-21;
HEADER;
/* Generated by software containing ST-Developer
 * from STEP Tools, Inc. (www.steptools.com) 
 */

FILE_DESCRIPTION(
/* description */ (''),
/* implementation_level */ '2;1');

FILE_NAME(
/* name */ 'Electronics Enclosure.step',
/* time_stamp */ '2026-07-16T13:32:58-07:00',
/* author */ (''),
/* organization */ (''),
/* preprocessor_version */ 'ST-DEVELOPER v20.1',
/* originating_system */ 'Autodesk Translation Framework v15.8.0.0',
/* authorisation */ '');

FILE_SCHEMA (('AUTOMOTIVE_DESIGN { 1 0 10303 214 3 1 1 }'));
ENDSEC;

DATA;
#10=MECHANICAL_DESIGN_GEOMETRIC_PRESENTATION_REPRESENTATION('',(#89,#90,
#91,#92,#93,#94,#95,#96,#97,#98,#99,#100,#101,#102,#103),#12901);
#11=B_SPLINE_CURVE_WITH_KNOTS('',3,(#12145,#12146,#12147,#12148,#12149),
 .UNSPECIFIED.,.F.,.F.,(4,1,4),(0.,0.0198696832668687,0.0397393665337375),
 .UNSPECIFIED.);
#12=B_SPLINE_CURVE_WITH_KNOTS('',3,(#12153,#12154,#12155,#12156,#12157),
 .UNSPECIFIED.,.F.,.F.,(4,1,4),(0.,0.0198696832668687,0.0397393665337374),
 .UNSPECIFIED.);
#13=B_SPLINE_CURVE_WITH_KNOTS('',3,(#12163,#12164,#12165,#12166,#12167),
 .UNSPECIFIED.,.F.,.F.,(4,1,4),(0.,0.0198696832668693,0.0397393665337386),
 .UNSPECIFIED.);
#14=B_SPLINE_CURVE_WITH_KNOTS('',3,(#12169,#12170,#12171,#12172,#12173,
#12174,#12175,#12176,#12177,#12178,#12179,#12180,#12181,#12182,#12183,#12184,
#12185,#12186,#12187,#12188,#12189,#12190,#12191,#12192,#12193,#12194,#12195,
#12196,#12197,#12198,#12199,#12200,#12201,#12202,#12203,#12204,#12205,#12206,
#12207,#12208,#12209,#12210,#12211,#12212,#12213,#12214,#12215,#12216,#12217),
 .UNSPECIFIED.,.F.,.F.,(4,3,3,3,3,3,3,3,3,3,3,3,3,3,3,3,4),(-0.64830186823522,
-0.605490749169595,-0.561340685775577,-0.513698451002358,-0.459955855072661,
-0.4037276419281,-0.356417339154958,-0.315020824228459,-0.309760958986332,
-0.307320820725354,-0.266243425721522,-0.224861078382693,-0.180858125852966,
-0.129899345734768,-0.0775722827388665,-0.0336712658323797,-0.0252452197429654),
 .UNSPECIFIED.);
#15=B_SPLINE_CURVE_WITH_KNOTS('',3,(#12220,#12221,#12222,#12223,#12224,
#12225,#12226,#12227,#12228,#12229,#12230,#12231,#12232,#12233,#12234,#12235,
#12236,#12237,#12238,#12239,#12240,#12241,#12242,#12243,#12244,#12245,#12246,
#12247,#12248,#12249,#12250,#12251,#12252,#12253,#12254,#12255,#12256,#12257,
#12258,#12259,#12260,#12261,#12262,#12263,#12264,#12265,#12266,#12267,#12268),
 .UNSPECIFIED.,.F.,.F.,(4,3,3,3,3,3,3,3,3,3,3,3,3,3,3,3,4),(-0.820491203186609,
-0.763247343934391,-0.690702453619709,-0.626534193141837,-0.568858307350135,
-0.514789768913502,-0.460424333435768,-0.453230203225834,-0.449539675831792,
-0.446384720633579,-0.387082836819863,-0.321634256714194,-0.241225692535646,
-0.17555576454162,-0.115667779362025,-0.0578338896810125,0.),
 .UNSPECIFIED.);
#16=B_SPLINE_CURVE_WITH_KNOTS('',3,(#12286,#12287,#12288,#12289,#12290),
 .UNSPECIFIED.,.F.,.F.,(4,1,4),(0.,0.0198696832668691,0.0397393665337382),
 .UNSPECIFIED.);
#17=B_SPLINE_CURVE_WITH_KNOTS('',3,(#12306,#12307,#12308,#12309,#12310,
#12311,#12312,#12313,#12314,#12315,#12316,#12317,#12318,#12319,#12320,#12321,
#12322,#12323,#12324,#12325,#12326,#12327,#12328,#12329,#12330,#12331,#12332,
#12333,#12334,#12335,#12336,#12337,#12338,#12339,#12340,#12341,#12342,#12343,
#12344,#12345,#12346,#12347,#12348,#12349,#12350,#12351,#12352,#12353,#12354),
 .UNSPECIFIED.,.F.,.F.,(4,3,3,3,3,3,3,3,3,3,3,3,3,3,3,3,4),(-0.648301868235128,
-0.60549074916972,-0.561340685775967,-0.513698451002604,-0.459955855073634,
-0.403727641928943,-0.356417339155696,-0.315020824229104,-0.309760958986725,
-0.307320820726462,-0.266243425722706,-0.224861078384002,-0.180858125854397,
-0.129899345736131,-0.0775722827395483,-0.0336712658330121,-0.0252452197429651),
 .UNSPECIFIED.);
#18=B_SPLINE_CURVE_WITH_KNOTS('',3,(#12357,#12358,#12359,#12360,#12361,
#12362,#12363,#12364,#12365,#12366,#12367,#12368,#12369,#12370,#12371,#12372,
#12373,#12374,#12375,#12376,#12377,#12378,#12379,#12380,#12381,#12382,#12383,
#12384,#12385,#12386,#12387,#12388,#12389,#12390,#12391,#12392,#12393,#12394,
#12395,#12396,#12397,#12398,#12399,#12400,#12401,#12402,#12403,#12404,#12405),
 .UNSPECIFIED.,.F.,.F.,(4,3,3,3,3,3,3,3,3,3,3,3,3,3,3,3,4),(-0.820491203186645,
-0.763247343934445,-0.69070245361822,-0.626534193141216,-0.568858307349523,
-0.514789768912784,-0.460424333434775,-0.453230203224857,-0.449539675828692,
-0.446384720633458,-0.387082836819986,-0.321634256715116,-0.241225692536337,
-0.175555764541808,-0.115667779361829,-0.0578338896809143,0.),
 .UNSPECIFIED.);
#19=B_SPLINE_SURFACE_WITH_KNOTS('',3,1,((#12133,#12134),(#12135,#12136),
(#12137,#12138),(#12139,#12140),(#12141,#12142)),.UNSPECIFIED.,.F.,.F.,
 .F.,(4,1,4),(2,2),(0.,0.5,1.),(0.,1.338),.UNSPECIFIED.);
#20=B_SPLINE_SURFACE_WITH_KNOTS('',3,1,((#12275,#12276),(#12277,#12278),
(#12279,#12280),(#12281,#12282),(#12283,#12284)),.UNSPECIFIED.,.F.,.F.,
 .F.,(4,1,4),(2,2),(0.,0.5,1.),(0.,1.338),.UNSPECIFIED.);
#21=B_SPLINE_SURFACE_WITH_KNOTS('',5,1,((#12409,#12410),(#12411,#12412),
(#12413,#12414),(#12415,#12416),(#12417,#12418),(#12419,#12420),(#12421,
#12422),(#12423,#12424),(#12425,#12426),(#12427,#12428)),.UNSPECIFIED.,
 .F.,.F.,.F.,(6,1,1,1,1,6),(2,2),(0.,0.2,0.4,0.6,0.8,1.),(0.,1.8096),
 .UNSPECIFIED.);
#22=B_SPLINE_SURFACE_WITH_KNOTS('',5,1,((#12429,#12430),(#12431,#12432),
(#12433,#12434),(#12435,#12436),(#12437,#12438),(#12439,#12440),(#12441,
#12442),(#12443,#12444),(#12445,#12446),(#12447,#12448)),.UNSPECIFIED.,
 .F.,.F.,.F.,(6,1,1,1,1,6),(2,2),(-1.,-0.8,-0.6,-0.4,-0.2,0.),(0.,1.8096),
 .UNSPECIFIED.);
#23=CONICAL_SURFACE('',#8025,2.3375,0.785398163397447);
#24=CONICAL_SURFACE('',#8041,2.3375,0.785398163397449);
#25=ITEM_DEFINED_TRANSFORMATION($,$,#7738,#7976);
#26=ITEM_DEFINED_TRANSFORMATION($,$,#7777,#7977);
#27=ITEM_DEFINED_TRANSFORMATION($,$,#7957,#7978);
#28=ITEM_DEFINED_TRANSFORMATION($,$,#7912,#7979);
#29=ITEM_DEFINED_TRANSFORMATION($,$,#7924,#7980);
#30=ITEM_DEFINED_TRANSFORMATION($,$,#7957,#7981);
#31=ITEM_DEFINED_TRANSFORMATION($,$,#7957,#7982);
#32=ITEM_DEFINED_TRANSFORMATION($,$,#7957,#7983);
#33=ITEM_DEFINED_TRANSFORMATION($,$,#7957,#7984);
#34=ITEM_DEFINED_TRANSFORMATION($,$,#7737,#8346);
#35=ITEM_DEFINED_TRANSFORMATION($,$,#7985,#8347);
#36=(
REPRESENTATION_RELATIONSHIP($,$,#12935,#12934)
REPRESENTATION_RELATIONSHIP_WITH_TRANSFORMATION(#25)
SHAPE_REPRESENTATION_RELATIONSHIP()
);
#37=(
REPRESENTATION_RELATIONSHIP($,$,#12936,#12934)
REPRESENTATION_RELATIONSHIP_WITH_TRANSFORMATION(#26)
SHAPE_REPRESENTATION_RELATIONSHIP()
);
#38=(
REPRESENTATION_RELATIONSHIP($,$,#12939,#12934)
REPRESENTATION_RELATIONSHIP_WITH_TRANSFORMATION(#27)
SHAPE_REPRESENTATION_RELATIONSHIP()
);
#39=(
REPRESENTATION_RELATIONSHIP($,$,#12937,#12934)
REPRESENTATION_RELATIONSHIP_WITH_TRANSFORMATION(#28)
SHAPE_REPRESENTATION_RELATIONSHIP()
);
#40=(
REPRESENTATION_RELATIONSHIP($,$,#12938,#12934)
REPRESENTATION_RELATIONSHIP_WITH_TRANSFORMATION(#29)
SHAPE_REPRESENTATION_RELATIONSHIP()
);
#41=(
REPRESENTATION_RELATIONSHIP($,$,#12939,#12934)
REPRESENTATION_RELATIONSHIP_WITH_TRANSFORMATION(#30)
SHAPE_REPRESENTATION_RELATIONSHIP()
);
#42=(
REPRESENTATION_RELATIONSHIP($,$,#12939,#12934)
REPRESENTATION_RELATIONSHIP_WITH_TRANSFORMATION(#31)
SHAPE_REPRESENTATION_RELATIONSHIP()
);
#43=(
REPRESENTATION_RELATIONSHIP($,$,#12939,#12934)
REPRESENTATION_RELATIONSHIP_WITH_TRANSFORMATION(#32)
SHAPE_REPRESENTATION_RELATIONSHIP()
);
#44=(
REPRESENTATION_RELATIONSHIP($,$,#12939,#12934)
REPRESENTATION_RELATIONSHIP_WITH_TRANSFORMATION(#33)
SHAPE_REPRESENTATION_RELATIONSHIP()
);
#45=(
REPRESENTATION_RELATIONSHIP($,$,#12934,#12933)
REPRESENTATION_RELATIONSHIP_WITH_TRANSFORMATION(#34)
SHAPE_REPRESENTATION_RELATIONSHIP()
);
#46=(
REPRESENTATION_RELATIONSHIP($,$,#12940,#12933)
REPRESENTATION_RELATIONSHIP_WITH_TRANSFORMATION(#35)
SHAPE_REPRESENTATION_RELATIONSHIP()
);
#47=CONTEXT_DEPENDENT_SHAPE_REPRESENTATION(#36,#12921);
#48=CONTEXT_DEPENDENT_SHAPE_REPRESENTATION(#37,#12922);
#49=CONTEXT_DEPENDENT_SHAPE_REPRESENTATION(#38,#12923);
#50=CONTEXT_DEPENDENT_SHAPE_REPRESENTATION(#39,#12924);
#51=CONTEXT_DEPENDENT_SHAPE_REPRESENTATION(#40,#12925);
#52=CONTEXT_DEPENDENT_SHAPE_REPRESENTATION(#41,#12926);
#53=CONTEXT_DEPENDENT_SHAPE_REPRESENTATION(#42,#12927);
#54=CONTEXT_DEPENDENT_SHAPE_REPRESENTATION(#43,#12928);
#55=CONTEXT_DEPENDENT_SHAPE_REPRESENTATION(#44,#12929);
#56=CONTEXT_DEPENDENT_SHAPE_REPRESENTATION(#45,#12931);
#57=CONTEXT_DEPENDENT_SHAPE_REPRESENTATION(#46,#12932);
#58=NEXT_ASSEMBLY_USAGE_OCCURRENCE('Dummy_PCB:1','Dummy_PCB:1',
'Dummy_PCB:1',#12943,#12944,'Dummy_PCB:1');
#59=NEXT_ASSEMBLY_USAGE_OCCURRENCE('Pin Holder:1','Pin Holder:1',
'Pin Holder:1',#12943,#12945,'Pin Holder:1');
#60=NEXT_ASSEMBLY_USAGE_OCCURRENCE('90 Degree Pin:1','90 Degree Pin:1',
'90 Degree Pin:1',#12943,#12948,'90 Degree Pin:1');
#61=NEXT_ASSEMBLY_USAGE_OCCURRENCE('Joystick Mechanism:1',
'Joystick Mechanism:1','Joystick Mechanism:1',#12943,#12946,
'Joystick Mechanism:1');
#62=NEXT_ASSEMBLY_USAGE_OCCURRENCE('Joystick Finger Tip:1',
'Joystick Finger Tip:1','Joystick Finger Tip:1',#12943,#12947,
'Joystick Finger Tip:1');
#63=NEXT_ASSEMBLY_USAGE_OCCURRENCE('90 Degree Pin:2','90 Degree Pin:2',
'90 Degree Pin:2',#12943,#12948,'90 Degree Pin:2');
#64=NEXT_ASSEMBLY_USAGE_OCCURRENCE('90 Degree Pin:3','90 Degree Pin:3',
'90 Degree Pin:3',#12943,#12948,'90 Degree Pin:3');
#65=NEXT_ASSEMBLY_USAGE_OCCURRENCE('90 Degree Pin:4','90 Degree Pin:4',
'90 Degree Pin:4',#12943,#12948,'90 Degree Pin:4');
#66=NEXT_ASSEMBLY_USAGE_OCCURRENCE('90 Degree Pin:5','90 Degree Pin:5',
'90 Degree Pin:5',#12943,#12948,'90 Degree Pin:5');
#67=NEXT_ASSEMBLY_USAGE_OCCURRENCE('Arduino Joystick Module v1:2',
'Arduino Joystick Module v1:2','Arduino Joystick Module v1:2',#12942,#12943,
'Arduino Joystick Module v1:2');
#68=NEXT_ASSEMBLY_USAGE_OCCURRENCE('Fused Inlet - 250v AC v1:1',
'Fused Inlet - 250v AC v1:1','Fused Inlet - 250v AC v1:1',#12942,#12949,
'Fused Inlet - 250v AC v1:1');
#69=(
BOUNDED_SURFACE()
B_SPLINE_SURFACE(2,2,((#11135,#11136,#11137,#11138,#11139,#11140,#11141,
#11142,#11143),(#11144,#11145,#11146,#11147,#11148,#11149,#11150,#11151,
#11152),(#11153,#11154,#11155,#11156,#11157,#11158,#11159,#11160,#11161)),
 .UNSPECIFIED.,.F.,.T.,.F.)
B_SPLINE_SURFACE_WITH_KNOTS((3,3),(3,2,2,2,3),(0.0994410984830544,1.52591620753959),
(-3.14159265358979,-1.5707963267949,0.,1.5707963267949,3.14159265358979),
 .UNSPECIFIED.)
GEOMETRIC_REPRESENTATION_ITEM()
RATIONAL_B_SPLINE_SURFACE(((1.,0.707106781186548,1.,0.707106781186548,1.,
0.707106781186548,1.,0.707106781186548,1.),(0.756247557820288,0.534747776390492,
0.756247557820288,0.534747776390492,0.756247557820288,0.534747776390492,
0.756247557820288,0.534747776390492,0.756247557820288),(1.,0.707106781186548,
1.,0.707106781186548,1.,0.707106781186548,1.,0.707106781186548,1.)))
REPRESENTATION_ITEM('')
SURFACE()
);
#70=TOROIDAL_SURFACE('',#7927,5.50000000000002,4.87499999999998);
#71=TOROIDAL_SURFACE('',#7944,13.1750382262103,0.3);
#72=TOROIDAL_SURFACE('',#7946,9.35356977359954,0.4);
#73=TOROIDAL_SURFACE('',#7948,5.39999999999999,0.4);
#74=TOROIDAL_SURFACE('',#7950,5.4,0.4);
#75=SHAPE_REPRESENTATION_RELATIONSHIP('SRR','None',#12935,#82);
#76=SHAPE_REPRESENTATION_RELATIONSHIP('SRR','None',#12936,#83);
#77=SHAPE_REPRESENTATION_RELATIONSHIP('SRR','None',#12937,#84);
#78=SHAPE_REPRESENTATION_RELATIONSHIP('SRR','None',#12938,#85);
#79=SHAPE_REPRESENTATION_RELATIONSHIP('SRR','None',#12939,#86);
#80=SHAPE_REPRESENTATION_RELATIONSHIP('SRR','None',#12940,#87);
#81=SHAPE_REPRESENTATION_RELATIONSHIP('SRR','None',#12933,#88);
#82=ADVANCED_BREP_SHAPE_REPRESENTATION('',(#104),#12895);
#83=ADVANCED_BREP_SHAPE_REPRESENTATION('',(#105),#12896);
#84=ADVANCED_BREP_SHAPE_REPRESENTATION('',(#106),#12897);
#85=ADVANCED_BREP_SHAPE_REPRESENTATION('',(#107),#12898);
#86=ADVANCED_BREP_SHAPE_REPRESENTATION('',(#108),#12899);
#87=ADVANCED_BREP_SHAPE_REPRESENTATION('',(#109,#110,#111,#112,#113,#114,
#115),#12900);
#88=ADVANCED_BREP_SHAPE_REPRESENTATION('',(#116,#117,#118),#12893);
#89=STYLED_ITEM('',(#12978),#104);
#90=STYLED_ITEM('',(#12979),#105);
#91=STYLED_ITEM('',(#12980),#106);
#92=STYLED_ITEM('',(#12979),#107);
#93=STYLED_ITEM('',(#12981),#108);
#94=STYLED_ITEM('',(#12982),#109);
#95=STYLED_ITEM('',(#12983),#110);
#96=STYLED_ITEM('',(#12983),#111);
#97=STYLED_ITEM('',(#12983),#112);
#98=STYLED_ITEM('',(#12982),#113);
#99=STYLED_ITEM('',(#12982),#114);
#100=STYLED_ITEM('',(#12984),#115);
#101=STYLED_ITEM('',(#12977),#116);
#102=STYLED_ITEM('',(#12977),#117);
#103=STYLED_ITEM('',(#12977),#118);
#104=MANIFOLD_SOLID_BREP('Body1',#7654);
#105=MANIFOLD_SOLID_BREP('Body1',#7655);
#106=MANIFOLD_SOLID_BREP('Body1',#7656);
#107=MANIFOLD_SOLID_BREP('Body1',#7657);
#108=MANIFOLD_SOLID_BREP('Body1',#7658);
#109=MANIFOLD_SOLID_BREP('Body1',#7659);
#110=MANIFOLD_SOLID_BREP('Body2',#7660);
#111=MANIFOLD_SOLID_BREP('Body3',#7661);
#112=MANIFOLD_SOLID_BREP('Body4',#7662);
#113=MANIFOLD_SOLID_BREP('Body5',#7663);
#114=MANIFOLD_SOLID_BREP('Body6',#7664);
#115=MANIFOLD_SOLID_BREP('Body7',#7665);
#116=MANIFOLD_SOLID_BREP('Body2',#7666);
#117=MANIFOLD_SOLID_BREP('Body3',#7667);
#118=MANIFOLD_SOLID_BREP('Body4',#7668);
#119=FACE_BOUND('',#913,.T.);
#120=FACE_BOUND('',#914,.T.);
#121=FACE_BOUND('',#915,.T.);
#122=FACE_BOUND('',#916,.T.);
#123=FACE_BOUND('',#917,.T.);
#124=FACE_BOUND('',#918,.T.);
#125=FACE_BOUND('',#919,.T.);
#126=FACE_BOUND('',#920,.T.);
#127=FACE_BOUND('',#921,.T.);
#128=FACE_BOUND('',#923,.T.);
#129=FACE_BOUND('',#924,.T.);
#130=FACE_BOUND('',#925,.T.);
#131=FACE_BOUND('',#926,.T.);
#132=FACE_BOUND('',#927,.T.);
#133=FACE_BOUND('',#928,.T.);
#134=FACE_BOUND('',#929,.T.);
#135=FACE_BOUND('',#930,.T.);
#136=FACE_BOUND('',#931,.T.);
#137=FACE_BOUND('',#939,.T.);
#138=FACE_BOUND('',#940,.T.);
#139=FACE_BOUND('',#941,.T.);
#140=FACE_BOUND('',#942,.T.);
#141=FACE_BOUND('',#943,.T.);
#142=FACE_BOUND('',#945,.T.);
#143=FACE_BOUND('',#946,.T.);
#144=FACE_BOUND('',#947,.T.);
#145=FACE_BOUND('',#948,.T.);
#146=FACE_BOUND('',#949,.T.);
#147=FACE_BOUND('',#1025,.T.);
#148=FACE_BOUND('',#1035,.T.);
#149=FACE_BOUND('',#1039,.T.);
#150=FACE_BOUND('',#1081,.T.);
#151=FACE_BOUND('',#1083,.T.);
#152=FACE_BOUND('',#1084,.T.);
#153=FACE_BOUND('',#1085,.T.);
#154=FACE_BOUND('',#1088,.T.);
#155=FACE_BOUND('',#1089,.T.);
#156=FACE_BOUND('',#1090,.T.);
#157=FACE_BOUND('',#1095,.T.);
#158=FACE_BOUND('',#1111,.T.);
#159=FACE_BOUND('',#1112,.T.);
#160=FACE_BOUND('',#1142,.T.);
#161=FACE_BOUND('',#1230,.T.);
#162=FACE_BOUND('',#1234,.T.);
#163=FACE_BOUND('',#1236,.T.);
#164=FACE_BOUND('',#1241,.T.);
#165=FACE_BOUND('',#1248,.T.);
#166=FACE_BOUND('',#1250,.T.);
#167=FACE_BOUND('',#1253,.T.);
#168=FACE_BOUND('',#1261,.T.);
#169=FACE_BOUND('',#1289,.T.);
#170=FACE_BOUND('',#1290,.T.);
#171=FACE_BOUND('',#1291,.T.);
#172=FACE_BOUND('',#1292,.T.);
#173=FACE_BOUND('',#1293,.T.);
#174=FACE_BOUND('',#1294,.T.);
#175=FACE_BOUND('',#1295,.T.);
#176=FACE_BOUND('',#1296,.T.);
#177=FACE_BOUND('',#1297,.T.);
#178=FACE_BOUND('',#1299,.T.);
#179=FACE_BOUND('',#1300,.T.);
#180=FACE_BOUND('',#1301,.T.);
#181=FACE_BOUND('',#1302,.T.);
#182=FACE_BOUND('',#1303,.T.);
#183=FACE_BOUND('',#1304,.T.);
#184=FACE_BOUND('',#1305,.T.);
#185=FACE_BOUND('',#1306,.T.);
#186=FACE_BOUND('',#1307,.T.);
#187=FACE_BOUND('',#1338,.T.);
#188=FACE_BOUND('',#1339,.T.);
#189=FACE_BOUND('',#1341,.T.);
#190=FACE_BOUND('',#1342,.T.);
#191=FACE_BOUND('',#1346,.T.);
#192=FACE_BOUND('',#1348,.T.);
#193=FACE_BOUND('',#1349,.T.);
#194=FACE_BOUND('',#1352,.T.);
#195=FACE_BOUND('',#1353,.T.);
#196=FACE_BOUND('',#1354,.T.);
#197=FACE_BOUND('',#1355,.T.);
#198=FACE_BOUND('',#1357,.T.);
#199=FACE_BOUND('',#1358,.T.);
#200=FACE_BOUND('',#1367,.T.);
#201=FACE_BOUND('',#1369,.T.);
#202=CIRCLE('',#7760,1.5);
#203=CIRCLE('',#7761,1.5);
#204=CIRCLE('',#7763,1.5);
#205=CIRCLE('',#7764,1.5);
#206=CIRCLE('',#7769,1.5);
#207=CIRCLE('',#7770,1.5);
#208=CIRCLE('',#7772,1.5);
#209=CIRCLE('',#7773,1.5);
#210=CIRCLE('',#7785,0.25);
#211=CIRCLE('',#7786,0.25);
#212=CIRCLE('',#7787,0.1);
#213=CIRCLE('',#7788,0.1);
#214=CIRCLE('',#7789,0.1);
#215=CIRCLE('',#7790,0.1);
#216=CIRCLE('',#7791,0.1);
#217=CIRCLE('',#7792,0.1);
#218=CIRCLE('',#7793,0.1);
#219=CIRCLE('',#7794,0.1);
#220=CIRCLE('',#7795,0.1);
#221=CIRCLE('',#7796,0.1);
#222=CIRCLE('',#7797,0.1);
#223=CIRCLE('',#7798,0.1);
#224=CIRCLE('',#7799,0.25);
#225=CIRCLE('',#7800,0.25);
#226=CIRCLE('',#7801,0.1);
#227=CIRCLE('',#7802,0.1);
#228=CIRCLE('',#7803,0.1);
#229=CIRCLE('',#7804,0.1);
#230=CIRCLE('',#7805,0.1);
#231=CIRCLE('',#7806,0.1);
#232=CIRCLE('',#7807,0.1);
#233=CIRCLE('',#7808,0.1);
#234=CIRCLE('',#7809,0.1);
#235=CIRCLE('',#7810,0.1);
#236=CIRCLE('',#7811,0.1);
#237=CIRCLE('',#7812,0.1);
#238=CIRCLE('',#7814,0.25);
#239=CIRCLE('',#7815,0.1);
#240=CIRCLE('',#7816,0.1);
#241=CIRCLE('',#7817,0.1);
#242=CIRCLE('',#7818,0.1);
#243=CIRCLE('',#7819,0.1);
#244=CIRCLE('',#7820,0.1);
#245=CIRCLE('',#7821,0.1);
#246=CIRCLE('',#7822,0.1);
#247=CIRCLE('',#7823,0.1);
#248=CIRCLE('',#7824,0.1);
#249=CIRCLE('',#7825,0.1);
#250=CIRCLE('',#7826,0.1);
#251=CIRCLE('',#7827,0.25);
#252=CIRCLE('',#7828,0.25);
#253=CIRCLE('',#7829,0.1);
#254=CIRCLE('',#7830,0.1);
#255=CIRCLE('',#7831,0.1);
#256=CIRCLE('',#7832,0.1);
#257=CIRCLE('',#7833,0.1);
#258=CIRCLE('',#7834,0.1);
#259=CIRCLE('',#7835,0.1);
#260=CIRCLE('',#7836,0.1);
#261=CIRCLE('',#7837,0.1);
#262=CIRCLE('',#7838,0.1);
#263=CIRCLE('',#7839,0.1);
#264=CIRCLE('',#7840,0.1);
#265=CIRCLE('',#7841,0.25);
#266=CIRCLE('',#7926,5.50000000000002);
#267=CIRCLE('',#7928,4.87499999999998);
#268=CIRCLE('',#7929,9.69802293772018);
#269=CIRCLE('',#7930,9.69802293772018);
#270=CIRCLE('',#7932,9.35356977359954);
#271=CIRCLE('',#7933,5.39999999999999);
#272=CIRCLE('',#7935,4.99999999999999);
#273=CIRCLE('',#7936,4.99999999999999);
#274=CIRCLE('',#7937,4.99999999999999);
#275=CIRCLE('',#7938,5.38205397826848);
#276=CIRCLE('',#7939,8.51562500000001);
#277=CIRCLE('',#7940,13.4735561682857);
#278=CIRCLE('',#7941,13.4735561682857);
#279=CIRCLE('',#7943,13.1750382262103);
#280=CIRCLE('',#7945,0.3);
#281=CIRCLE('',#7947,0.4);
#282=CIRCLE('',#7949,0.4);
#283=CIRCLE('',#7951,0.4);
#284=CIRCLE('',#7961,0.35);
#285=CIRCLE('',#7962,0.35);
#286=CIRCLE('',#7967,1.);
#287=CIRCLE('',#7968,1.);
#288=CIRCLE('',#7989,0.999999999999999);
#289=CIRCLE('',#7990,0.999999999999999);
#290=CIRCLE('',#7993,0.999999999999996);
#291=CIRCLE('',#7994,0.999999999999996);
#292=CIRCLE('',#7997,1.00000000000001);
#293=CIRCLE('',#7998,1.00000000000001);
#294=CIRCLE('',#8001,1.00000000000001);
#295=CIRCLE('',#8002,1.00000000000001);
#296=CIRCLE('',#8005,1.00000000000001);
#297=CIRCLE('',#8006,1.00000000000001);
#298=CIRCLE('',#8013,1.00000000000001);
#299=CIRCLE('',#8014,1.00000000000001);
#300=CIRCLE('',#8017,1.24999999999999);
#301=CIRCLE('',#8018,1.24999999999999);
#302=CIRCLE('',#8019,1.25);
#303=CIRCLE('',#8020,1.24999999999999);
#304=CIRCLE('',#8021,1.24999999999999);
#305=CIRCLE('',#8022,1.25);
#306=CIRCLE('',#8023,1.775);
#307=CIRCLE('',#8024,1.775);
#308=CIRCLE('',#8026,1.775);
#309=CIRCLE('',#8027,2.9);
#310=CIRCLE('',#8029,1.24999999999999);
#311=CIRCLE('',#8030,1.25);
#312=CIRCLE('',#8031,1.24999999999999);
#313=CIRCLE('',#8032,1.24999999999999);
#314=CIRCLE('',#8033,1.25);
#315=CIRCLE('',#8034,1.24999999999999);
#316=CIRCLE('',#8035,2.9);
#317=CIRCLE('',#8036,1.99999999999998);
#318=CIRCLE('',#8037,2.);
#319=CIRCLE('',#8038,2.);
#320=CIRCLE('',#8039,2.00000000000439);
#321=CIRCLE('',#8042,1.775);
#322=CIRCLE('',#8053,1.99999999999998);
#323=CIRCLE('',#8056,2.);
#324=CIRCLE('',#8059,2.);
#325=CIRCLE('',#8062,2.00000000000439);
#326=CIRCLE('',#8180,1.);
#327=CIRCLE('',#8184,1.);
#328=CIRCLE('',#8186,1.);
#329=CIRCLE('',#8189,1.);
#330=CIRCLE('',#8200,18.7919204545455);
#331=CIRCLE('',#8201,1.);
#332=CIRCLE('',#8203,18.7919204545455);
#333=CIRCLE('',#8205,1.);
#334=CIRCLE('',#8208,1.);
#335=CIRCLE('',#8209,1.);
#336=CIRCLE('',#8220,1.5);
#337=CIRCLE('',#8221,1.5);
#338=CIRCLE('',#8223,1.5);
#339=CIRCLE('',#8224,1.5);
#340=CIRCLE('',#8226,1.5);
#341=CIRCLE('',#8227,1.5);
#342=CIRCLE('',#8229,1.5);
#343=CIRCLE('',#8230,1.5);
#344=CIRCLE('',#8233,2.99999999999999);
#345=CIRCLE('',#8234,2.99999999999999);
#346=CIRCLE('',#8237,3.00000000000001);
#347=CIRCLE('',#8238,3.00000000000001);
#348=CIRCLE('',#8241,8.5);
#349=CIRCLE('',#8242,8.5);
#350=CIRCLE('',#8244,21.);
#351=CIRCLE('',#8245,21.);
#352=CIRCLE('',#8248,43.5);
#353=CIRCLE('',#8249,43.5);
#354=CIRCLE('',#8251,1.05);
#355=CIRCLE('',#8252,1.05);
#356=CIRCLE('',#8254,1.05);
#357=CIRCLE('',#8255,1.05);
#358=CIRCLE('',#8257,1.05);
#359=CIRCLE('',#8258,1.05);
#360=CIRCLE('',#8260,12.5);
#361=CIRCLE('',#8261,12.5);
#362=CIRCLE('',#8285,40.);
#363=CIRCLE('',#8286,5.);
#364=CIRCLE('',#8287,17.5);
#365=CIRCLE('',#8289,8.5);
#366=CIRCLE('',#8290,8.5);
#367=CIRCLE('',#8292,21.);
#368=CIRCLE('',#8293,21.);
#369=CIRCLE('',#8296,43.5);
#370=CIRCLE('',#8297,43.5);
#371=CIRCLE('',#8300,40.);
#372=CIRCLE('',#8301,40.);
#373=CIRCLE('',#8304,17.5);
#374=CIRCLE('',#8308,5.);
#375=CIRCLE('',#8311,3.);
#376=CIRCLE('',#8312,3.);
#377=CIRCLE('',#8315,3.);
#378=CIRCLE('',#8317,3.);
#379=CIRCLE('',#8318,1.05);
#380=CIRCLE('',#8319,1.05);
#381=CIRCLE('',#8320,1.05);
#382=CIRCLE('',#8324,1.05);
#383=CIRCLE('',#8327,1.05);
#384=CIRCLE('',#8330,1.05);
#385=CIRCLE('',#8333,1.00000000000001);
#386=CIRCLE('',#8334,1.00000000000001);
#387=CIRCLE('',#8336,1.00000000000001);
#388=CIRCLE('',#8337,1.00000000000001);
#389=CYLINDRICAL_SURFACE('',#7759,1.5);
#390=CYLINDRICAL_SURFACE('',#7762,1.5);
#391=CYLINDRICAL_SURFACE('',#7768,1.5);
#392=CYLINDRICAL_SURFACE('',#7771,1.5);
#393=CYLINDRICAL_SURFACE('',#7884,0.1);
#394=CYLINDRICAL_SURFACE('',#7885,0.1);
#395=CYLINDRICAL_SURFACE('',#7886,0.1);
#396=CYLINDRICAL_SURFACE('',#7887,0.1);
#397=CYLINDRICAL_SURFACE('',#7888,0.1);
#398=CYLINDRICAL_SURFACE('',#7889,0.1);
#399=CYLINDRICAL_SURFACE('',#7890,0.1);
#400=CYLINDRICAL_SURFACE('',#7891,0.1);
#401=CYLINDRICAL_SURFACE('',#7892,0.1);
#402=CYLINDRICAL_SURFACE('',#7893,0.1);
#403=CYLINDRICAL_SURFACE('',#7894,0.1);
#404=CYLINDRICAL_SURFACE('',#7895,0.1);
#405=CYLINDRICAL_SURFACE('',#7896,0.1);
#406=CYLINDRICAL_SURFACE('',#7897,0.1);
#407=CYLINDRICAL_SURFACE('',#7898,0.1);
#408=CYLINDRICAL_SURFACE('',#7899,0.1);
#409=CYLINDRICAL_SURFACE('',#7900,0.1);
#410=CYLINDRICAL_SURFACE('',#7901,0.1);
#411=CYLINDRICAL_SURFACE('',#7902,0.1);
#412=CYLINDRICAL_SURFACE('',#7903,0.1);
#413=CYLINDRICAL_SURFACE('',#7904,0.1);
#414=CYLINDRICAL_SURFACE('',#7905,0.1);
#415=CYLINDRICAL_SURFACE('',#7906,0.1);
#416=CYLINDRICAL_SURFACE('',#7907,0.1);
#417=CYLINDRICAL_SURFACE('',#7908,0.25);
#418=CYLINDRICAL_SURFACE('',#7909,0.25);
#419=CYLINDRICAL_SURFACE('',#7910,0.25);
#420=CYLINDRICAL_SURFACE('',#7911,0.25);
#421=CYLINDRICAL_SURFACE('',#7934,4.99999999999999);
#422=CYLINDRICAL_SURFACE('',#7960,0.35);
#423=CYLINDRICAL_SURFACE('',#7966,1.);
#424=CYLINDRICAL_SURFACE('',#7988,0.999999999999999);
#425=CYLINDRICAL_SURFACE('',#7992,0.999999999999996);
#426=CYLINDRICAL_SURFACE('',#7996,1.00000000000001);
#427=CYLINDRICAL_SURFACE('',#8000,1.00000000000001);
#428=CYLINDRICAL_SURFACE('',#8004,1.00000000000001);
#429=CYLINDRICAL_SURFACE('',#8012,1.00000000000001);
#430=CYLINDRICAL_SURFACE('',#8040,1.775);
#431=CYLINDRICAL_SURFACE('',#8043,1.775);
#432=CYLINDRICAL_SURFACE('',#8052,1.99999999999998);
#433=CYLINDRICAL_SURFACE('',#8055,2.);
#434=CYLINDRICAL_SURFACE('',#8058,2.);
#435=CYLINDRICAL_SURFACE('',#8061,2.00000000000439);
#436=CYLINDRICAL_SURFACE('',#8081,1.25);
#437=CYLINDRICAL_SURFACE('',#8083,1.24999999999999);
#438=CYLINDRICAL_SURFACE('',#8085,1.24999999999999);
#439=CYLINDRICAL_SURFACE('',#8087,1.25);
#440=CYLINDRICAL_SURFACE('',#8089,1.24999999999999);
#441=CYLINDRICAL_SURFACE('',#8091,1.24999999999999);
#442=CYLINDRICAL_SURFACE('',#8187,1.);
#443=CYLINDRICAL_SURFACE('',#8188,1.);
#444=CYLINDRICAL_SURFACE('',#8202,18.7919204545455);
#445=CYLINDRICAL_SURFACE('',#8206,1.);
#446=CYLINDRICAL_SURFACE('',#8207,1.);
#447=CYLINDRICAL_SURFACE('',#8219,1.5);
#448=CYLINDRICAL_SURFACE('',#8222,1.5);
#449=CYLINDRICAL_SURFACE('',#8225,1.5);
#450=CYLINDRICAL_SURFACE('',#8228,1.5);
#451=CYLINDRICAL_SURFACE('',#8232,2.99999999999999);
#452=CYLINDRICAL_SURFACE('',#8236,3.00000000000001);
#453=CYLINDRICAL_SURFACE('',#8240,8.5);
#454=CYLINDRICAL_SURFACE('',#8243,21.);
#455=CYLINDRICAL_SURFACE('',#8247,43.5);
#456=CYLINDRICAL_SURFACE('',#8250,1.05);
#457=CYLINDRICAL_SURFACE('',#8253,1.05);
#458=CYLINDRICAL_SURFACE('',#8256,1.05);
#459=CYLINDRICAL_SURFACE('',#8259,12.5);
#460=CYLINDRICAL_SURFACE('',#8288,8.5);
#461=CYLINDRICAL_SURFACE('',#8291,21.);
#462=CYLINDRICAL_SURFACE('',#8295,43.5);
#463=CYLINDRICAL_SURFACE('',#8299,40.);
#464=CYLINDRICAL_SURFACE('',#8303,17.5);
#465=CYLINDRICAL_SURFACE('',#8307,5.);
#466=CYLINDRICAL_SURFACE('',#8314,3.);
#467=CYLINDRICAL_SURFACE('',#8322,3.);
#468=CYLINDRICAL_SURFACE('',#8325,1.05);
#469=CYLINDRICAL_SURFACE('',#8328,1.05);
#470=CYLINDRICAL_SURFACE('',#8331,1.05);
#471=CYLINDRICAL_SURFACE('',#8340,1.00000000000001);
#472=CYLINDRICAL_SURFACE('',#8342,1.00000000000001);
#473=FACE_OUTER_BOUND('',#884,.T.);
#474=FACE_OUTER_BOUND('',#885,.T.);
#475=FACE_OUTER_BOUND('',#886,.T.);
#476=FACE_OUTER_BOUND('',#887,.T.);
#477=FACE_OUTER_BOUND('',#888,.T.);
#478=FACE_OUTER_BOUND('',#889,.T.);
#479=FACE_OUTER_BOUND('',#890,.T.);
#480=FACE_OUTER_BOUND('',#891,.T.);
#481=FACE_OUTER_BOUND('',#892,.T.);
#482=FACE_OUTER_BOUND('',#893,.T.);
#483=FACE_OUTER_BOUND('',#894,.T.);
#484=FACE_OUTER_BOUND('',#895,.T.);
#485=FACE_OUTER_BOUND('',#896,.T.);
#486=FACE_OUTER_BOUND('',#897,.T.);
#487=FACE_OUTER_BOUND('',#898,.T.);
#488=FACE_OUTER_BOUND('',#899,.T.);
#489=FACE_OUTER_BOUND('',#900,.T.);
#490=FACE_OUTER_BOUND('',#901,.T.);
#491=FACE_OUTER_BOUND('',#902,.T.);
#492=FACE_OUTER_BOUND('',#903,.T.);
#493=FACE_OUTER_BOUND('',#904,.T.);
#494=FACE_OUTER_BOUND('',#905,.T.);
#495=FACE_OUTER_BOUND('',#906,.T.);
#496=FACE_OUTER_BOUND('',#907,.T.);
#497=FACE_OUTER_BOUND('',#908,.T.);
#498=FACE_OUTER_BOUND('',#909,.T.);
#499=FACE_OUTER_BOUND('',#910,.T.);
#500=FACE_OUTER_BOUND('',#911,.T.);
#501=FACE_OUTER_BOUND('',#912,.T.);
#502=FACE_OUTER_BOUND('',#922,.T.);
#503=FACE_OUTER_BOUND('',#932,.T.);
#504=FACE_OUTER_BOUND('',#933,.T.);
#505=FACE_OUTER_BOUND('',#934,.T.);
#506=FACE_OUTER_BOUND('',#935,.T.);
#507=FACE_OUTER_BOUND('',#936,.T.);
#508=FACE_OUTER_BOUND('',#937,.T.);
#509=FACE_OUTER_BOUND('',#938,.T.);
#510=FACE_OUTER_BOUND('',#944,.T.);
#511=FACE_OUTER_BOUND('',#950,.T.);
#512=FACE_OUTER_BOUND('',#951,.T.);
#513=FACE_OUTER_BOUND('',#952,.T.);
#514=FACE_OUTER_BOUND('',#953,.T.);
#515=FACE_OUTER_BOUND('',#954,.T.);
#516=FACE_OUTER_BOUND('',#955,.T.);
#517=FACE_OUTER_BOUND('',#956,.T.);
#518=FACE_OUTER_BOUND('',#957,.T.);
#519=FACE_OUTER_BOUND('',#958,.T.);
#520=FACE_OUTER_BOUND('',#959,.T.);
#521=FACE_OUTER_BOUND('',#960,.T.);
#522=FACE_OUTER_BOUND('',#961,.T.);
#523=FACE_OUTER_BOUND('',#962,.T.);
#524=FACE_OUTER_BOUND('',#963,.T.);
#525=FACE_OUTER_BOUND('',#964,.T.);
#526=FACE_OUTER_BOUND('',#965,.T.);
#527=FACE_OUTER_BOUND('',#966,.T.);
#528=FACE_OUTER_BOUND('',#967,.T.);
#529=FACE_OUTER_BOUND('',#968,.T.);
#530=FACE_OUTER_BOUND('',#969,.T.);
#531=FACE_OUTER_BOUND('',#970,.T.);
#532=FACE_OUTER_BOUND('',#971,.T.);
#533=FACE_OUTER_BOUND('',#972,.T.);
#534=FACE_OUTER_BOUND('',#973,.T.);
#535=FACE_OUTER_BOUND('',#974,.T.);
#536=FACE_OUTER_BOUND('',#975,.T.);
#537=FACE_OUTER_BOUND('',#976,.T.);
#538=FACE_OUTER_BOUND('',#977,.T.);
#539=FACE_OUTER_BOUND('',#978,.T.);
#540=FACE_OUTER_BOUND('',#979,.T.);
#541=FACE_OUTER_BOUND('',#980,.T.);
#542=FACE_OUTER_BOUND('',#981,.T.);
#543=FACE_OUTER_BOUND('',#982,.T.);
#544=FACE_OUTER_BOUND('',#983,.T.);
#545=FACE_OUTER_BOUND('',#984,.T.);
#546=FACE_OUTER_BOUND('',#985,.T.);
#547=FACE_OUTER_BOUND('',#986,.T.);
#548=FACE_OUTER_BOUND('',#987,.T.);
#549=FACE_OUTER_BOUND('',#988,.T.);
#550=FACE_OUTER_BOUND('',#989,.T.);
#551=FACE_OUTER_BOUND('',#990,.T.);
#552=FACE_OUTER_BOUND('',#991,.T.);
#553=FACE_OUTER_BOUND('',#992,.T.);
#554=FACE_OUTER_BOUND('',#993,.T.);
#555=FACE_OUTER_BOUND('',#994,.T.);
#556=FACE_OUTER_BOUND('',#995,.T.);
#557=FACE_OUTER_BOUND('',#996,.T.);
#558=FACE_OUTER_BOUND('',#997,.T.);
#559=FACE_OUTER_BOUND('',#998,.T.);
#560=FACE_OUTER_BOUND('',#999,.T.);
#561=FACE_OUTER_BOUND('',#1000,.T.);
#562=FACE_OUTER_BOUND('',#1001,.T.);
#563=FACE_OUTER_BOUND('',#1002,.T.);
#564=FACE_OUTER_BOUND('',#1003,.T.);
#565=FACE_OUTER_BOUND('',#1004,.T.);
#566=FACE_OUTER_BOUND('',#1005,.T.);
#567=FACE_OUTER_BOUND('',#1006,.T.);
#568=FACE_OUTER_BOUND('',#1007,.T.);
#569=FACE_OUTER_BOUND('',#1008,.T.);
#570=FACE_OUTER_BOUND('',#1009,.T.);
#571=FACE_OUTER_BOUND('',#1010,.T.);
#572=FACE_OUTER_BOUND('',#1011,.T.);
#573=FACE_OUTER_BOUND('',#1012,.T.);
#574=FACE_OUTER_BOUND('',#1013,.T.);
#575=FACE_OUTER_BOUND('',#1014,.T.);
#576=FACE_OUTER_BOUND('',#1015,.T.);
#577=FACE_OUTER_BOUND('',#1016,.T.);
#578=FACE_OUTER_BOUND('',#1017,.T.);
#579=FACE_OUTER_BOUND('',#1018,.T.);
#580=FACE_OUTER_BOUND('',#1019,.T.);
#581=FACE_OUTER_BOUND('',#1020,.T.);
#582=FACE_OUTER_BOUND('',#1021,.T.);
#583=FACE_OUTER_BOUND('',#1022,.T.);
#584=FACE_OUTER_BOUND('',#1023,.T.);
#585=FACE_OUTER_BOUND('',#1024,.T.);
#586=FACE_OUTER_BOUND('',#1026,.T.);
#587=FACE_OUTER_BOUND('',#1027,.T.);
#588=FACE_OUTER_BOUND('',#1028,.T.);
#589=FACE_OUTER_BOUND('',#1029,.T.);
#590=FACE_OUTER_BOUND('',#1030,.T.);
#591=FACE_OUTER_BOUND('',#1031,.T.);
#592=FACE_OUTER_BOUND('',#1032,.T.);
#593=FACE_OUTER_BOUND('',#1033,.T.);
#594=FACE_OUTER_BOUND('',#1034,.T.);
#595=FACE_OUTER_BOUND('',#1036,.T.);
#596=FACE_OUTER_BOUND('',#1037,.T.);
#597=FACE_OUTER_BOUND('',#1038,.T.);
#598=FACE_OUTER_BOUND('',#1040,.T.);
#599=FACE_OUTER_BOUND('',#1041,.T.);
#600=FACE_OUTER_BOUND('',#1042,.T.);
#601=FACE_OUTER_BOUND('',#1043,.T.);
#602=FACE_OUTER_BOUND('',#1044,.T.);
#603=FACE_OUTER_BOUND('',#1045,.T.);
#604=FACE_OUTER_BOUND('',#1046,.T.);
#605=FACE_OUTER_BOUND('',#1047,.T.);
#606=FACE_OUTER_BOUND('',#1048,.T.);
#607=FACE_OUTER_BOUND('',#1049,.T.);
#608=FACE_OUTER_BOUND('',#1050,.T.);
#609=FACE_OUTER_BOUND('',#1051,.T.);
#610=FACE_OUTER_BOUND('',#1052,.T.);
#611=FACE_OUTER_BOUND('',#1053,.T.);
#612=FACE_OUTER_BOUND('',#1054,.T.);
#613=FACE_OUTER_BOUND('',#1055,.T.);
#614=FACE_OUTER_BOUND('',#1056,.T.);
#615=FACE_OUTER_BOUND('',#1057,.T.);
#616=FACE_OUTER_BOUND('',#1058,.T.);
#617=FACE_OUTER_BOUND('',#1059,.T.);
#618=FACE_OUTER_BOUND('',#1060,.T.);
#619=FACE_OUTER_BOUND('',#1061,.T.);
#620=FACE_OUTER_BOUND('',#1062,.T.);
#621=FACE_OUTER_BOUND('',#1063,.T.);
#622=FACE_OUTER_BOUND('',#1064,.T.);
#623=FACE_OUTER_BOUND('',#1065,.T.);
#624=FACE_OUTER_BOUND('',#1066,.T.);
#625=FACE_OUTER_BOUND('',#1067,.T.);
#626=FACE_OUTER_BOUND('',#1068,.T.);
#627=FACE_OUTER_BOUND('',#1069,.T.);
#628=FACE_OUTER_BOUND('',#1070,.T.);
#629=FACE_OUTER_BOUND('',#1071,.T.);
#630=FACE_OUTER_BOUND('',#1072,.T.);
#631=FACE_OUTER_BOUND('',#1073,.T.);
#632=FACE_OUTER_BOUND('',#1074,.T.);
#633=FACE_OUTER_BOUND('',#1075,.T.);
#634=FACE_OUTER_BOUND('',#1076,.T.);
#635=FACE_OUTER_BOUND('',#1077,.T.);
#636=FACE_OUTER_BOUND('',#1078,.T.);
#637=FACE_OUTER_BOUND('',#1079,.T.);
#638=FACE_OUTER_BOUND('',#1080,.T.);
#639=FACE_OUTER_BOUND('',#1082,.T.);
#640=FACE_OUTER_BOUND('',#1086,.T.);
#641=FACE_OUTER_BOUND('',#1087,.T.);
#642=FACE_OUTER_BOUND('',#1091,.T.);
#643=FACE_OUTER_BOUND('',#1092,.T.);
#644=FACE_OUTER_BOUND('',#1093,.T.);
#645=FACE_OUTER_BOUND('',#1094,.T.);
#646=FACE_OUTER_BOUND('',#1096,.T.);
#647=FACE_OUTER_BOUND('',#1097,.T.);
#648=FACE_OUTER_BOUND('',#1098,.T.);
#649=FACE_OUTER_BOUND('',#1099,.T.);
#650=FACE_OUTER_BOUND('',#1100,.T.);
#651=FACE_OUTER_BOUND('',#1101,.T.);
#652=FACE_OUTER_BOUND('',#1102,.T.);
#653=FACE_OUTER_BOUND('',#1103,.T.);
#654=FACE_OUTER_BOUND('',#1104,.T.);
#655=FACE_OUTER_BOUND('',#1105,.T.);
#656=FACE_OUTER_BOUND('',#1106,.T.);
#657=FACE_OUTER_BOUND('',#1107,.T.);
#658=FACE_OUTER_BOUND('',#1108,.T.);
#659=FACE_OUTER_BOUND('',#1109,.T.);
#660=FACE_OUTER_BOUND('',#1110,.T.);
#661=FACE_OUTER_BOUND('',#1113,.T.);
#662=FACE_OUTER_BOUND('',#1114,.T.);
#663=FACE_OUTER_BOUND('',#1115,.T.);
#664=FACE_OUTER_BOUND('',#1116,.T.);
#665=FACE_OUTER_BOUND('',#1117,.T.);
#666=FACE_OUTER_BOUND('',#1118,.T.);
#667=FACE_OUTER_BOUND('',#1119,.T.);
#668=FACE_OUTER_BOUND('',#1120,.T.);
#669=FACE_OUTER_BOUND('',#1121,.T.);
#670=FACE_OUTER_BOUND('',#1122,.T.);
#671=FACE_OUTER_BOUND('',#1123,.T.);
#672=FACE_OUTER_BOUND('',#1124,.T.);
#673=FACE_OUTER_BOUND('',#1125,.T.);
#674=FACE_OUTER_BOUND('',#1126,.T.);
#675=FACE_OUTER_BOUND('',#1127,.T.);
#676=FACE_OUTER_BOUND('',#1128,.T.);
#677=FACE_OUTER_BOUND('',#1129,.T.);
#678=FACE_OUTER_BOUND('',#1130,.T.);
#679=FACE_OUTER_BOUND('',#1131,.T.);
#680=FACE_OUTER_BOUND('',#1132,.T.);
#681=FACE_OUTER_BOUND('',#1133,.T.);
#682=FACE_OUTER_BOUND('',#1134,.T.);
#683=FACE_OUTER_BOUND('',#1135,.T.);
#684=FACE_OUTER_BOUND('',#1136,.T.);
#685=FACE_OUTER_BOUND('',#1137,.T.);
#686=FACE_OUTER_BOUND('',#1138,.T.);
#687=FACE_OUTER_BOUND('',#1139,.T.);
#688=FACE_OUTER_BOUND('',#1140,.T.);
#689=FACE_OUTER_BOUND('',#1141,.T.);
#690=FACE_OUTER_BOUND('',#1143,.T.);
#691=FACE_OUTER_BOUND('',#1144,.T.);
#692=FACE_OUTER_BOUND('',#1145,.T.);
#693=FACE_OUTER_BOUND('',#1146,.T.);
#694=FACE_OUTER_BOUND('',#1147,.T.);
#695=FACE_OUTER_BOUND('',#1148,.T.);
#696=FACE_OUTER_BOUND('',#1149,.T.);
#697=FACE_OUTER_BOUND('',#1150,.T.);
#698=FACE_OUTER_BOUND('',#1151,.T.);
#699=FACE_OUTER_BOUND('',#1152,.T.);
#700=FACE_OUTER_BOUND('',#1153,.T.);
#701=FACE_OUTER_BOUND('',#1154,.T.);
#702=FACE_OUTER_BOUND('',#1155,.T.);
#703=FACE_OUTER_BOUND('',#1156,.T.);
#704=FACE_OUTER_BOUND('',#1157,.T.);
#705=FACE_OUTER_BOUND('',#1158,.T.);
#706=FACE_OUTER_BOUND('',#1159,.T.);
#707=FACE_OUTER_BOUND('',#1160,.T.);
#708=FACE_OUTER_BOUND('',#1161,.T.);
#709=FACE_OUTER_BOUND('',#1162,.T.);
#710=FACE_OUTER_BOUND('',#1163,.T.);
#711=FACE_OUTER_BOUND('',#1164,.T.);
#712=FACE_OUTER_BOUND('',#1165,.T.);
#713=FACE_OUTER_BOUND('',#1166,.T.);
#714=FACE_OUTER_BOUND('',#1167,.T.);
#715=FACE_OUTER_BOUND('',#1168,.T.);
#716=FACE_OUTER_BOUND('',#1169,.T.);
#717=FACE_OUTER_BOUND('',#1170,.T.);
#718=FACE_OUTER_BOUND('',#1171,.T.);
#719=FACE_OUTER_BOUND('',#1172,.T.);
#720=FACE_OUTER_BOUND('',#1173,.T.);
#721=FACE_OUTER_BOUND('',#1174,.T.);
#722=FACE_OUTER_BOUND('',#1175,.T.);
#723=FACE_OUTER_BOUND('',#1176,.T.);
#724=FACE_OUTER_BOUND('',#1177,.T.);
#725=FACE_OUTER_BOUND('',#1178,.T.);
#726=FACE_OUTER_BOUND('',#1179,.T.);
#727=FACE_OUTER_BOUND('',#1180,.T.);
#728=FACE_OUTER_BOUND('',#1181,.T.);
#729=FACE_OUTER_BOUND('',#1182,.T.);
#730=FACE_OUTER_BOUND('',#1183,.T.);
#731=FACE_OUTER_BOUND('',#1184,.T.);
#732=FACE_OUTER_BOUND('',#1185,.T.);
#733=FACE_OUTER_BOUND('',#1186,.T.);
#734=FACE_OUTER_BOUND('',#1187,.T.);
#735=FACE_OUTER_BOUND('',#1188,.T.);
#736=FACE_OUTER_BOUND('',#1189,.T.);
#737=FACE_OUTER_BOUND('',#1190,.T.);
#738=FACE_OUTER_BOUND('',#1191,.T.);
#739=FACE_OUTER_BOUND('',#1192,.T.);
#740=FACE_OUTER_BOUND('',#1193,.T.);
#741=FACE_OUTER_BOUND('',#1194,.T.);
#742=FACE_OUTER_BOUND('',#1195,.T.);
#743=FACE_OUTER_BOUND('',#1196,.T.);
#744=FACE_OUTER_BOUND('',#1197,.T.);
#745=FACE_OUTER_BOUND('',#1198,.T.);
#746=FACE_OUTER_BOUND('',#1199,.T.);
#747=FACE_OUTER_BOUND('',#1200,.T.);
#748=FACE_OUTER_BOUND('',#1201,.T.);
#749=FACE_OUTER_BOUND('',#1202,.T.);
#750=FACE_OUTER_BOUND('',#1203,.T.);
#751=FACE_OUTER_BOUND('',#1204,.T.);
#752=FACE_OUTER_BOUND('',#1205,.T.);
#753=FACE_OUTER_BOUND('',#1206,.T.);
#754=FACE_OUTER_BOUND('',#1207,.T.);
#755=FACE_OUTER_BOUND('',#1208,.T.);
#756=FACE_OUTER_BOUND('',#1209,.T.);
#757=FACE_OUTER_BOUND('',#1210,.T.);
#758=FACE_OUTER_BOUND('',#1211,.T.);
#759=FACE_OUTER_BOUND('',#1212,.T.);
#760=FACE_OUTER_BOUND('',#1213,.T.);
#761=FACE_OUTER_BOUND('',#1214,.T.);
#762=FACE_OUTER_BOUND('',#1215,.T.);
#763=FACE_OUTER_BOUND('',#1216,.T.);
#764=FACE_OUTER_BOUND('',#1217,.T.);
#765=FACE_OUTER_BOUND('',#1218,.T.);
#766=FACE_OUTER_BOUND('',#1219,.T.);
#767=FACE_OUTER_BOUND('',#1220,.T.);
#768=FACE_OUTER_BOUND('',#1221,.T.);
#769=FACE_OUTER_BOUND('',#1222,.T.);
#770=FACE_OUTER_BOUND('',#1223,.T.);
#771=FACE_OUTER_BOUND('',#1224,.T.);
#772=FACE_OUTER_BOUND('',#1225,.T.);
#773=FACE_OUTER_BOUND('',#1226,.T.);
#774=FACE_OUTER_BOUND('',#1227,.T.);
#775=FACE_OUTER_BOUND('',#1228,.T.);
#776=FACE_OUTER_BOUND('',#1229,.T.);
#777=FACE_OUTER_BOUND('',#1231,.T.);
#778=FACE_OUTER_BOUND('',#1232,.T.);
#779=FACE_OUTER_BOUND('',#1233,.T.);
#780=FACE_OUTER_BOUND('',#1235,.T.);
#781=FACE_OUTER_BOUND('',#1237,.T.);
#782=FACE_OUTER_BOUND('',#1238,.T.);
#783=FACE_OUTER_BOUND('',#1239,.T.);
#784=FACE_OUTER_BOUND('',#1240,.T.);
#785=FACE_OUTER_BOUND('',#1242,.T.);
#786=FACE_OUTER_BOUND('',#1243,.T.);
#787=FACE_OUTER_BOUND('',#1244,.T.);
#788=FACE_OUTER_BOUND('',#1245,.T.);
#789=FACE_OUTER_BOUND('',#1246,.T.);
#790=FACE_OUTER_BOUND('',#1247,.T.);
#791=FACE_OUTER_BOUND('',#1249,.T.);
#792=FACE_OUTER_BOUND('',#1251,.T.);
#793=FACE_OUTER_BOUND('',#1252,.T.);
#794=FACE_OUTER_BOUND('',#1254,.T.);
#795=FACE_OUTER_BOUND('',#1255,.T.);
#796=FACE_OUTER_BOUND('',#1256,.T.);
#797=FACE_OUTER_BOUND('',#1257,.T.);
#798=FACE_OUTER_BOUND('',#1258,.T.);
#799=FACE_OUTER_BOUND('',#1259,.T.);
#800=FACE_OUTER_BOUND('',#1260,.T.);
#801=FACE_OUTER_BOUND('',#1262,.T.);
#802=FACE_OUTER_BOUND('',#1263,.T.);
#803=FACE_OUTER_BOUND('',#1264,.T.);
#804=FACE_OUTER_BOUND('',#1265,.T.);
#805=FACE_OUTER_BOUND('',#1266,.T.);
#806=FACE_OUTER_BOUND('',#1267,.T.);
#807=FACE_OUTER_BOUND('',#1268,.T.);
#808=FACE_OUTER_BOUND('',#1269,.T.);
#809=FACE_OUTER_BOUND('',#1270,.T.);
#810=FACE_OUTER_BOUND('',#1271,.T.);
#811=FACE_OUTER_BOUND('',#1272,.T.);
#812=FACE_OUTER_BOUND('',#1273,.T.);
#813=FACE_OUTER_BOUND('',#1274,.T.);
#814=FACE_OUTER_BOUND('',#1275,.T.);
#815=FACE_OUTER_BOUND('',#1276,.T.);
#816=FACE_OUTER_BOUND('',#1277,.T.);
#817=FACE_OUTER_BOUND('',#1278,.T.);
#818=FACE_OUTER_BOUND('',#1279,.T.);
#819=FACE_OUTER_BOUND('',#1280,.T.);
#820=FACE_OUTER_BOUND('',#1281,.T.);
#821=FACE_OUTER_BOUND('',#1282,.T.);
#822=FACE_OUTER_BOUND('',#1283,.T.);
#823=FACE_OUTER_BOUND('',#1284,.T.);
#824=FACE_OUTER_BOUND('',#1285,.T.);
#825=FACE_OUTER_BOUND('',#1286,.T.);
#826=FACE_OUTER_BOUND('',#1287,.T.);
#827=FACE_OUTER_BOUND('',#1288,.T.);
#828=FACE_OUTER_BOUND('',#1298,.T.);
#829=FACE_OUTER_BOUND('',#1308,.T.);
#830=FACE_OUTER_BOUND('',#1309,.T.);
#831=FACE_OUTER_BOUND('',#1310,.T.);
#832=FACE_OUTER_BOUND('',#1311,.T.);
#833=FACE_OUTER_BOUND('',#1312,.T.);
#834=FACE_OUTER_BOUND('',#1313,.T.);
#835=FACE_OUTER_BOUND('',#1314,.T.);
#836=FACE_OUTER_BOUND('',#1315,.T.);
#837=FACE_OUTER_BOUND('',#1316,.T.);
#838=FACE_OUTER_BOUND('',#1317,.T.);
#839=FACE_OUTER_BOUND('',#1318,.T.);
#840=FACE_OUTER_BOUND('',#1319,.T.);
#841=FACE_OUTER_BOUND('',#1320,.T.);
#842=FACE_OUTER_BOUND('',#1321,.T.);
#843=FACE_OUTER_BOUND('',#1322,.T.);
#844=FACE_OUTER_BOUND('',#1323,.T.);
#845=FACE_OUTER_BOUND('',#1324,.T.);
#846=FACE_OUTER_BOUND('',#1325,.T.);
#847=FACE_OUTER_BOUND('',#1326,.T.);
#848=FACE_OUTER_BOUND('',#1327,.T.);
#849=FACE_OUTER_BOUND('',#1328,.T.);
#850=FACE_OUTER_BOUND('',#1329,.T.);
#851=FACE_OUTER_BOUND('',#1330,.T.);
#852=FACE_OUTER_BOUND('',#1331,.T.);
#853=FACE_OUTER_BOUND('',#1332,.T.);
#854=FACE_OUTER_BOUND('',#1333,.T.);
#855=FACE_OUTER_BOUND('',#1334,.T.);
#856=FACE_OUTER_BOUND('',#1335,.T.);
#857=FACE_OUTER_BOUND('',#1336,.T.);
#858=FACE_OUTER_BOUND('',#1337,.T.);
#859=FACE_OUTER_BOUND('',#1340,.T.);
#860=FACE_OUTER_BOUND('',#1343,.T.);
#861=FACE_OUTER_BOUND('',#1344,.T.);
#862=FACE_OUTER_BOUND('',#1345,.T.);
#863=FACE_OUTER_BOUND('',#1347,.T.);
#864=FACE_OUTER_BOUND('',#1350,.T.);
#865=FACE_OUTER_BOUND('',#1351,.T.);
#866=FACE_OUTER_BOUND('',#1356,.T.);
#867=FACE_OUTER_BOUND('',#1359,.T.);
#868=FACE_OUTER_BOUND('',#1360,.T.);
#869=FACE_OUTER_BOUND('',#1361,.T.);
#870=FACE_OUTER_BOUND('',#1362,.T.);
#871=FACE_OUTER_BOUND('',#1363,.T.);
#872=FACE_OUTER_BOUND('',#1364,.T.);
#873=FACE_OUTER_BOUND('',#1365,.T.);
#874=FACE_OUTER_BOUND('',#1366,.T.);
#875=FACE_OUTER_BOUND('',#1368,.T.);
#876=FACE_OUTER_BOUND('',#1370,.T.);
#877=FACE_OUTER_BOUND('',#1371,.T.);
#878=FACE_OUTER_BOUND('',#1372,.T.);
#879=FACE_OUTER_BOUND('',#1373,.T.);
#880=FACE_OUTER_BOUND('',#1374,.T.);
#881=FACE_OUTER_BOUND('',#1375,.T.);
#882=FACE_OUTER_BOUND('',#1376,.T.);
#883=FACE_OUTER_BOUND('',#1377,.T.);
#884=EDGE_LOOP('',(#4826,#4827,#4828,#4829));
#885=EDGE_LOOP('',(#4830,#4831,#4832,#4833));
#886=EDGE_LOOP('',(#4834,#4835,#4836,#4837));
#887=EDGE_LOOP('',(#4838,#4839,#4840,#4841));
#888=EDGE_LOOP('',(#4842,#4843,#4844,#4845));
#889=EDGE_LOOP('',(#4846,#4847,#4848,#4849));
#890=EDGE_LOOP('',(#4850,#4851,#4852,#4853));
#891=EDGE_LOOP('',(#4854,#4855,#4856,#4857));
#892=EDGE_LOOP('',(#4858,#4859,#4860,#4861));
#893=EDGE_LOOP('',(#4862,#4863,#4864,#4865));
#894=EDGE_LOOP('',(#4866,#4867,#4868,#4869));
#895=EDGE_LOOP('',(#4870,#4871,#4872,#4873));
#896=EDGE_LOOP('',(#4874,#4875,#4876,#4877));
#897=EDGE_LOOP('',(#4878,#4879,#4880,#4881));
#898=EDGE_LOOP('',(#4882,#4883,#4884,#4885));
#899=EDGE_LOOP('',(#4886,#4887,#4888,#4889));
#900=EDGE_LOOP('',(#4890,#4891,#4892,#4893));
#901=EDGE_LOOP('',(#4894,#4895,#4896,#4897));
#902=EDGE_LOOP('',(#4898,#4899,#4900,#4901));
#903=EDGE_LOOP('',(#4902,#4903,#4904,#4905));
#904=EDGE_LOOP('',(#4906,#4907,#4908,#4909));
#905=EDGE_LOOP('',(#4910,#4911,#4912,#4913));
#906=EDGE_LOOP('',(#4914,#4915,#4916,#4917));
#907=EDGE_LOOP('',(#4918,#4919,#4920,#4921));
#908=EDGE_LOOP('',(#4922,#4923,#4924,#4925));
#909=EDGE_LOOP('',(#4926,#4927,#4928,#4929));
#910=EDGE_LOOP('',(#4930,#4931,#4932,#4933));
#911=EDGE_LOOP('',(#4934,#4935,#4936,#4937));
#912=EDGE_LOOP('',(#4938,#4939,#4940,#4941));
#913=EDGE_LOOP('',(#4942,#4943,#4944,#4945));
#914=EDGE_LOOP('',(#4946,#4947,#4948,#4949));
#915=EDGE_LOOP('',(#4950));
#916=EDGE_LOOP('',(#4951));
#917=EDGE_LOOP('',(#4952,#4953,#4954,#4955));
#918=EDGE_LOOP('',(#4956,#4957,#4958,#4959));
#919=EDGE_LOOP('',(#4960,#4961,#4962,#4963));
#920=EDGE_LOOP('',(#4964));
#921=EDGE_LOOP('',(#4965));
#922=EDGE_LOOP('',(#4966,#4967,#4968,#4969));
#923=EDGE_LOOP('',(#4970,#4971,#4972,#4973));
#924=EDGE_LOOP('',(#4974,#4975,#4976,#4977));
#925=EDGE_LOOP('',(#4978));
#926=EDGE_LOOP('',(#4979));
#927=EDGE_LOOP('',(#4980,#4981,#4982,#4983));
#928=EDGE_LOOP('',(#4984,#4985,#4986,#4987));
#929=EDGE_LOOP('',(#4988,#4989,#4990,#4991));
#930=EDGE_LOOP('',(#4992));
#931=EDGE_LOOP('',(#4993));
#932=EDGE_LOOP('',(#4994,#4995,#4996,#4997));
#933=EDGE_LOOP('',(#4998,#4999,#5000,#5001));
#934=EDGE_LOOP('',(#5002,#5003,#5004,#5005));
#935=EDGE_LOOP('',(#5006,#5007,#5008,#5009));
#936=EDGE_LOOP('',(#5010,#5011,#5012,#5013));
#937=EDGE_LOOP('',(#5014,#5015,#5016,#5017));
#938=EDGE_LOOP('',(#5018,#5019,#5020,#5021,#5022,#5023,#5024,#5025,#5026,
#5027,#5028,#5029,#5030,#5031,#5032,#5033,#5034,#5035,#5036,#5037,#5038,
#5039,#5040,#5041,#5042,#5043,#5044,#5045,#5046,#5047,#5048,#5049,#5050,
#5051,#5052,#5053,#5054,#5055,#5056,#5057,#5058,#5059,#5060,#5061,#5062,
#5063,#5064,#5065,#5066,#5067,#5068,#5069,#5070,#5071,#5072,#5073));
#939=EDGE_LOOP('',(#5074,#5075,#5076,#5077));
#940=EDGE_LOOP('',(#5078,#5079,#5080,#5081));
#941=EDGE_LOOP('',(#5082,#5083,#5084,#5085));
#942=EDGE_LOOP('',(#5086,#5087,#5088,#5089));
#943=EDGE_LOOP('',(#5090,#5091,#5092,#5093));
#944=EDGE_LOOP('',(#5094,#5095,#5096,#5097,#5098,#5099,#5100,#5101,#5102,
#5103,#5104,#5105,#5106,#5107,#5108,#5109,#5110,#5111,#5112,#5113,#5114,
#5115,#5116,#5117,#5118,#5119,#5120,#5121,#5122,#5123,#5124,#5125,#5126,
#5127,#5128,#5129,#5130,#5131,#5132,#5133,#5134,#5135,#5136,#5137,#5138,
#5139,#5140,#5141,#5142,#5143,#5144,#5145,#5146,#5147,#5148,#5149));
#945=EDGE_LOOP('',(#5150,#5151,#5152,#5153));
#946=EDGE_LOOP('',(#5154,#5155,#5156,#5157));
#947=EDGE_LOOP('',(#5158,#5159,#5160,#5161));
#948=EDGE_LOOP('',(#5162,#5163,#5164,#5165));
#949=EDGE_LOOP('',(#5166,#5167,#5168,#5169));
#950=EDGE_LOOP('',(#5170,#5171,#5172,#5173));
#951=EDGE_LOOP('',(#5174,#5175,#5176,#5177));
#952=EDGE_LOOP('',(#5178,#5179,#5180,#5181));
#953=EDGE_LOOP('',(#5182,#5183,#5184,#5185));
#954=EDGE_LOOP('',(#5186,#5187,#5188,#5189));
#955=EDGE_LOOP('',(#5190,#5191,#5192,#5193));
#956=EDGE_LOOP('',(#5194,#5195,#5196,#5197));
#957=EDGE_LOOP('',(#5198,#5199,#5200,#5201));
#958=EDGE_LOOP('',(#5202,#5203,#5204,#5205));
#959=EDGE_LOOP('',(#5206,#5207,#5208,#5209));
#960=EDGE_LOOP('',(#5210,#5211,#5212,#5213));
#961=EDGE_LOOP('',(#5214,#5215,#5216,#5217));
#962=EDGE_LOOP('',(#5218,#5219,#5220,#5221));
#963=EDGE_LOOP('',(#5222,#5223,#5224,#5225));
#964=EDGE_LOOP('',(#5226,#5227,#5228,#5229));
#965=EDGE_LOOP('',(#5230,#5231,#5232,#5233));
#966=EDGE_LOOP('',(#5234,#5235,#5236,#5237));
#967=EDGE_LOOP('',(#5238,#5239,#5240,#5241));
#968=EDGE_LOOP('',(#5242,#5243,#5244,#5245));
#969=EDGE_LOOP('',(#5246,#5247,#5248,#5249));
#970=EDGE_LOOP('',(#5250,#5251,#5252,#5253));
#971=EDGE_LOOP('',(#5254,#5255,#5256,#5257));
#972=EDGE_LOOP('',(#5258,#5259,#5260,#5261));
#973=EDGE_LOOP('',(#5262,#5263,#5264,#5265));
#974=EDGE_LOOP('',(#5266,#5267,#5268,#5269));
#975=EDGE_LOOP('',(#5270,#5271,#5272,#5273));
#976=EDGE_LOOP('',(#5274,#5275,#5276,#5277));
#977=EDGE_LOOP('',(#5278,#5279,#5280,#5281));
#978=EDGE_LOOP('',(#5282,#5283,#5284,#5285));
#979=EDGE_LOOP('',(#5286,#5287,#5288,#5289));
#980=EDGE_LOOP('',(#5290,#5291,#5292,#5293));
#981=EDGE_LOOP('',(#5294,#5295,#5296,#5297));
#982=EDGE_LOOP('',(#5298,#5299,#5300,#5301));
#983=EDGE_LOOP('',(#5302,#5303,#5304,#5305));
#984=EDGE_LOOP('',(#5306,#5307,#5308,#5309));
#985=EDGE_LOOP('',(#5310,#5311,#5312,#5313));
#986=EDGE_LOOP('',(#5314,#5315,#5316,#5317));
#987=EDGE_LOOP('',(#5318,#5319,#5320,#5321));
#988=EDGE_LOOP('',(#5322,#5323,#5324,#5325));
#989=EDGE_LOOP('',(#5326,#5327,#5328,#5329));
#990=EDGE_LOOP('',(#5330,#5331,#5332,#5333));
#991=EDGE_LOOP('',(#5334,#5335,#5336,#5337));
#992=EDGE_LOOP('',(#5338,#5339,#5340,#5341));
#993=EDGE_LOOP('',(#5342,#5343,#5344,#5345));
#994=EDGE_LOOP('',(#5346,#5347,#5348,#5349));
#995=EDGE_LOOP('',(#5350,#5351,#5352,#5353));
#996=EDGE_LOOP('',(#5354,#5355,#5356,#5357));
#997=EDGE_LOOP('',(#5358,#5359,#5360,#5361));
#998=EDGE_LOOP('',(#5362,#5363,#5364,#5365));
#999=EDGE_LOOP('',(#5366,#5367,#5368,#5369));
#1000=EDGE_LOOP('',(#5370,#5371,#5372,#5373));
#1001=EDGE_LOOP('',(#5374,#5375,#5376,#5377));
#1002=EDGE_LOOP('',(#5378,#5379,#5380,#5381));
#1003=EDGE_LOOP('',(#5382,#5383,#5384,#5385));
#1004=EDGE_LOOP('',(#5386,#5387,#5388,#5389));
#1005=EDGE_LOOP('',(#5390,#5391,#5392,#5393));
#1006=EDGE_LOOP('',(#5394,#5395,#5396,#5397));
#1007=EDGE_LOOP('',(#5398,#5399,#5400,#5401));
#1008=EDGE_LOOP('',(#5402,#5403,#5404,#5405));
#1009=EDGE_LOOP('',(#5406,#5407,#5408,#5409));
#1010=EDGE_LOOP('',(#5410,#5411,#5412,#5413));
#1011=EDGE_LOOP('',(#5414,#5415,#5416,#5417));
#1012=EDGE_LOOP('',(#5418,#5419,#5420,#5421));
#1013=EDGE_LOOP('',(#5422,#5423,#5424,#5425));
#1014=EDGE_LOOP('',(#5426,#5427,#5428,#5429));
#1015=EDGE_LOOP('',(#5430,#5431,#5432,#5433));
#1016=EDGE_LOOP('',(#5434,#5435,#5436,#5437));
#1017=EDGE_LOOP('',(#5438,#5439,#5440,#5441));
#1018=EDGE_LOOP('',(#5442,#5443,#5444,#5445));
#1019=EDGE_LOOP('',(#5446,#5447,#5448,#5449));
#1020=EDGE_LOOP('',(#5450,#5451,#5452,#5453));
#1021=EDGE_LOOP('',(#5454,#5455,#5456,#5457));
#1022=EDGE_LOOP('',(#5458,#5459,#5460,#5461));
#1023=EDGE_LOOP('',(#5462,#5463,#5464,#5465));
#1024=EDGE_LOOP('',(#5466,#5467,#5468,#5469));
#1025=EDGE_LOOP('',(#5470,#5471,#5472,#5473));
#1026=EDGE_LOOP('',(#5474,#5475,#5476,#5477));
#1027=EDGE_LOOP('',(#5478,#5479,#5480,#5481));
#1028=EDGE_LOOP('',(#5482,#5483,#5484,#5485));
#1029=EDGE_LOOP('',(#5486,#5487,#5488,#5489));
#1030=EDGE_LOOP('',(#5490,#5491,#5492,#5493));
#1031=EDGE_LOOP('',(#5494,#5495,#5496,#5497));
#1032=EDGE_LOOP('',(#5498));
#1033=EDGE_LOOP('',(#5499,#5500,#5501,#5502,#5503));
#1034=EDGE_LOOP('',(#5504));
#1035=EDGE_LOOP('',(#5505));
#1036=EDGE_LOOP('',(#5506,#5507,#5508,#5509,#5510));
#1037=EDGE_LOOP('',(#5511,#5512,#5513,#5514,#5515));
#1038=EDGE_LOOP('',(#5516));
#1039=EDGE_LOOP('',(#5517,#5518,#5519,#5520));
#1040=EDGE_LOOP('',(#5521,#5522,#5523,#5524,#5525));
#1041=EDGE_LOOP('',(#5526,#5527,#5528,#5529,#5530));
#1042=EDGE_LOOP('',(#5531,#5532,#5533,#5534,#5535));
#1043=EDGE_LOOP('',(#5536,#5537,#5538,#5539));
#1044=EDGE_LOOP('',(#5540,#5541,#5542,#5543));
#1045=EDGE_LOOP('',(#5544,#5545,#5546,#5547));
#1046=EDGE_LOOP('',(#5548,#5549,#5550,#5551));
#1047=EDGE_LOOP('',(#5552,#5553,#5554,#5555));
#1048=EDGE_LOOP('',(#5556,#5557,#5558,#5559));
#1049=EDGE_LOOP('',(#5560,#5561,#5562,#5563));
#1050=EDGE_LOOP('',(#5564,#5565,#5566,#5567));
#1051=EDGE_LOOP('',(#5568,#5569,#5570,#5571));
#1052=EDGE_LOOP('',(#5572,#5573,#5574,#5575));
#1053=EDGE_LOOP('',(#5576,#5577,#5578,#5579));
#1054=EDGE_LOOP('',(#5580,#5581,#5582,#5583));
#1055=EDGE_LOOP('',(#5584,#5585,#5586,#5587));
#1056=EDGE_LOOP('',(#5588,#5589,#5590,#5591));
#1057=EDGE_LOOP('',(#5592,#5593,#5594,#5595,#5596,#5597,#5598,#5599));
#1058=EDGE_LOOP('',(#5600,#5601,#5602,#5603,#5604,#5605,#5606,#5607));
#1059=EDGE_LOOP('',(#5608,#5609,#5610,#5611));
#1060=EDGE_LOOP('',(#5612,#5613,#5614,#5615));
#1061=EDGE_LOOP('',(#5616,#5617,#5618,#5619));
#1062=EDGE_LOOP('',(#5620,#5621,#5622,#5623));
#1063=EDGE_LOOP('',(#5624,#5625,#5626,#5627,#5628,#5629,#5630,#5631,#5632,
#5633,#5634,#5635,#5636,#5637));
#1064=EDGE_LOOP('',(#5638,#5639,#5640,#5641));
#1065=EDGE_LOOP('',(#5642,#5643,#5644,#5645));
#1066=EDGE_LOOP('',(#5646,#5647,#5648,#5649));
#1067=EDGE_LOOP('',(#5650,#5651,#5652,#5653));
#1068=EDGE_LOOP('',(#5654,#5655,#5656,#5657));
#1069=EDGE_LOOP('',(#5658,#5659,#5660,#5661));
#1070=EDGE_LOOP('',(#5662,#5663,#5664,#5665));
#1071=EDGE_LOOP('',(#5666,#5667,#5668,#5669));
#1072=EDGE_LOOP('',(#5670,#5671,#5672,#5673));
#1073=EDGE_LOOP('',(#5674,#5675,#5676,#5677));
#1074=EDGE_LOOP('',(#5678,#5679,#5680,#5681));
#1075=EDGE_LOOP('',(#5682,#5683,#5684,#5685));
#1076=EDGE_LOOP('',(#5686,#5687,#5688,#5689));
#1077=EDGE_LOOP('',(#5690,#5691,#5692,#5693));
#1078=EDGE_LOOP('',(#5694,#5695,#5696,#5697));
#1079=EDGE_LOOP('',(#5698,#5699,#5700,#5701));
#1080=EDGE_LOOP('',(#5702,#5703,#5704,#5705,#5706,#5707,#5708,#5709));
#1081=EDGE_LOOP('',(#5710,#5711,#5712,#5713,#5714,#5715,#5716,#5717));
#1082=EDGE_LOOP('',(#5718,#5719,#5720,#5721,#5722,#5723,#5724,#5725,#5726,
#5727,#5728,#5729));
#1083=EDGE_LOOP('',(#5730));
#1084=EDGE_LOOP('',(#5731));
#1085=EDGE_LOOP('',(#5732,#5733,#5734,#5735,#5736,#5737,#5738,#5739));
#1086=EDGE_LOOP('',(#5740,#5741,#5742,#5743));
#1087=EDGE_LOOP('',(#5744,#5745,#5746,#5747,#5748,#5749,#5750,#5751,#5752,
#5753,#5754,#5755));
#1088=EDGE_LOOP('',(#5756));
#1089=EDGE_LOOP('',(#5757,#5758,#5759,#5760,#5761,#5762,#5763,#5764));
#1090=EDGE_LOOP('',(#5765));
#1091=EDGE_LOOP('',(#5766,#5767,#5768,#5769));
#1092=EDGE_LOOP('',(#5770,#5771,#5772,#5773));
#1093=EDGE_LOOP('',(#5774,#5775,#5776,#5777));
#1094=EDGE_LOOP('',(#5778,#5779,#5780,#5781));
#1095=EDGE_LOOP('',(#5782,#5783,#5784,#5785));
#1096=EDGE_LOOP('',(#5786,#5787,#5788,#5789));
#1097=EDGE_LOOP('',(#5790,#5791,#5792,#5793));
#1098=EDGE_LOOP('',(#5794,#5795,#5796,#5797));
#1099=EDGE_LOOP('',(#5798,#5799,#5800,#5801));
#1100=EDGE_LOOP('',(#5802,#5803,#5804,#5805));
#1101=EDGE_LOOP('',(#5806,#5807,#5808,#5809));
#1102=EDGE_LOOP('',(#5810,#5811,#5812,#5813));
#1103=EDGE_LOOP('',(#5814,#5815,#5816,#5817));
#1104=EDGE_LOOP('',(#5818,#5819,#5820,#5821));
#1105=EDGE_LOOP('',(#5822,#5823,#5824,#5825));
#1106=EDGE_LOOP('',(#5826,#5827,#5828,#5829));
#1107=EDGE_LOOP('',(#5830,#5831,#5832,#5833));
#1108=EDGE_LOOP('',(#5834,#5835,#5836,#5837));
#1109=EDGE_LOOP('',(#5838,#5839,#5840,#5841));
#1110=EDGE_LOOP('',(#5842,#5843,#5844,#5845,#5846,#5847,#5848,#5849));
#1111=EDGE_LOOP('',(#5850,#5851,#5852,#5853));
#1112=EDGE_LOOP('',(#5854,#5855,#5856,#5857,#5858,#5859,#5860,#5861,#5862,
#5863,#5864,#5865,#5866,#5867));
#1113=EDGE_LOOP('',(#5868,#5869,#5870,#5871));
#1114=EDGE_LOOP('',(#5872,#5873,#5874,#5875));
#1115=EDGE_LOOP('',(#5876,#5877,#5878,#5879));
#1116=EDGE_LOOP('',(#5880,#5881,#5882,#5883));
#1117=EDGE_LOOP('',(#5884,#5885,#5886,#5887));
#1118=EDGE_LOOP('',(#5888,#5889,#5890,#5891));
#1119=EDGE_LOOP('',(#5892,#5893,#5894,#5895));
#1120=EDGE_LOOP('',(#5896,#5897,#5898,#5899));
#1121=EDGE_LOOP('',(#5900,#5901,#5902,#5903));
#1122=EDGE_LOOP('',(#5904,#5905,#5906,#5907));
#1123=EDGE_LOOP('',(#5908,#5909,#5910,#5911));
#1124=EDGE_LOOP('',(#5912,#5913,#5914,#5915));
#1125=EDGE_LOOP('',(#5916,#5917,#5918,#5919));
#1126=EDGE_LOOP('',(#5920,#5921,#5922,#5923));
#1127=EDGE_LOOP('',(#5924,#5925,#5926,#5927));
#1128=EDGE_LOOP('',(#5928,#5929,#5930,#5931));
#1129=EDGE_LOOP('',(#5932,#5933,#5934,#5935));
#1130=EDGE_LOOP('',(#5936,#5937,#5938,#5939));
#1131=EDGE_LOOP('',(#5940,#5941,#5942,#5943));
#1132=EDGE_LOOP('',(#5944,#5945,#5946,#5947));
#1133=EDGE_LOOP('',(#5948,#5949,#5950,#5951));
#1134=EDGE_LOOP('',(#5952,#5953,#5954,#5955));
#1135=EDGE_LOOP('',(#5956,#5957,#5958,#5959));
#1136=EDGE_LOOP('',(#5960,#5961,#5962,#5963));
#1137=EDGE_LOOP('',(#5964,#5965,#5966,#5967));
#1138=EDGE_LOOP('',(#5968,#5969,#5970,#5971));
#1139=EDGE_LOOP('',(#5972,#5973,#5974,#5975));
#1140=EDGE_LOOP('',(#5976,#5977,#5978,#5979));
#1141=EDGE_LOOP('',(#5980,#5981,#5982,#5983,#5984,#5985,#5986,#5987));
#1142=EDGE_LOOP('',(#5988,#5989,#5990,#5991));
#1143=EDGE_LOOP('',(#5992,#5993,#5994,#5995));
#1144=EDGE_LOOP('',(#5996,#5997,#5998,#5999));
#1145=EDGE_LOOP('',(#6000,#6001,#6002,#6003));
#1146=EDGE_LOOP('',(#6004,#6005,#6006,#6007));
#1147=EDGE_LOOP('',(#6008,#6009,#6010,#6011));
#1148=EDGE_LOOP('',(#6012,#6013,#6014,#6015));
#1149=EDGE_LOOP('',(#6016,#6017,#6018,#6019));
#1150=EDGE_LOOP('',(#6020,#6021,#6022,#6023));
#1151=EDGE_LOOP('',(#6024,#6025,#6026,#6027));
#1152=EDGE_LOOP('',(#6028,#6029,#6030,#6031,#6032,#6033));
#1153=EDGE_LOOP('',(#6034,#6035,#6036,#6037));
#1154=EDGE_LOOP('',(#6038,#6039,#6040,#6041));
#1155=EDGE_LOOP('',(#6042,#6043,#6044,#6045));
#1156=EDGE_LOOP('',(#6046,#6047,#6048,#6049));
#1157=EDGE_LOOP('',(#6050,#6051,#6052,#6053));
#1158=EDGE_LOOP('',(#6054,#6055,#6056,#6057));
#1159=EDGE_LOOP('',(#6058,#6059,#6060,#6061));
#1160=EDGE_LOOP('',(#6062,#6063,#6064,#6065));
#1161=EDGE_LOOP('',(#6066,#6067,#6068,#6069,#6070,#6071));
#1162=EDGE_LOOP('',(#6072,#6073,#6074,#6075));
#1163=EDGE_LOOP('',(#6076,#6077,#6078,#6079));
#1164=EDGE_LOOP('',(#6080,#6081,#6082,#6083));
#1165=EDGE_LOOP('',(#6084,#6085,#6086,#6087));
#1166=EDGE_LOOP('',(#6088,#6089,#6090,#6091));
#1167=EDGE_LOOP('',(#6092,#6093,#6094,#6095));
#1168=EDGE_LOOP('',(#6096,#6097,#6098,#6099));
#1169=EDGE_LOOP('',(#6100,#6101,#6102,#6103));
#1170=EDGE_LOOP('',(#6104,#6105,#6106,#6107));
#1171=EDGE_LOOP('',(#6108,#6109,#6110,#6111));
#1172=EDGE_LOOP('',(#6112,#6113,#6114,#6115,#6116,#6117));
#1173=EDGE_LOOP('',(#6118,#6119,#6120,#6121));
#1174=EDGE_LOOP('',(#6122,#6123,#6124,#6125));
#1175=EDGE_LOOP('',(#6126,#6127,#6128,#6129));
#1176=EDGE_LOOP('',(#6130,#6131,#6132,#6133));
#1177=EDGE_LOOP('',(#6134,#6135,#6136,#6137));
#1178=EDGE_LOOP('',(#6138,#6139,#6140,#6141));
#1179=EDGE_LOOP('',(#6142,#6143,#6144,#6145));
#1180=EDGE_LOOP('',(#6146,#6147,#6148,#6149));
#1181=EDGE_LOOP('',(#6150,#6151,#6152,#6153,#6154,#6155));
#1182=EDGE_LOOP('',(#6156,#6157,#6158,#6159));
#1183=EDGE_LOOP('',(#6160,#6161,#6162,#6163));
#1184=EDGE_LOOP('',(#6164,#6165,#6166,#6167));
#1185=EDGE_LOOP('',(#6168,#6169,#6170,#6171));
#1186=EDGE_LOOP('',(#6172,#6173,#6174,#6175));
#1187=EDGE_LOOP('',(#6176,#6177,#6178,#6179));
#1188=EDGE_LOOP('',(#6180,#6181,#6182,#6183));
#1189=EDGE_LOOP('',(#6184,#6185,#6186,#6187));
#1190=EDGE_LOOP('',(#6188,#6189,#6190,#6191));
#1191=EDGE_LOOP('',(#6192,#6193,#6194,#6195));
#1192=EDGE_LOOP('',(#6196,#6197,#6198,#6199,#6200,#6201));
#1193=EDGE_LOOP('',(#6202,#6203,#6204,#6205));
#1194=EDGE_LOOP('',(#6206,#6207,#6208,#6209));
#1195=EDGE_LOOP('',(#6210,#6211,#6212,#6213));
#1196=EDGE_LOOP('',(#6214,#6215,#6216,#6217));
#1197=EDGE_LOOP('',(#6218,#6219,#6220,#6221));
#1198=EDGE_LOOP('',(#6222,#6223,#6224,#6225));
#1199=EDGE_LOOP('',(#6226,#6227,#6228,#6229));
#1200=EDGE_LOOP('',(#6230,#6231,#6232,#6233));
#1201=EDGE_LOOP('',(#6234,#6235,#6236,#6237,#6238,#6239));
#1202=EDGE_LOOP('',(#6240,#6241,#6242,#6243));
#1203=EDGE_LOOP('',(#6244,#6245,#6246,#6247));
#1204=EDGE_LOOP('',(#6248,#6249,#6250,#6251));
#1205=EDGE_LOOP('',(#6252,#6253,#6254,#6255,#6256,#6257));
#1206=EDGE_LOOP('',(#6258,#6259,#6260,#6261,#6262));
#1207=EDGE_LOOP('',(#6263,#6264,#6265,#6266));
#1208=EDGE_LOOP('',(#6267,#6268,#6269,#6270));
#1209=EDGE_LOOP('',(#6271,#6272,#6273,#6274));
#1210=EDGE_LOOP('',(#6275,#6276,#6277,#6278));
#1211=EDGE_LOOP('',(#6279,#6280,#6281,#6282));
#1212=EDGE_LOOP('',(#6283,#6284,#6285,#6286,#6287));
#1213=EDGE_LOOP('',(#6288,#6289,#6290,#6291));
#1214=EDGE_LOOP('',(#6292,#6293,#6294,#6295,#6296,#6297,#6298,#6299));
#1215=EDGE_LOOP('',(#6300,#6301,#6302,#6303));
#1216=EDGE_LOOP('',(#6304,#6305,#6306,#6307));
#1217=EDGE_LOOP('',(#6308,#6309,#6310,#6311));
#1218=EDGE_LOOP('',(#6312,#6313,#6314,#6315));
#1219=EDGE_LOOP('',(#6316,#6317,#6318,#6319));
#1220=EDGE_LOOP('',(#6320,#6321,#6322,#6323));
#1221=EDGE_LOOP('',(#6324,#6325,#6326,#6327));
#1222=EDGE_LOOP('',(#6328,#6329,#6330,#6331));
#1223=EDGE_LOOP('',(#6332,#6333,#6334,#6335,#6336,#6337,#6338,#6339,#6340,
#6341,#6342,#6343));
#1224=EDGE_LOOP('',(#6344,#6345,#6346,#6347));
#1225=EDGE_LOOP('',(#6348,#6349,#6350,#6351));
#1226=EDGE_LOOP('',(#6352,#6353,#6354,#6355));
#1227=EDGE_LOOP('',(#6356,#6357,#6358,#6359));
#1228=EDGE_LOOP('',(#6360,#6361,#6362,#6363));
#1229=EDGE_LOOP('',(#6364,#6365,#6366,#6367));
#1230=EDGE_LOOP('',(#6368));
#1231=EDGE_LOOP('',(#6369,#6370,#6371,#6372));
#1232=EDGE_LOOP('',(#6373,#6374,#6375,#6376,#6377,#6378,#6379,#6380));
#1233=EDGE_LOOP('',(#6381,#6382,#6383,#6384,#6385,#6386,#6387,#6388));
#1234=EDGE_LOOP('',(#6389));
#1235=EDGE_LOOP('',(#6390,#6391,#6392,#6393));
#1236=EDGE_LOOP('',(#6394));
#1237=EDGE_LOOP('',(#6395,#6396,#6397,#6398));
#1238=EDGE_LOOP('',(#6399,#6400,#6401,#6402));
#1239=EDGE_LOOP('',(#6403,#6404,#6405,#6406,#6407,#6408,#6409,#6410));
#1240=EDGE_LOOP('',(#6411,#6412,#6413,#6414,#6415,#6416,#6417,#6418));
#1241=EDGE_LOOP('',(#6419));
#1242=EDGE_LOOP('',(#6420,#6421,#6422,#6423));
#1243=EDGE_LOOP('',(#6424,#6425,#6426,#6427));
#1244=EDGE_LOOP('',(#6428,#6429,#6430,#6431));
#1245=EDGE_LOOP('',(#6432,#6433,#6434,#6435));
#1246=EDGE_LOOP('',(#6436,#6437,#6438,#6439));
#1247=EDGE_LOOP('',(#6440,#6441,#6442,#6443));
#1248=EDGE_LOOP('',(#6444,#6445,#6446,#6447));
#1249=EDGE_LOOP('',(#6448,#6449,#6450,#6451));
#1250=EDGE_LOOP('',(#6452,#6453,#6454,#6455));
#1251=EDGE_LOOP('',(#6456,#6457,#6458,#6459));
#1252=EDGE_LOOP('',(#6460,#6461,#6462,#6463,#6464,#6465));
#1253=EDGE_LOOP('',(#6466));
#1254=EDGE_LOOP('',(#6467,#6468,#6469,#6470));
#1255=EDGE_LOOP('',(#6471,#6472,#6473,#6474));
#1256=EDGE_LOOP('',(#6475));
#1257=EDGE_LOOP('',(#6476,#6477,#6478,#6479));
#1258=EDGE_LOOP('',(#6480,#6481,#6482,#6483));
#1259=EDGE_LOOP('',(#6484));
#1260=EDGE_LOOP('',(#6485,#6486,#6487,#6488,#6489,#6490));
#1261=EDGE_LOOP('',(#6491));
#1262=EDGE_LOOP('',(#6492,#6493,#6494,#6495));
#1263=EDGE_LOOP('',(#6496,#6497,#6498,#6499));
#1264=EDGE_LOOP('',(#6500,#6501,#6502,#6503));
#1265=EDGE_LOOP('',(#6504,#6505,#6506,#6507));
#1266=EDGE_LOOP('',(#6508,#6509,#6510,#6511));
#1267=EDGE_LOOP('',(#6512,#6513,#6514,#6515));
#1268=EDGE_LOOP('',(#6516,#6517,#6518,#6519));
#1269=EDGE_LOOP('',(#6520,#6521,#6522,#6523));
#1270=EDGE_LOOP('',(#6524,#6525,#6526,#6527));
#1271=EDGE_LOOP('',(#6528,#6529,#6530,#6531));
#1272=EDGE_LOOP('',(#6532,#6533,#6534,#6535));
#1273=EDGE_LOOP('',(#6536,#6537,#6538,#6539));
#1274=EDGE_LOOP('',(#6540,#6541,#6542,#6543));
#1275=EDGE_LOOP('',(#6544,#6545,#6546,#6547));
#1276=EDGE_LOOP('',(#6548,#6549,#6550,#6551));
#1277=EDGE_LOOP('',(#6552,#6553,#6554,#6555));
#1278=EDGE_LOOP('',(#6556,#6557,#6558,#6559));
#1279=EDGE_LOOP('',(#6560,#6561,#6562,#6563));
#1280=EDGE_LOOP('',(#6564,#6565,#6566,#6567));
#1281=EDGE_LOOP('',(#6568,#6569,#6570,#6571));
#1282=EDGE_LOOP('',(#6572,#6573,#6574,#6575));
#1283=EDGE_LOOP('',(#6576,#6577,#6578,#6579));
#1284=EDGE_LOOP('',(#6580,#6581,#6582,#6583));
#1285=EDGE_LOOP('',(#6584,#6585,#6586,#6587));
#1286=EDGE_LOOP('',(#6588,#6589,#6590,#6591));
#1287=EDGE_LOOP('',(#6592,#6593,#6594,#6595));
#1288=EDGE_LOOP('',(#6596,#6597,#6598,#6599,#6600,#6601,#6602,#6603,#6604));
#1289=EDGE_LOOP('',(#6605,#6606,#6607,#6608));
#1290=EDGE_LOOP('',(#6609));
#1291=EDGE_LOOP('',(#6610));
#1292=EDGE_LOOP('',(#6611));
#1293=EDGE_LOOP('',(#6612));
#1294=EDGE_LOOP('',(#6613));
#1295=EDGE_LOOP('',(#6614));
#1296=EDGE_LOOP('',(#6615));
#1297=EDGE_LOOP('',(#6616));
#1298=EDGE_LOOP('',(#6617,#6618,#6619,#6620,#6621,#6622,#6623,#6624,#6625));
#1299=EDGE_LOOP('',(#6626,#6627,#6628,#6629));
#1300=EDGE_LOOP('',(#6630));
#1301=EDGE_LOOP('',(#6631));
#1302=EDGE_LOOP('',(#6632));
#1303=EDGE_LOOP('',(#6633));
#1304=EDGE_LOOP('',(#6634));
#1305=EDGE_LOOP('',(#6635));
#1306=EDGE_LOOP('',(#6636));
#1307=EDGE_LOOP('',(#6637));
#1308=EDGE_LOOP('',(#6638,#6639,#6640,#6641));
#1309=EDGE_LOOP('',(#6642,#6643,#6644,#6645));
#1310=EDGE_LOOP('',(#6646,#6647,#6648,#6649));
#1311=EDGE_LOOP('',(#6650,#6651,#6652,#6653));
#1312=EDGE_LOOP('',(#6654,#6655,#6656,#6657));
#1313=EDGE_LOOP('',(#6658,#6659,#6660,#6661));
#1314=EDGE_LOOP('',(#6662,#6663,#6664,#6665));
#1315=EDGE_LOOP('',(#6666,#6667,#6668,#6669));
#1316=EDGE_LOOP('',(#6670,#6671,#6672,#6673));
#1317=EDGE_LOOP('',(#6674,#6675,#6676,#6677));
#1318=EDGE_LOOP('',(#6678,#6679,#6680,#6681));
#1319=EDGE_LOOP('',(#6682,#6683,#6684,#6685));
#1320=EDGE_LOOP('',(#6686,#6687,#6688,#6689));
#1321=EDGE_LOOP('',(#6690,#6691,#6692,#6693));
#1322=EDGE_LOOP('',(#6694,#6695,#6696,#6697));
#1323=EDGE_LOOP('',(#6698,#6699,#6700,#6701));
#1324=EDGE_LOOP('',(#6702,#6703,#6704,#6705));
#1325=EDGE_LOOP('',(#6706,#6707,#6708,#6709));
#1326=EDGE_LOOP('',(#6710,#6711,#6712,#6713));
#1327=EDGE_LOOP('',(#6714,#6715,#6716,#6717));
#1328=EDGE_LOOP('',(#6718,#6719,#6720,#6721,#6722,#6723,#6724,#6725,#6726));
#1329=EDGE_LOOP('',(#6727,#6728,#6729,#6730));
#1330=EDGE_LOOP('',(#6731,#6732,#6733,#6734));
#1331=EDGE_LOOP('',(#6735,#6736,#6737,#6738));
#1332=EDGE_LOOP('',(#6739,#6740,#6741,#6742));
#1333=EDGE_LOOP('',(#6743,#6744,#6745,#6746));
#1334=EDGE_LOOP('',(#6747,#6748,#6749,#6750,#6751,#6752,#6753));
#1335=EDGE_LOOP('',(#6754,#6755,#6756,#6757));
#1336=EDGE_LOOP('',(#6758,#6759,#6760,#6761));
#1337=EDGE_LOOP('',(#6762,#6763,#6764,#6765));
#1338=EDGE_LOOP('',(#6766,#6767,#6768,#6769));
#1339=EDGE_LOOP('',(#6770,#6771,#6772,#6773));
#1340=EDGE_LOOP('',(#6774,#6775,#6776,#6777));
#1341=EDGE_LOOP('',(#6778,#6779,#6780,#6781));
#1342=EDGE_LOOP('',(#6782,#6783,#6784,#6785));
#1343=EDGE_LOOP('',(#6786,#6787,#6788,#6789));
#1344=EDGE_LOOP('',(#6790,#6791,#6792,#6793));
#1345=EDGE_LOOP('',(#6794,#6795,#6796,#6797,#6798,#6799,#6800,#6801,#6802));
#1346=EDGE_LOOP('',(#6803,#6804));
#1347=EDGE_LOOP('',(#6805,#6806,#6807,#6808));
#1348=EDGE_LOOP('',(#6809,#6810,#6811,#6812));
#1349=EDGE_LOOP('',(#6813,#6814,#6815,#6816));
#1350=EDGE_LOOP('',(#6817,#6818,#6819,#6820));
#1351=EDGE_LOOP('',(#6821,#6822,#6823,#6824,#6825,#6826,#6827,#6828,#6829));
#1352=EDGE_LOOP('',(#6830));
#1353=EDGE_LOOP('',(#6831));
#1354=EDGE_LOOP('',(#6832));
#1355=EDGE_LOOP('',(#6833,#6834,#6835,#6836,#6837,#6838,#6839,#6840));
#1356=EDGE_LOOP('',(#6841,#6842,#6843,#6844));
#1357=EDGE_LOOP('',(#6845,#6846,#6847,#6848));
#1358=EDGE_LOOP('',(#6849,#6850,#6851,#6852));
#1359=EDGE_LOOP('',(#6853,#6854,#6855,#6856));
#1360=EDGE_LOOP('',(#6857));
#1361=EDGE_LOOP('',(#6858,#6859,#6860,#6861));
#1362=EDGE_LOOP('',(#6862));
#1363=EDGE_LOOP('',(#6863,#6864,#6865,#6866));
#1364=EDGE_LOOP('',(#6867));
#1365=EDGE_LOOP('',(#6868,#6869,#6870,#6871));
#1366=EDGE_LOOP('',(#6872,#6873,#6874,#6875));
#1367=EDGE_LOOP('',(#6876,#6877,#6878,#6879,#6880,#6881,#6882,#6883));
#1368=EDGE_LOOP('',(#6884,#6885,#6886,#6887));
#1369=EDGE_LOOP('',(#6888,#6889,#6890,#6891,#6892,#6893,#6894,#6895));
#1370=EDGE_LOOP('',(#6896,#6897,#6898,#6899));
#1371=EDGE_LOOP('',(#6900,#6901,#6902,#6903));
#1372=EDGE_LOOP('',(#6904,#6905,#6906,#6907));
#1373=EDGE_LOOP('',(#6908,#6909,#6910,#6911));
#1374=EDGE_LOOP('',(#6912,#6913,#6914,#6915));
#1375=EDGE_LOOP('',(#6916,#6917,#6918,#6919));
#1376=EDGE_LOOP('',(#6920,#6921,#6922,#6923));
#1377=EDGE_LOOP('',(#6924,#6925,#6926,#6927));
#1378=LINE('',#10434,#2234);
#1379=LINE('',#10436,#2235);
#1380=LINE('',#10438,#2236);
#1381=LINE('',#10439,#2237);
#1382=LINE('',#10442,#2238);
#1383=LINE('',#10444,#2239);
#1384=LINE('',#10445,#2240);
#1385=LINE('',#10448,#2241);
#1386=LINE('',#10450,#2242);
#1387=LINE('',#10451,#2243);
#1388=LINE('',#10455,#2244);
#1389=LINE('',#10457,#2245);
#1390=LINE('',#10459,#2246);
#1391=LINE('',#10460,#2247);
#1392=LINE('',#10463,#2248);
#1393=LINE('',#10465,#2249);
#1394=LINE('',#10466,#2250);
#1395=LINE('',#10469,#2251);
#1396=LINE('',#10471,#2252);
#1397=LINE('',#10472,#2253);
#1398=LINE('',#10476,#2254);
#1399=LINE('',#10478,#2255);
#1400=LINE('',#10480,#2256);
#1401=LINE('',#10481,#2257);
#1402=LINE('',#10484,#2258);
#1403=LINE('',#10486,#2259);
#1404=LINE('',#10487,#2260);
#1405=LINE('',#10490,#2261);
#1406=LINE('',#10492,#2262);
#1407=LINE('',#10493,#2263);
#1408=LINE('',#10497,#2264);
#1409=LINE('',#10499,#2265);
#1410=LINE('',#10501,#2266);
#1411=LINE('',#10502,#2267);
#1412=LINE('',#10505,#2268);
#1413=LINE('',#10507,#2269);
#1414=LINE('',#10508,#2270);
#1415=LINE('',#10511,#2271);
#1416=LINE('',#10513,#2272);
#1417=LINE('',#10514,#2273);
#1418=LINE('',#10518,#2274);
#1419=LINE('',#10520,#2275);
#1420=LINE('',#10522,#2276);
#1421=LINE('',#10523,#2277);
#1422=LINE('',#10526,#2278);
#1423=LINE('',#10528,#2279);
#1424=LINE('',#10529,#2280);
#1425=LINE('',#10532,#2281);
#1426=LINE('',#10534,#2282);
#1427=LINE('',#10535,#2283);
#1428=LINE('',#10539,#2284);
#1429=LINE('',#10541,#2285);
#1430=LINE('',#10543,#2286);
#1431=LINE('',#10544,#2287);
#1432=LINE('',#10547,#2288);
#1433=LINE('',#10549,#2289);
#1434=LINE('',#10550,#2290);
#1435=LINE('',#10553,#2291);
#1436=LINE('',#10555,#2292);
#1437=LINE('',#10556,#2293);
#1438=LINE('',#10558,#2294);
#1439=LINE('',#10559,#2295);
#1440=LINE('',#10561,#2296);
#1441=LINE('',#10562,#2297);
#1442=LINE('',#10567,#2298);
#1443=LINE('',#10573,#2299);
#1444=LINE('',#10576,#2300);
#1445=LINE('',#10577,#2301);
#1446=LINE('',#10579,#2302);
#1447=LINE('',#10580,#2303);
#1448=LINE('',#10582,#2304);
#1449=LINE('',#10583,#2305);
#1450=LINE('',#10588,#2306);
#1451=LINE('',#10594,#2307);
#1452=LINE('',#10597,#2308);
#1453=LINE('',#10598,#2309);
#1454=LINE('',#10605,#2310);
#1455=LINE('',#10607,#2311);
#1456=LINE('',#10609,#2312);
#1457=LINE('',#10610,#2313);
#1458=LINE('',#10614,#2314);
#1459=LINE('',#10616,#2315);
#1460=LINE('',#10618,#2316);
#1461=LINE('',#10619,#2317);
#1462=LINE('',#10623,#2318);
#1463=LINE('',#10625,#2319);
#1464=LINE('',#10627,#2320);
#1465=LINE('',#10628,#2321);
#1466=LINE('',#10632,#2322);
#1467=LINE('',#10634,#2323);
#1468=LINE('',#10636,#2324);
#1469=LINE('',#10637,#2325);
#1470=LINE('',#10641,#2326);
#1471=LINE('',#10643,#2327);
#1472=LINE('',#10645,#2328);
#1473=LINE('',#10646,#2329);
#1474=LINE('',#10650,#2330);
#1475=LINE('',#10652,#2331);
#1476=LINE('',#10654,#2332);
#1477=LINE('',#10655,#2333);
#1478=LINE('',#10659,#2334);
#1479=LINE('',#10663,#2335);
#1480=LINE('',#10668,#2336);
#1481=LINE('',#10672,#2337);
#1482=LINE('',#10677,#2338);
#1483=LINE('',#10681,#2339);
#1484=LINE('',#10686,#2340);
#1485=LINE('',#10690,#2341);
#1486=LINE('',#10695,#2342);
#1487=LINE('',#10699,#2343);
#1488=LINE('',#10703,#2344);
#1489=LINE('',#10707,#2345);
#1490=LINE('',#10712,#2346);
#1491=LINE('',#10716,#2347);
#1492=LINE('',#10721,#2348);
#1493=LINE('',#10725,#2349);
#1494=LINE('',#10729,#2350);
#1495=LINE('',#10733,#2351);
#1496=LINE('',#10737,#2352);
#1497=LINE('',#10741,#2353);
#1498=LINE('',#10745,#2354);
#1499=LINE('',#10749,#2355);
#1500=LINE('',#10753,#2356);
#1501=LINE('',#10755,#2357);
#1502=LINE('',#10757,#2358);
#1503=LINE('',#10758,#2359);
#1504=LINE('',#10761,#2360);
#1505=LINE('',#10763,#2361);
#1506=LINE('',#10765,#2362);
#1507=LINE('',#10766,#2363);
#1508=LINE('',#10769,#2364);
#1509=LINE('',#10771,#2365);
#1510=LINE('',#10773,#2366);
#1511=LINE('',#10774,#2367);
#1512=LINE('',#10777,#2368);
#1513=LINE('',#10779,#2369);
#1514=LINE('',#10781,#2370);
#1515=LINE('',#10782,#2371);
#1516=LINE('',#10785,#2372);
#1517=LINE('',#10787,#2373);
#1518=LINE('',#10789,#2374);
#1519=LINE('',#10790,#2375);
#1520=LINE('',#10794,#2376);
#1521=LINE('',#10798,#2377);
#1522=LINE('',#10802,#2378);
#1523=LINE('',#10806,#2379);
#1524=LINE('',#10810,#2380);
#1525=LINE('',#10814,#2381);
#1526=LINE('',#10818,#2382);
#1527=LINE('',#10822,#2383);
#1528=LINE('',#10826,#2384);
#1529=LINE('',#10830,#2385);
#1530=LINE('',#10835,#2386);
#1531=LINE('',#10839,#2387);
#1532=LINE('',#10844,#2388);
#1533=LINE('',#10848,#2389);
#1534=LINE('',#10852,#2390);
#1535=LINE('',#10856,#2391);
#1536=LINE('',#10861,#2392);
#1537=LINE('',#10865,#2393);
#1538=LINE('',#10870,#2394);
#1539=LINE('',#10874,#2395);
#1540=LINE('',#10879,#2396);
#1541=LINE('',#10883,#2397);
#1542=LINE('',#10888,#2398);
#1543=LINE('',#10890,#2399);
#1544=LINE('',#10892,#2400);
#1545=LINE('',#10893,#2401);
#1546=LINE('',#10896,#2402);
#1547=LINE('',#10898,#2403);
#1548=LINE('',#10900,#2404);
#1549=LINE('',#10901,#2405);
#1550=LINE('',#10904,#2406);
#1551=LINE('',#10906,#2407);
#1552=LINE('',#10908,#2408);
#1553=LINE('',#10909,#2409);
#1554=LINE('',#10912,#2410);
#1555=LINE('',#10914,#2411);
#1556=LINE('',#10916,#2412);
#1557=LINE('',#10917,#2413);
#1558=LINE('',#10920,#2414);
#1559=LINE('',#10922,#2415);
#1560=LINE('',#10924,#2416);
#1561=LINE('',#10925,#2417);
#1562=LINE('',#10927,#2418);
#1563=LINE('',#10928,#2419);
#1564=LINE('',#10930,#2420);
#1565=LINE('',#10931,#2421);
#1566=LINE('',#10933,#2422);
#1567=LINE('',#10934,#2423);
#1568=LINE('',#10936,#2424);
#1569=LINE('',#10937,#2425);
#1570=LINE('',#10939,#2426);
#1571=LINE('',#10940,#2427);
#1572=LINE('',#10942,#2428);
#1573=LINE('',#10943,#2429);
#1574=LINE('',#10945,#2430);
#1575=LINE('',#10947,#2431);
#1576=LINE('',#10949,#2432);
#1577=LINE('',#10950,#2433);
#1578=LINE('',#10952,#2434);
#1579=LINE('',#10954,#2435);
#1580=LINE('',#10956,#2436);
#1581=LINE('',#10957,#2437);
#1582=LINE('',#10959,#2438);
#1583=LINE('',#10961,#2439);
#1584=LINE('',#10963,#2440);
#1585=LINE('',#10964,#2441);
#1586=LINE('',#10966,#2442);
#1587=LINE('',#10968,#2443);
#1588=LINE('',#10970,#2444);
#1589=LINE('',#10971,#2445);
#1590=LINE('',#10973,#2446);
#1591=LINE('',#10975,#2447);
#1592=LINE('',#10982,#2448);
#1593=LINE('',#10983,#2449);
#1594=LINE('',#10985,#2450);
#1595=LINE('',#10986,#2451);
#1596=LINE('',#10988,#2452);
#1597=LINE('',#10989,#2453);
#1598=LINE('',#10991,#2454);
#1599=LINE('',#10992,#2455);
#1600=LINE('',#10994,#2456);
#1601=LINE('',#10995,#2457);
#1602=LINE('',#10997,#2458);
#1603=LINE('',#10998,#2459);
#1604=LINE('',#11000,#2460);
#1605=LINE('',#11001,#2461);
#1606=LINE('',#11003,#2462);
#1607=LINE('',#11004,#2463);
#1608=LINE('',#11006,#2464);
#1609=LINE('',#11007,#2465);
#1610=LINE('',#11009,#2466);
#1611=LINE('',#11010,#2467);
#1612=LINE('',#11012,#2468);
#1613=LINE('',#11013,#2469);
#1614=LINE('',#11015,#2470);
#1615=LINE('',#11016,#2471);
#1616=LINE('',#11018,#2472);
#1617=LINE('',#11019,#2473);
#1618=LINE('',#11021,#2474);
#1619=LINE('',#11022,#2475);
#1620=LINE('',#11024,#2476);
#1621=LINE('',#11025,#2477);
#1622=LINE('',#11027,#2478);
#1623=LINE('',#11028,#2479);
#1624=LINE('',#11030,#2480);
#1625=LINE('',#11031,#2481);
#1626=LINE('',#11064,#2482);
#1627=LINE('',#11066,#2483);
#1628=LINE('',#11068,#2484);
#1629=LINE('',#11069,#2485);
#1630=LINE('',#11072,#2486);
#1631=LINE('',#11074,#2487);
#1632=LINE('',#11075,#2488);
#1633=LINE('',#11078,#2489);
#1634=LINE('',#11080,#2490);
#1635=LINE('',#11081,#2491);
#1636=LINE('',#11083,#2492);
#1637=LINE('',#11084,#2493);
#1638=LINE('',#11088,#2494);
#1639=LINE('',#11090,#2495);
#1640=LINE('',#11092,#2496);
#1641=LINE('',#11093,#2497);
#1642=LINE('',#11097,#2498);
#1643=LINE('',#11099,#2499);
#1644=LINE('',#11100,#2500);
#1645=LINE('',#11103,#2501);
#1646=LINE('',#11104,#2502);
#1647=LINE('',#11107,#2503);
#1648=LINE('',#11108,#2504);
#1649=LINE('',#11110,#2505);
#1650=LINE('',#11133,#2506);
#1651=LINE('',#11174,#2507);
#1652=LINE('',#11176,#2508);
#1653=LINE('',#11178,#2509);
#1654=LINE('',#11179,#2510);
#1655=LINE('',#11190,#2511);
#1656=LINE('',#11192,#2512);
#1657=LINE('',#11193,#2513);
#1658=LINE('',#11196,#2514);
#1659=LINE('',#11197,#2515);
#1660=LINE('',#11200,#2516);
#1661=LINE('',#11201,#2517);
#1662=LINE('',#11203,#2518);
#1663=LINE('',#11209,#2519);
#1664=LINE('',#11211,#2520);
#1665=LINE('',#11213,#2521);
#1666=LINE('',#11214,#2522);
#1667=LINE('',#11217,#2523);
#1668=LINE('',#11219,#2524);
#1669=LINE('',#11220,#2525);
#1670=LINE('',#11225,#2526);
#1671=LINE('',#11229,#2527);
#1672=LINE('',#11231,#2528);
#1673=LINE('',#11232,#2529);
#1674=LINE('',#11236,#2530);
#1675=LINE('',#11238,#2531);
#1676=LINE('',#11240,#2532);
#1677=LINE('',#11241,#2533);
#1678=LINE('',#11245,#2534);
#1679=LINE('',#11247,#2535);
#1680=LINE('',#11249,#2536);
#1681=LINE('',#11250,#2537);
#1682=LINE('',#11255,#2538);
#1683=LINE('',#11258,#2539);
#1684=LINE('',#11259,#2540);
#1685=LINE('',#11261,#2541);
#1686=LINE('',#11263,#2542);
#1687=LINE('',#11265,#2543);
#1688=LINE('',#11266,#2544);
#1689=LINE('',#11268,#2545);
#1690=LINE('',#11270,#2546);
#1691=LINE('',#11285,#2547);
#1692=LINE('',#11287,#2548);
#1693=LINE('',#11289,#2549);
#1694=LINE('',#11291,#2550);
#1695=LINE('',#11293,#2551);
#1696=LINE('',#11295,#2552);
#1697=LINE('',#11297,#2553);
#1698=LINE('',#11299,#2554);
#1699=LINE('',#11301,#2555);
#1700=LINE('',#11303,#2556);
#1701=LINE('',#11305,#2557);
#1702=LINE('',#11307,#2558);
#1703=LINE('',#11309,#2559);
#1704=LINE('',#11310,#2560);
#1705=LINE('',#11314,#2561);
#1706=LINE('',#11316,#2562);
#1707=LINE('',#11318,#2563);
#1708=LINE('',#11319,#2564);
#1709=LINE('',#11325,#2565);
#1710=LINE('',#11328,#2566);
#1711=LINE('',#11330,#2567);
#1712=LINE('',#11331,#2568);
#1713=LINE('',#11337,#2569);
#1714=LINE('',#11340,#2570);
#1715=LINE('',#11342,#2571);
#1716=LINE('',#11343,#2572);
#1717=LINE('',#11349,#2573);
#1718=LINE('',#11352,#2574);
#1719=LINE('',#11354,#2575);
#1720=LINE('',#11355,#2576);
#1721=LINE('',#11362,#2577);
#1722=LINE('',#11364,#2578);
#1723=LINE('',#11366,#2579);
#1724=LINE('',#11367,#2580);
#1725=LINE('',#11373,#2581);
#1726=LINE('',#11376,#2582);
#1727=LINE('',#11378,#2583);
#1728=LINE('',#11379,#2584);
#1729=LINE('',#11382,#2585);
#1730=LINE('',#11384,#2586);
#1731=LINE('',#11385,#2587);
#1732=LINE('',#11388,#2588);
#1733=LINE('',#11390,#2589);
#1734=LINE('',#11391,#2590);
#1735=LINE('',#11394,#2591);
#1736=LINE('',#11396,#2592);
#1737=LINE('',#11397,#2593);
#1738=LINE('',#11400,#2594);
#1739=LINE('',#11402,#2595);
#1740=LINE('',#11403,#2596);
#1741=LINE('',#11413,#2597);
#1742=LINE('',#11417,#2598);
#1743=LINE('',#11421,#2599);
#1744=LINE('',#11425,#2600);
#1745=LINE('',#11429,#2601);
#1746=LINE('',#11432,#2602);
#1747=LINE('',#11441,#2603);
#1748=LINE('',#11448,#2604);
#1749=LINE('',#11452,#2605);
#1750=LINE('',#11456,#2606);
#1751=LINE('',#11460,#2607);
#1752=LINE('',#11464,#2608);
#1753=LINE('',#11467,#2609);
#1754=LINE('',#11472,#2610);
#1755=LINE('',#11476,#2611);
#1756=LINE('',#11480,#2612);
#1757=LINE('',#11484,#2613);
#1758=LINE('',#11487,#2614);
#1759=LINE('',#11491,#2615);
#1760=LINE('',#11493,#2616);
#1761=LINE('',#11497,#2617);
#1762=LINE('',#11499,#2618);
#1763=LINE('',#11501,#2619);
#1764=LINE('',#11502,#2620);
#1765=LINE('',#11505,#2621);
#1766=LINE('',#11507,#2622);
#1767=LINE('',#11509,#2623);
#1768=LINE('',#11510,#2624);
#1769=LINE('',#11513,#2625);
#1770=LINE('',#11515,#2626);
#1771=LINE('',#11516,#2627);
#1772=LINE('',#11519,#2628);
#1773=LINE('',#11520,#2629);
#1774=LINE('',#11523,#2630);
#1775=LINE('',#11525,#2631);
#1776=LINE('',#11526,#2632);
#1777=LINE('',#11529,#2633);
#1778=LINE('',#11530,#2634);
#1779=LINE('',#11533,#2635);
#1780=LINE('',#11534,#2636);
#1781=LINE('',#11536,#2637);
#1782=LINE('',#11539,#2638);
#1783=LINE('',#11541,#2639);
#1784=LINE('',#11542,#2640);
#1785=LINE('',#11546,#2641);
#1786=LINE('',#11549,#2642);
#1787=LINE('',#11550,#2643);
#1788=LINE('',#11554,#2644);
#1789=LINE('',#11557,#2645);
#1790=LINE('',#11558,#2646);
#1791=LINE('',#11562,#2647);
#1792=LINE('',#11565,#2648);
#1793=LINE('',#11566,#2649);
#1794=LINE('',#11572,#2650);
#1795=LINE('',#11574,#2651);
#1796=LINE('',#11576,#2652);
#1797=LINE('',#11578,#2653);
#1798=LINE('',#11580,#2654);
#1799=LINE('',#11582,#2655);
#1800=LINE('',#11584,#2656);
#1801=LINE('',#11586,#2657);
#1802=LINE('',#11588,#2658);
#1803=LINE('',#11590,#2659);
#1804=LINE('',#11592,#2660);
#1805=LINE('',#11594,#2661);
#1806=LINE('',#11596,#2662);
#1807=LINE('',#11597,#2663);
#1808=LINE('',#11600,#2664);
#1809=LINE('',#11601,#2665);
#1810=LINE('',#11603,#2666);
#1811=LINE('',#11605,#2667);
#1812=LINE('',#11606,#2668);
#1813=LINE('',#11608,#2669);
#1814=LINE('',#11610,#2670);
#1815=LINE('',#11612,#2671);
#1816=LINE('',#11614,#2672);
#1817=LINE('',#11616,#2673);
#1818=LINE('',#11618,#2674);
#1819=LINE('',#11620,#2675);
#1820=LINE('',#11622,#2676);
#1821=LINE('',#11624,#2677);
#1822=LINE('',#11626,#2678);
#1823=LINE('',#11628,#2679);
#1824=LINE('',#11630,#2680);
#1825=LINE('',#11633,#2681);
#1826=LINE('',#11634,#2682);
#1827=LINE('',#11636,#2683);
#1828=LINE('',#11638,#2684);
#1829=LINE('',#11640,#2685);
#1830=LINE('',#11642,#2686);
#1831=LINE('',#11644,#2687);
#1832=LINE('',#11646,#2688);
#1833=LINE('',#11648,#2689);
#1834=LINE('',#11650,#2690);
#1835=LINE('',#11652,#2691);
#1836=LINE('',#11654,#2692);
#1837=LINE('',#11660,#2693);
#1838=LINE('',#11662,#2694);
#1839=LINE('',#11664,#2695);
#1840=LINE('',#11665,#2696);
#1841=LINE('',#11669,#2697);
#1842=LINE('',#11671,#2698);
#1843=LINE('',#11673,#2699);
#1844=LINE('',#11674,#2700);
#1845=LINE('',#11677,#2701);
#1846=LINE('',#11679,#2702);
#1847=LINE('',#11680,#2703);
#1848=LINE('',#11683,#2704);
#1849=LINE('',#11685,#2705);
#1850=LINE('',#11686,#2706);
#1851=LINE('',#11688,#2707);
#1852=LINE('',#11689,#2708);
#1853=LINE('',#11691,#2709);
#1854=LINE('',#11692,#2710);
#1855=LINE('',#11695,#2711);
#1856=LINE('',#11697,#2712);
#1857=LINE('',#11698,#2713);
#1858=LINE('',#11701,#2714);
#1859=LINE('',#11702,#2715);
#1860=LINE('',#11705,#2716);
#1861=LINE('',#11706,#2717);
#1862=LINE('',#11711,#2718);
#1863=LINE('',#11712,#2719);
#1864=LINE('',#11713,#2720);
#1865=LINE('',#11716,#2721);
#1866=LINE('',#11718,#2722);
#1867=LINE('',#11719,#2723);
#1868=LINE('',#11722,#2724);
#1869=LINE('',#11724,#2725);
#1870=LINE('',#11725,#2726);
#1871=LINE('',#11728,#2727);
#1872=LINE('',#11730,#2728);
#1873=LINE('',#11731,#2729);
#1874=LINE('',#11733,#2730);
#1875=LINE('',#11734,#2731);
#1876=LINE('',#11736,#2732);
#1877=LINE('',#11738,#2733);
#1878=LINE('',#11739,#2734);
#1879=LINE('',#11746,#2735);
#1880=LINE('',#11748,#2736);
#1881=LINE('',#11750,#2737);
#1882=LINE('',#11751,#2738);
#1883=LINE('',#11755,#2739);
#1884=LINE('',#11757,#2740);
#1885=LINE('',#11759,#2741);
#1886=LINE('',#11760,#2742);
#1887=LINE('',#11763,#2743);
#1888=LINE('',#11765,#2744);
#1889=LINE('',#11766,#2745);
#1890=LINE('',#11769,#2746);
#1891=LINE('',#11771,#2747);
#1892=LINE('',#11772,#2748);
#1893=LINE('',#11774,#2749);
#1894=LINE('',#11775,#2750);
#1895=LINE('',#11777,#2751);
#1896=LINE('',#11778,#2752);
#1897=LINE('',#11781,#2753);
#1898=LINE('',#11783,#2754);
#1899=LINE('',#11784,#2755);
#1900=LINE('',#11787,#2756);
#1901=LINE('',#11788,#2757);
#1902=LINE('',#11791,#2758);
#1903=LINE('',#11792,#2759);
#1904=LINE('',#11797,#2760);
#1905=LINE('',#11798,#2761);
#1906=LINE('',#11799,#2762);
#1907=LINE('',#11802,#2763);
#1908=LINE('',#11804,#2764);
#1909=LINE('',#11805,#2765);
#1910=LINE('',#11808,#2766);
#1911=LINE('',#11810,#2767);
#1912=LINE('',#11811,#2768);
#1913=LINE('',#11814,#2769);
#1914=LINE('',#11816,#2770);
#1915=LINE('',#11817,#2771);
#1916=LINE('',#11819,#2772);
#1917=LINE('',#11820,#2773);
#1918=LINE('',#11822,#2774);
#1919=LINE('',#11824,#2775);
#1920=LINE('',#11825,#2776);
#1921=LINE('',#11832,#2777);
#1922=LINE('',#11834,#2778);
#1923=LINE('',#11836,#2779);
#1924=LINE('',#11837,#2780);
#1925=LINE('',#11841,#2781);
#1926=LINE('',#11843,#2782);
#1927=LINE('',#11845,#2783);
#1928=LINE('',#11846,#2784);
#1929=LINE('',#11849,#2785);
#1930=LINE('',#11851,#2786);
#1931=LINE('',#11852,#2787);
#1932=LINE('',#11855,#2788);
#1933=LINE('',#11857,#2789);
#1934=LINE('',#11858,#2790);
#1935=LINE('',#11860,#2791);
#1936=LINE('',#11861,#2792);
#1937=LINE('',#11863,#2793);
#1938=LINE('',#11864,#2794);
#1939=LINE('',#11867,#2795);
#1940=LINE('',#11869,#2796);
#1941=LINE('',#11870,#2797);
#1942=LINE('',#11873,#2798);
#1943=LINE('',#11874,#2799);
#1944=LINE('',#11877,#2800);
#1945=LINE('',#11878,#2801);
#1946=LINE('',#11883,#2802);
#1947=LINE('',#11884,#2803);
#1948=LINE('',#11885,#2804);
#1949=LINE('',#11888,#2805);
#1950=LINE('',#11890,#2806);
#1951=LINE('',#11891,#2807);
#1952=LINE('',#11894,#2808);
#1953=LINE('',#11896,#2809);
#1954=LINE('',#11897,#2810);
#1955=LINE('',#11900,#2811);
#1956=LINE('',#11902,#2812);
#1957=LINE('',#11903,#2813);
#1958=LINE('',#11905,#2814);
#1959=LINE('',#11906,#2815);
#1960=LINE('',#11908,#2816);
#1961=LINE('',#11910,#2817);
#1962=LINE('',#11911,#2818);
#1963=LINE('',#11918,#2819);
#1964=LINE('',#11920,#2820);
#1965=LINE('',#11922,#2821);
#1966=LINE('',#11923,#2822);
#1967=LINE('',#11927,#2823);
#1968=LINE('',#11928,#2824);
#1969=LINE('',#11929,#2825);
#1970=LINE('',#11932,#2826);
#1971=LINE('',#11934,#2827);
#1972=LINE('',#11936,#2828);
#1973=LINE('',#11938,#2829);
#1974=LINE('',#11939,#2830);
#1975=LINE('',#11943,#2831);
#1976=LINE('',#11944,#2832);
#1977=LINE('',#11945,#2833);
#1978=LINE('',#11948,#2834);
#1979=LINE('',#11949,#2835);
#1980=LINE('',#11952,#2836);
#1981=LINE('',#11953,#2837);
#1982=LINE('',#11956,#2838);
#1983=LINE('',#11957,#2839);
#1984=LINE('',#11960,#2840);
#1985=LINE('',#11961,#2841);
#1986=LINE('',#11964,#2842);
#1987=LINE('',#11965,#2843);
#1988=LINE('',#11968,#2844);
#1989=LINE('',#11969,#2845);
#1990=LINE('',#11971,#2846);
#1991=LINE('',#11976,#2847);
#1992=LINE('',#11978,#2848);
#1993=LINE('',#11980,#2849);
#1994=LINE('',#11981,#2850);
#1995=LINE('',#11984,#2851);
#1996=LINE('',#11986,#2852);
#1997=LINE('',#11987,#2853);
#1998=LINE('',#11991,#2854);
#1999=LINE('',#11993,#2855);
#2000=LINE('',#11995,#2856);
#2001=LINE('',#11996,#2857);
#2002=LINE('',#11999,#2858);
#2003=LINE('',#12001,#2859);
#2004=LINE('',#12002,#2860);
#2005=LINE('',#12006,#2861);
#2006=LINE('',#12008,#2862);
#2007=LINE('',#12010,#2863);
#2008=LINE('',#12011,#2864);
#2009=LINE('',#12014,#2865);
#2010=LINE('',#12016,#2866);
#2011=LINE('',#12017,#2867);
#2012=LINE('',#12021,#2868);
#2013=LINE('',#12023,#2869);
#2014=LINE('',#12025,#2870);
#2015=LINE('',#12026,#2871);
#2016=LINE('',#12029,#2872);
#2017=LINE('',#12031,#2873);
#2018=LINE('',#12032,#2874);
#2019=LINE('',#12034,#2875);
#2020=LINE('',#12035,#2876);
#2021=LINE('',#12036,#2877);
#2022=LINE('',#12037,#2878);
#2023=LINE('',#12040,#2879);
#2024=LINE('',#12041,#2880);
#2025=LINE('',#12044,#2881);
#2026=LINE('',#12045,#2882);
#2027=LINE('',#12048,#2883);
#2028=LINE('',#12049,#2884);
#2029=LINE('',#12052,#2885);
#2030=LINE('',#12053,#2886);
#2031=LINE('',#12057,#2887);
#2032=LINE('',#12059,#2888);
#2033=LINE('',#12061,#2889);
#2034=LINE('',#12062,#2890);
#2035=LINE('',#12065,#2891);
#2036=LINE('',#12067,#2892);
#2037=LINE('',#12068,#2893);
#2038=LINE('',#12073,#2894);
#2039=LINE('',#12074,#2895);
#2040=LINE('',#12077,#2896);
#2041=LINE('',#12079,#2897);
#2042=LINE('',#12080,#2898);
#2043=LINE('',#12083,#2899);
#2044=LINE('',#12084,#2900);
#2045=LINE('',#12089,#2901);
#2046=LINE('',#12090,#2902);
#2047=LINE('',#12094,#2903);
#2048=LINE('',#12097,#2904);
#2049=LINE('',#12101,#2905);
#2050=LINE('',#12102,#2906);
#2051=LINE('',#12104,#2907);
#2052=LINE('',#12106,#2908);
#2053=LINE('',#12110,#2909);
#2054=LINE('',#12112,#2910);
#2055=LINE('',#12114,#2911);
#2056=LINE('',#12115,#2912);
#2057=LINE('',#12118,#2913);
#2058=LINE('',#12120,#2914);
#2059=LINE('',#12121,#2915);
#2060=LINE('',#12124,#2916);
#2061=LINE('',#12126,#2917);
#2062=LINE('',#12127,#2918);
#2063=LINE('',#12129,#2919);
#2064=LINE('',#12130,#2920);
#2065=LINE('',#12151,#2921);
#2066=LINE('',#12158,#2922);
#2067=LINE('',#12219,#2923);
#2068=LINE('',#12274,#2924);
#2069=LINE('',#12291,#2925);
#2070=LINE('',#12296,#2926);
#2071=LINE('',#12301,#2927);
#2072=LINE('',#12356,#2928);
#2073=LINE('',#12407,#2929);
#2074=LINE('',#12408,#2930);
#2075=LINE('',#12452,#2931);
#2076=LINE('',#12454,#2932);
#2077=LINE('',#12456,#2933);
#2078=LINE('',#12457,#2934);
#2079=LINE('',#12460,#2935);
#2080=LINE('',#12462,#2936);
#2081=LINE('',#12463,#2937);
#2082=LINE('',#12466,#2938);
#2083=LINE('',#12468,#2939);
#2084=LINE('',#12469,#2940);
#2085=LINE('',#12471,#2941);
#2086=LINE('',#12472,#2942);
#2087=LINE('',#12479,#2943);
#2088=LINE('',#12485,#2944);
#2089=LINE('',#12491,#2945);
#2090=LINE('',#12497,#2946);
#2091=LINE('',#12502,#2947);
#2092=LINE('',#12504,#2948);
#2093=LINE('',#12506,#2949);
#2094=LINE('',#12507,#2950);
#2095=LINE('',#12512,#2951);
#2096=LINE('',#12516,#2952);
#2097=LINE('',#12518,#2953);
#2098=LINE('',#12519,#2954);
#2099=LINE('',#12524,#2955);
#2100=LINE('',#12528,#2956);
#2101=LINE('',#12530,#2957);
#2102=LINE('',#12531,#2958);
#2103=LINE('',#12536,#2959);
#2104=LINE('',#12542,#2960);
#2105=LINE('',#12546,#2961);
#2106=LINE('',#12548,#2962);
#2107=LINE('',#12549,#2963);
#2108=LINE('',#12557,#2964);
#2109=LINE('',#12563,#2965);
#2110=LINE('',#12569,#2966);
#2111=LINE('',#12575,#2967);
#2112=LINE('',#12580,#2968);
#2113=LINE('',#12582,#2969);
#2114=LINE('',#12584,#2970);
#2115=LINE('',#12585,#2971);
#2116=LINE('',#12589,#2972);
#2117=LINE('',#12591,#2973);
#2118=LINE('',#12593,#2974);
#2119=LINE('',#12594,#2975);
#2120=LINE('',#12596,#2976);
#2121=LINE('',#12597,#2977);
#2122=LINE('',#12599,#2978);
#2123=LINE('',#12601,#2979);
#2124=LINE('',#12606,#2980);
#2125=LINE('',#12608,#2981);
#2126=LINE('',#12610,#2982);
#2127=LINE('',#12611,#2983);
#2128=LINE('',#12615,#2984);
#2129=LINE('',#12617,#2985);
#2130=LINE('',#12619,#2986);
#2131=LINE('',#12620,#2987);
#2132=LINE('',#12623,#2988);
#2133=LINE('',#12625,#2989);
#2134=LINE('',#12626,#2990);
#2135=LINE('',#12629,#2991);
#2136=LINE('',#12631,#2992);
#2137=LINE('',#12632,#2993);
#2138=LINE('',#12635,#2994);
#2139=LINE('',#12637,#2995);
#2140=LINE('',#12638,#2996);
#2141=LINE('',#12640,#2997);
#2142=LINE('',#12641,#2998);
#2143=LINE('',#12644,#2999);
#2144=LINE('',#12646,#3000);
#2145=LINE('',#12647,#3001);
#2146=LINE('',#12649,#3002);
#2147=LINE('',#12650,#3003);
#2148=LINE('',#12654,#3004);
#2149=LINE('',#12656,#3005);
#2150=LINE('',#12658,#3006);
#2151=LINE('',#12659,#3007);
#2152=LINE('',#12663,#3008);
#2153=LINE('',#12665,#3009);
#2154=LINE('',#12667,#3010);
#2155=LINE('',#12668,#3011);
#2156=LINE('',#12671,#3012);
#2157=LINE('',#12673,#3013);
#2158=LINE('',#12674,#3014);
#2159=LINE('',#12677,#3015);
#2160=LINE('',#12679,#3016);
#2161=LINE('',#12680,#3017);
#2162=LINE('',#12683,#3018);
#2163=LINE('',#12685,#3019);
#2164=LINE('',#12686,#3020);
#2165=LINE('',#12688,#3021);
#2166=LINE('',#12689,#3022);
#2167=LINE('',#12692,#3023);
#2168=LINE('',#12694,#3024);
#2169=LINE('',#12695,#3025);
#2170=LINE('',#12697,#3026);
#2171=LINE('',#12698,#3027);
#2172=LINE('',#12704,#3028);
#2173=LINE('',#12706,#3029);
#2174=LINE('',#12708,#3030);
#2175=LINE('',#12710,#3031);
#2176=LINE('',#12714,#3032);
#2177=LINE('',#12717,#3033);
#2178=LINE('',#12723,#3034);
#2179=LINE('',#12726,#3035);
#2180=LINE('',#12731,#3036);
#2181=LINE('',#12735,#3037);
#2182=LINE('',#12737,#3038);
#2183=LINE('',#12738,#3039);
#2184=LINE('',#12743,#3040);
#2185=LINE('',#12748,#3041);
#2186=LINE('',#12749,#3042);
#2187=LINE('',#12750,#3043);
#2188=LINE('',#12754,#3044);
#2189=LINE('',#12757,#3045);
#2190=LINE('',#12760,#3046);
#2191=LINE('',#12761,#3047);
#2192=LINE('',#12764,#3048);
#2193=LINE('',#12768,#3049);
#2194=LINE('',#12769,#3050);
#2195=LINE('',#12772,#3051);
#2196=LINE('',#12774,#3052);
#2197=LINE('',#12775,#3053);
#2198=LINE('',#12779,#3054);
#2199=LINE('',#12781,#3055);
#2200=LINE('',#12786,#3056);
#2201=LINE('',#12788,#3057);
#2202=LINE('',#12791,#3058);
#2203=LINE('',#12794,#3059);
#2204=LINE('',#12795,#3060);
#2205=LINE('',#12799,#3061);
#2206=LINE('',#12804,#3062);
#2207=LINE('',#12805,#3063);
#2208=LINE('',#12812,#3064);
#2209=LINE('',#12814,#3065);
#2210=LINE('',#12816,#3066);
#2211=LINE('',#12821,#3067);
#2212=LINE('',#12826,#3068);
#2213=LINE('',#12831,#3069);
#2214=LINE('',#12835,#3070);
#2215=LINE('',#12839,#3071);
#2216=LINE('',#12841,#3072);
#2217=LINE('',#12843,#3073);
#2218=LINE('',#12845,#3074);
#2219=LINE('',#12847,#3075);
#2220=LINE('',#12852,#3076);
#2221=LINE('',#12856,#3077);
#2222=LINE('',#12858,#3078);
#2223=LINE('',#12860,#3079);
#2224=LINE('',#12862,#3080);
#2225=LINE('',#12864,#3081);
#2226=LINE('',#12867,#3082);
#2227=LINE('',#12868,#3083);
#2228=LINE('',#12870,#3084);
#2229=LINE('',#12872,#3085);
#2230=LINE('',#12874,#3086);
#2231=LINE('',#12876,#3087);
#2232=LINE('',#12878,#3088);
#2233=LINE('',#12880,#3089);
#2234=VECTOR('',#8356,1000.);
#2235=VECTOR('',#8357,1000.);
#2236=VECTOR('',#8358,1000.);
#2237=VECTOR('',#8359,1000.);
#2238=VECTOR('',#8362,1000.);
#2239=VECTOR('',#8363,1000.);
#2240=VECTOR('',#8364,1000.);
#2241=VECTOR('',#8367,1000.);
#2242=VECTOR('',#8368,1000.);
#2243=VECTOR('',#8369,1000.);
#2244=VECTOR('',#8372,1000.);
#2245=VECTOR('',#8373,1000.);
#2246=VECTOR('',#8374,1000.);
#2247=VECTOR('',#8375,1000.);
#2248=VECTOR('',#8378,1000.);
#2249=VECTOR('',#8379,1000.);
#2250=VECTOR('',#8380,1000.);
#2251=VECTOR('',#8383,1000.);
#2252=VECTOR('',#8384,1000.);
#2253=VECTOR('',#8385,1000.);
#2254=VECTOR('',#8388,1000.);
#2255=VECTOR('',#8389,1000.);
#2256=VECTOR('',#8390,1000.);
#2257=VECTOR('',#8391,1000.);
#2258=VECTOR('',#8394,1000.);
#2259=VECTOR('',#8395,1000.);
#2260=VECTOR('',#8396,1000.);
#2261=VECTOR('',#8399,1000.);
#2262=VECTOR('',#8400,1000.);
#2263=VECTOR('',#8401,1000.);
#2264=VECTOR('',#8404,1000.);
#2265=VECTOR('',#8405,1000.);
#2266=VECTOR('',#8406,1000.);
#2267=VECTOR('',#8407,1000.);
#2268=VECTOR('',#8410,1000.);
#2269=VECTOR('',#8411,1000.);
#2270=VECTOR('',#8412,1000.);
#2271=VECTOR('',#8415,1000.);
#2272=VECTOR('',#8416,1000.);
#2273=VECTOR('',#8417,1000.);
#2274=VECTOR('',#8420,1000.);
#2275=VECTOR('',#8421,1000.);
#2276=VECTOR('',#8422,1000.);
#2277=VECTOR('',#8423,1000.);
#2278=VECTOR('',#8426,1000.);
#2279=VECTOR('',#8427,1000.);
#2280=VECTOR('',#8428,1000.);
#2281=VECTOR('',#8431,1000.);
#2282=VECTOR('',#8432,1000.);
#2283=VECTOR('',#8433,1000.);
#2284=VECTOR('',#8436,1000.);
#2285=VECTOR('',#8437,1000.);
#2286=VECTOR('',#8438,1000.);
#2287=VECTOR('',#8439,1000.);
#2288=VECTOR('',#8442,1000.);
#2289=VECTOR('',#8443,1000.);
#2290=VECTOR('',#8444,1000.);
#2291=VECTOR('',#8447,1000.);
#2292=VECTOR('',#8448,1000.);
#2293=VECTOR('',#8449,1000.);
#2294=VECTOR('',#8452,1000.);
#2295=VECTOR('',#8453,1000.);
#2296=VECTOR('',#8456,1000.);
#2297=VECTOR('',#8457,1000.);
#2298=VECTOR('',#8462,1.5);
#2299=VECTOR('',#8469,1.5);
#2300=VECTOR('',#8474,1000.);
#2301=VECTOR('',#8475,1000.);
#2302=VECTOR('',#8478,1000.);
#2303=VECTOR('',#8479,1000.);
#2304=VECTOR('',#8482,1000.);
#2305=VECTOR('',#8483,1000.);
#2306=VECTOR('',#8488,1.5);
#2307=VECTOR('',#8495,1.5);
#2308=VECTOR('',#8500,1000.);
#2309=VECTOR('',#8501,1000.);
#2310=VECTOR('',#8510,1000.);
#2311=VECTOR('',#8511,1000.);
#2312=VECTOR('',#8512,1000.);
#2313=VECTOR('',#8513,1000.);
#2314=VECTOR('',#8516,1000.);
#2315=VECTOR('',#8517,1000.);
#2316=VECTOR('',#8518,1000.);
#2317=VECTOR('',#8519,1000.);
#2318=VECTOR('',#8522,1000.);
#2319=VECTOR('',#8523,1000.);
#2320=VECTOR('',#8524,1000.);
#2321=VECTOR('',#8525,1000.);
#2322=VECTOR('',#8528,1000.);
#2323=VECTOR('',#8529,1000.);
#2324=VECTOR('',#8530,1000.);
#2325=VECTOR('',#8531,1000.);
#2326=VECTOR('',#8534,1000.);
#2327=VECTOR('',#8535,1000.);
#2328=VECTOR('',#8536,1000.);
#2329=VECTOR('',#8537,1000.);
#2330=VECTOR('',#8540,1000.);
#2331=VECTOR('',#8541,1000.);
#2332=VECTOR('',#8542,1000.);
#2333=VECTOR('',#8543,1000.);
#2334=VECTOR('',#8546,1000.);
#2335=VECTOR('',#8549,1000.);
#2336=VECTOR('',#8554,1000.);
#2337=VECTOR('',#8557,1000.);
#2338=VECTOR('',#8562,1000.);
#2339=VECTOR('',#8565,1000.);
#2340=VECTOR('',#8570,1000.);
#2341=VECTOR('',#8573,1000.);
#2342=VECTOR('',#8578,1000.);
#2343=VECTOR('',#8581,1000.);
#2344=VECTOR('',#8584,1000.);
#2345=VECTOR('',#8587,1000.);
#2346=VECTOR('',#8592,1000.);
#2347=VECTOR('',#8595,1000.);
#2348=VECTOR('',#8600,1000.);
#2349=VECTOR('',#8603,1000.);
#2350=VECTOR('',#8606,1000.);
#2351=VECTOR('',#8609,1000.);
#2352=VECTOR('',#8612,1000.);
#2353=VECTOR('',#8615,1000.);
#2354=VECTOR('',#8618,1000.);
#2355=VECTOR('',#8621,1000.);
#2356=VECTOR('',#8624,1000.);
#2357=VECTOR('',#8625,1000.);
#2358=VECTOR('',#8626,1000.);
#2359=VECTOR('',#8627,1000.);
#2360=VECTOR('',#8628,1000.);
#2361=VECTOR('',#8629,1000.);
#2362=VECTOR('',#8630,1000.);
#2363=VECTOR('',#8631,1000.);
#2364=VECTOR('',#8632,1000.);
#2365=VECTOR('',#8633,1000.);
#2366=VECTOR('',#8634,1000.);
#2367=VECTOR('',#8635,1000.);
#2368=VECTOR('',#8636,1000.);
#2369=VECTOR('',#8637,1000.);
#2370=VECTOR('',#8638,1000.);
#2371=VECTOR('',#8639,1000.);
#2372=VECTOR('',#8640,1000.);
#2373=VECTOR('',#8641,1000.);
#2374=VECTOR('',#8642,1000.);
#2375=VECTOR('',#8643,1000.);
#2376=VECTOR('',#8646,1000.);
#2377=VECTOR('',#8649,1000.);
#2378=VECTOR('',#8652,1000.);
#2379=VECTOR('',#8655,1000.);
#2380=VECTOR('',#8658,1000.);
#2381=VECTOR('',#8661,1000.);
#2382=VECTOR('',#8664,1000.);
#2383=VECTOR('',#8667,1000.);
#2384=VECTOR('',#8670,1000.);
#2385=VECTOR('',#8673,1000.);
#2386=VECTOR('',#8678,1000.);
#2387=VECTOR('',#8681,1000.);
#2388=VECTOR('',#8686,1000.);
#2389=VECTOR('',#8689,1000.);
#2390=VECTOR('',#8692,1000.);
#2391=VECTOR('',#8695,1000.);
#2392=VECTOR('',#8700,1000.);
#2393=VECTOR('',#8703,1000.);
#2394=VECTOR('',#8708,1000.);
#2395=VECTOR('',#8711,1000.);
#2396=VECTOR('',#8716,1000.);
#2397=VECTOR('',#8719,1000.);
#2398=VECTOR('',#8724,1000.);
#2399=VECTOR('',#8725,1000.);
#2400=VECTOR('',#8726,1000.);
#2401=VECTOR('',#8727,1000.);
#2402=VECTOR('',#8728,1000.);
#2403=VECTOR('',#8729,1000.);
#2404=VECTOR('',#8730,1000.);
#2405=VECTOR('',#8731,1000.);
#2406=VECTOR('',#8732,1000.);
#2407=VECTOR('',#8733,1000.);
#2408=VECTOR('',#8734,1000.);
#2409=VECTOR('',#8735,1000.);
#2410=VECTOR('',#8736,1000.);
#2411=VECTOR('',#8737,1000.);
#2412=VECTOR('',#8738,1000.);
#2413=VECTOR('',#8739,1000.);
#2414=VECTOR('',#8740,1000.);
#2415=VECTOR('',#8741,1000.);
#2416=VECTOR('',#8742,1000.);
#2417=VECTOR('',#8743,1000.);
#2418=VECTOR('',#8746,1000.);
#2419=VECTOR('',#8747,1000.);
#2420=VECTOR('',#8750,1000.);
#2421=VECTOR('',#8751,1000.);
#2422=VECTOR('',#8754,1000.);
#2423=VECTOR('',#8755,1000.);
#2424=VECTOR('',#8758,1000.);
#2425=VECTOR('',#8759,1000.);
#2426=VECTOR('',#8762,1000.);
#2427=VECTOR('',#8763,1000.);
#2428=VECTOR('',#8766,1000.);
#2429=VECTOR('',#8767,1000.);
#2430=VECTOR('',#8770,1000.);
#2431=VECTOR('',#8773,1000.);
#2432=VECTOR('',#8776,1000.);
#2433=VECTOR('',#8777,1000.);
#2434=VECTOR('',#8780,1000.);
#2435=VECTOR('',#8783,1000.);
#2436=VECTOR('',#8786,1000.);
#2437=VECTOR('',#8787,1000.);
#2438=VECTOR('',#8790,1000.);
#2439=VECTOR('',#8793,1000.);
#2440=VECTOR('',#8796,1000.);
#2441=VECTOR('',#8797,1000.);
#2442=VECTOR('',#8800,1000.);
#2443=VECTOR('',#8803,1000.);
#2444=VECTOR('',#8806,1000.);
#2445=VECTOR('',#8807,1000.);
#2446=VECTOR('',#8810,1000.);
#2447=VECTOR('',#8813,1000.);
#2448=VECTOR('',#8826,1000.);
#2449=VECTOR('',#8827,1000.);
#2450=VECTOR('',#8830,1000.);
#2451=VECTOR('',#8831,1000.);
#2452=VECTOR('',#8834,1000.);
#2453=VECTOR('',#8835,1000.);
#2454=VECTOR('',#8838,1000.);
#2455=VECTOR('',#8839,1000.);
#2456=VECTOR('',#8842,1000.);
#2457=VECTOR('',#8843,1000.);
#2458=VECTOR('',#8846,1000.);
#2459=VECTOR('',#8847,1000.);
#2460=VECTOR('',#8850,1000.);
#2461=VECTOR('',#8851,1000.);
#2462=VECTOR('',#8854,1000.);
#2463=VECTOR('',#8855,1000.);
#2464=VECTOR('',#8858,1000.);
#2465=VECTOR('',#8859,1000.);
#2466=VECTOR('',#8862,1000.);
#2467=VECTOR('',#8863,1000.);
#2468=VECTOR('',#8866,1000.);
#2469=VECTOR('',#8867,1000.);
#2470=VECTOR('',#8870,1000.);
#2471=VECTOR('',#8871,1000.);
#2472=VECTOR('',#8874,1000.);
#2473=VECTOR('',#8875,1000.);
#2474=VECTOR('',#8878,1000.);
#2475=VECTOR('',#8879,1000.);
#2476=VECTOR('',#8882,1000.);
#2477=VECTOR('',#8883,1000.);
#2478=VECTOR('',#8886,1000.);
#2479=VECTOR('',#8887,1000.);
#2480=VECTOR('',#8890,1000.);
#2481=VECTOR('',#8891,1000.);
#2482=VECTOR('',#8952,1000.);
#2483=VECTOR('',#8953,1000.);
#2484=VECTOR('',#8954,1000.);
#2485=VECTOR('',#8955,1000.);
#2486=VECTOR('',#8958,1000.);
#2487=VECTOR('',#8959,1000.);
#2488=VECTOR('',#8960,1000.);
#2489=VECTOR('',#8963,1000.);
#2490=VECTOR('',#8964,1000.);
#2491=VECTOR('',#8965,1000.);
#2492=VECTOR('',#8968,1000.);
#2493=VECTOR('',#8969,1000.);
#2494=VECTOR('',#8972,1000.);
#2495=VECTOR('',#8973,1000.);
#2496=VECTOR('',#8974,1000.);
#2497=VECTOR('',#8975,1000.);
#2498=VECTOR('',#8980,1000.);
#2499=VECTOR('',#8981,1000.);
#2500=VECTOR('',#8982,1000.);
#2501=VECTOR('',#8985,1000.);
#2502=VECTOR('',#8986,1000.);
#2503=VECTOR('',#8989,1000.);
#2504=VECTOR('',#8990,1000.);
#2505=VECTOR('',#8993,1000.);
#2506=VECTOR('',#9022,4.99999999999999);
#2507=VECTOR('',#9037,1000.);
#2508=VECTOR('',#9038,1000.);
#2509=VECTOR('',#9039,1000.);
#2510=VECTOR('',#9040,1000.);
#2511=VECTOR('',#9059,1000.);
#2512=VECTOR('',#9060,1000.);
#2513=VECTOR('',#9061,1000.);
#2514=VECTOR('',#9064,1000.);
#2515=VECTOR('',#9065,1000.);
#2516=VECTOR('',#9068,1000.);
#2517=VECTOR('',#9069,1000.);
#2518=VECTOR('',#9072,1000.);
#2519=VECTOR('',#9079,1000.);
#2520=VECTOR('',#9080,1000.);
#2521=VECTOR('',#9081,1000.);
#2522=VECTOR('',#9082,1000.);
#2523=VECTOR('',#9085,1000.);
#2524=VECTOR('',#9086,1000.);
#2525=VECTOR('',#9087,1000.);
#2526=VECTOR('',#9092,1000.);
#2527=VECTOR('',#9097,1000.);
#2528=VECTOR('',#9098,1000.);
#2529=VECTOR('',#9099,1000.);
#2530=VECTOR('',#9102,1000.);
#2531=VECTOR('',#9103,1000.);
#2532=VECTOR('',#9104,1000.);
#2533=VECTOR('',#9105,1000.);
#2534=VECTOR('',#9108,1000.);
#2535=VECTOR('',#9109,1000.);
#2536=VECTOR('',#9110,1000.);
#2537=VECTOR('',#9111,1000.);
#2538=VECTOR('',#9116,1000.);
#2539=VECTOR('',#9121,1000.);
#2540=VECTOR('',#9122,1000.);
#2541=VECTOR('',#9125,1000.);
#2542=VECTOR('',#9128,1000.);
#2543=VECTOR('',#9131,1000.);
#2544=VECTOR('',#9132,1000.);
#2545=VECTOR('',#9135,1000.);
#2546=VECTOR('',#9138,1000.);
#2547=VECTOR('',#9163,10.);
#2548=VECTOR('',#9164,10.);
#2549=VECTOR('',#9165,10.);
#2550=VECTOR('',#9166,10.);
#2551=VECTOR('',#9167,10.);
#2552=VECTOR('',#9168,10.);
#2553=VECTOR('',#9169,10.);
#2554=VECTOR('',#9170,10.);
#2555=VECTOR('',#9171,9.99999999999999);
#2556=VECTOR('',#9172,10.);
#2557=VECTOR('',#9173,10.);
#2558=VECTOR('',#9174,10.);
#2559=VECTOR('',#9175,10.);
#2560=VECTOR('',#9176,10.);
#2561=VECTOR('',#9179,10.);
#2562=VECTOR('',#9180,10.);
#2563=VECTOR('',#9181,10.);
#2564=VECTOR('',#9182,10.);
#2565=VECTOR('',#9189,10.);
#2566=VECTOR('',#9192,10.);
#2567=VECTOR('',#9193,10.);
#2568=VECTOR('',#9194,10.);
#2569=VECTOR('',#9201,10.);
#2570=VECTOR('',#9204,10.);
#2571=VECTOR('',#9205,10.);
#2572=VECTOR('',#9206,10.);
#2573=VECTOR('',#9213,10.);
#2574=VECTOR('',#9216,10.);
#2575=VECTOR('',#9217,10.);
#2576=VECTOR('',#9218,10.);
#2577=VECTOR('',#9227,10.);
#2578=VECTOR('',#9228,10.);
#2579=VECTOR('',#9229,10.);
#2580=VECTOR('',#9230,10.);
#2581=VECTOR('',#9237,10.);
#2582=VECTOR('',#9240,10.);
#2583=VECTOR('',#9241,10.);
#2584=VECTOR('',#9242,10.);
#2585=VECTOR('',#9245,10.);
#2586=VECTOR('',#9246,10.);
#2587=VECTOR('',#9247,10.);
#2588=VECTOR('',#9250,10.);
#2589=VECTOR('',#9251,10.);
#2590=VECTOR('',#9252,10.);
#2591=VECTOR('',#9255,10.);
#2592=VECTOR('',#9256,10.);
#2593=VECTOR('',#9257,10.);
#2594=VECTOR('',#9260,10.);
#2595=VECTOR('',#9261,10.);
#2596=VECTOR('',#9262,10.);
#2597=VECTOR('',#9275,10.);
#2598=VECTOR('',#9278,10.);
#2599=VECTOR('',#9281,10.);
#2600=VECTOR('',#9284,10.);
#2601=VECTOR('',#9287,10.);
#2602=VECTOR('',#9290,10.);
#2603=VECTOR('',#9299,2.3375);
#2604=VECTOR('',#9306,10.);
#2605=VECTOR('',#9309,10.);
#2606=VECTOR('',#9312,10.);
#2607=VECTOR('',#9315,10.);
#2608=VECTOR('',#9318,10.);
#2609=VECTOR('',#9321,10.);
#2610=VECTOR('',#9324,10.);
#2611=VECTOR('',#9327,10.);
#2612=VECTOR('',#9330,10.);
#2613=VECTOR('',#9333,10.);
#2614=VECTOR('',#9338,1.775);
#2615=VECTOR('',#9343,2.3375);
#2616=VECTOR('',#9346,1.775);
#2617=VECTOR('',#9349,10.);
#2618=VECTOR('',#9350,10.);
#2619=VECTOR('',#9351,10.);
#2620=VECTOR('',#9352,10.);
#2621=VECTOR('',#9353,10.);
#2622=VECTOR('',#9354,10.);
#2623=VECTOR('',#9355,10.);
#2624=VECTOR('',#9356,10.);
#2625=VECTOR('',#9359,10.);
#2626=VECTOR('',#9360,10.);
#2627=VECTOR('',#9361,10.);
#2628=VECTOR('',#9364,10.);
#2629=VECTOR('',#9365,10.);
#2630=VECTOR('',#9368,10.);
#2631=VECTOR('',#9369,10.);
#2632=VECTOR('',#9370,10.);
#2633=VECTOR('',#9373,10.);
#2634=VECTOR('',#9374,10.);
#2635=VECTOR('',#9377,10.);
#2636=VECTOR('',#9378,10.);
#2637=VECTOR('',#9381,10.);
#2638=VECTOR('',#9384,10.);
#2639=VECTOR('',#9385,10.);
#2640=VECTOR('',#9386,10.);
#2641=VECTOR('',#9391,10.);
#2642=VECTOR('',#9394,10.);
#2643=VECTOR('',#9395,10.);
#2644=VECTOR('',#9400,10.);
#2645=VECTOR('',#9403,10.);
#2646=VECTOR('',#9404,10.);
#2647=VECTOR('',#9409,10.);
#2648=VECTOR('',#9412,10.);
#2649=VECTOR('',#9413,10.);
#2650=VECTOR('',#9420,10.);
#2651=VECTOR('',#9421,10.);
#2652=VECTOR('',#9422,10.);
#2653=VECTOR('',#9423,10.);
#2654=VECTOR('',#9424,10.);
#2655=VECTOR('',#9425,10.);
#2656=VECTOR('',#9426,10.);
#2657=VECTOR('',#9427,9.99999999999999);
#2658=VECTOR('',#9428,10.);
#2659=VECTOR('',#9429,10.);
#2660=VECTOR('',#9430,10.);
#2661=VECTOR('',#9431,10.);
#2662=VECTOR('',#9432,10.);
#2663=VECTOR('',#9433,10.);
#2664=VECTOR('',#9436,10.);
#2665=VECTOR('',#9437,10.);
#2666=VECTOR('',#9440,10.);
#2667=VECTOR('',#9443,10.);
#2668=VECTOR('',#9444,10.);
#2669=VECTOR('',#9447,10.);
#2670=VECTOR('',#9450,10.);
#2671=VECTOR('',#9453,10.);
#2672=VECTOR('',#9456,10.);
#2673=VECTOR('',#9459,10.);
#2674=VECTOR('',#9462,10.);
#2675=VECTOR('',#9465,10.);
#2676=VECTOR('',#9468,10.);
#2677=VECTOR('',#9471,10.);
#2678=VECTOR('',#9474,10.);
#2679=VECTOR('',#9477,10.);
#2680=VECTOR('',#9480,10.);
#2681=VECTOR('',#9485,10.);
#2682=VECTOR('',#9486,10.);
#2683=VECTOR('',#9489,10.);
#2684=VECTOR('',#9492,10.);
#2685=VECTOR('',#9495,10.);
#2686=VECTOR('',#9498,10.);
#2687=VECTOR('',#9501,10.);
#2688=VECTOR('',#9504,10.);
#2689=VECTOR('',#9507,10.);
#2690=VECTOR('',#9510,10.);
#2691=VECTOR('',#9513,10.);
#2692=VECTOR('',#9516,10.);
#2693=VECTOR('',#9523,10.);
#2694=VECTOR('',#9524,10.);
#2695=VECTOR('',#9525,10.);
#2696=VECTOR('',#9526,10.);
#2697=VECTOR('',#9529,10.);
#2698=VECTOR('',#9530,10.);
#2699=VECTOR('',#9531,10.);
#2700=VECTOR('',#9532,10.);
#2701=VECTOR('',#9535,10.);
#2702=VECTOR('',#9536,10.);
#2703=VECTOR('',#9537,10.);
#2704=VECTOR('',#9540,10.);
#2705=VECTOR('',#9541,10.);
#2706=VECTOR('',#9542,10.);
#2707=VECTOR('',#9545,10.);
#2708=VECTOR('',#9546,10.);
#2709=VECTOR('',#9549,10.);
#2710=VECTOR('',#9550,10.);
#2711=VECTOR('',#9553,10.);
#2712=VECTOR('',#9554,10.);
#2713=VECTOR('',#9555,10.);
#2714=VECTOR('',#9558,10.);
#2715=VECTOR('',#9559,10.);
#2716=VECTOR('',#9562,10.);
#2717=VECTOR('',#9563,10.);
#2718=VECTOR('',#9568,10.);
#2719=VECTOR('',#9569,10.);
#2720=VECTOR('',#9570,10.);
#2721=VECTOR('',#9573,10.);
#2722=VECTOR('',#9574,10.);
#2723=VECTOR('',#9575,10.);
#2724=VECTOR('',#9578,10.);
#2725=VECTOR('',#9579,10.);
#2726=VECTOR('',#9580,10.);
#2727=VECTOR('',#9583,10.);
#2728=VECTOR('',#9584,10.);
#2729=VECTOR('',#9585,10.);
#2730=VECTOR('',#9588,10.);
#2731=VECTOR('',#9589,10.);
#2732=VECTOR('',#9592,10.);
#2733=VECTOR('',#9595,10.);
#2734=VECTOR('',#9596,10.);
#2735=VECTOR('',#9605,10.);
#2736=VECTOR('',#9606,10.);
#2737=VECTOR('',#9607,10.);
#2738=VECTOR('',#9608,10.);
#2739=VECTOR('',#9611,10.);
#2740=VECTOR('',#9612,10.);
#2741=VECTOR('',#9613,10.);
#2742=VECTOR('',#9614,10.);
#2743=VECTOR('',#9617,10.);
#2744=VECTOR('',#9618,10.);
#2745=VECTOR('',#9619,10.);
#2746=VECTOR('',#9622,10.);
#2747=VECTOR('',#9623,10.);
#2748=VECTOR('',#9624,10.);
#2749=VECTOR('',#9627,10.);
#2750=VECTOR('',#9628,10.);
#2751=VECTOR('',#9631,10.);
#2752=VECTOR('',#9632,10.);
#2753=VECTOR('',#9635,10.);
#2754=VECTOR('',#9636,10.);
#2755=VECTOR('',#9637,10.);
#2756=VECTOR('',#9640,10.);
#2757=VECTOR('',#9641,10.);
#2758=VECTOR('',#9644,10.);
#2759=VECTOR('',#9645,10.);
#2760=VECTOR('',#9650,10.);
#2761=VECTOR('',#9651,10.);
#2762=VECTOR('',#9652,10.);
#2763=VECTOR('',#9655,10.);
#2764=VECTOR('',#9656,10.);
#2765=VECTOR('',#9657,10.);
#2766=VECTOR('',#9660,10.);
#2767=VECTOR('',#9661,10.);
#2768=VECTOR('',#9662,10.);
#2769=VECTOR('',#9665,10.);
#2770=VECTOR('',#9666,10.);
#2771=VECTOR('',#9667,10.);
#2772=VECTOR('',#9670,10.);
#2773=VECTOR('',#9671,10.);
#2774=VECTOR('',#9674,10.);
#2775=VECTOR('',#9677,10.);
#2776=VECTOR('',#9678,10.);
#2777=VECTOR('',#9687,10.);
#2778=VECTOR('',#9688,10.);
#2779=VECTOR('',#9689,10.);
#2780=VECTOR('',#9690,10.);
#2781=VECTOR('',#9693,10.);
#2782=VECTOR('',#9694,10.);
#2783=VECTOR('',#9695,10.);
#2784=VECTOR('',#9696,10.);
#2785=VECTOR('',#9699,10.);
#2786=VECTOR('',#9700,10.);
#2787=VECTOR('',#9701,10.);
#2788=VECTOR('',#9704,10.);
#2789=VECTOR('',#9705,10.);
#2790=VECTOR('',#9706,10.);
#2791=VECTOR('',#9709,10.);
#2792=VECTOR('',#9710,10.);
#2793=VECTOR('',#9713,10.);
#2794=VECTOR('',#9714,10.);
#2795=VECTOR('',#9717,10.);
#2796=VECTOR('',#9718,10.);
#2797=VECTOR('',#9719,10.);
#2798=VECTOR('',#9722,10.);
#2799=VECTOR('',#9723,10.);
#2800=VECTOR('',#9726,10.);
#2801=VECTOR('',#9727,10.);
#2802=VECTOR('',#9732,10.);
#2803=VECTOR('',#9733,10.);
#2804=VECTOR('',#9734,10.);
#2805=VECTOR('',#9737,10.);
#2806=VECTOR('',#9738,10.);
#2807=VECTOR('',#9739,10.);
#2808=VECTOR('',#9742,10.);
#2809=VECTOR('',#9743,10.);
#2810=VECTOR('',#9744,10.);
#2811=VECTOR('',#9747,10.);
#2812=VECTOR('',#9748,10.);
#2813=VECTOR('',#9749,10.);
#2814=VECTOR('',#9752,10.);
#2815=VECTOR('',#9753,10.);
#2816=VECTOR('',#9756,10.);
#2817=VECTOR('',#9759,10.);
#2818=VECTOR('',#9760,10.);
#2819=VECTOR('',#9769,10.);
#2820=VECTOR('',#9770,10.);
#2821=VECTOR('',#9771,10.);
#2822=VECTOR('',#9772,10.);
#2823=VECTOR('',#9775,10.);
#2824=VECTOR('',#9776,10.);
#2825=VECTOR('',#9777,10.);
#2826=VECTOR('',#9780,10.);
#2827=VECTOR('',#9781,10.);
#2828=VECTOR('',#9782,10.);
#2829=VECTOR('',#9783,10.);
#2830=VECTOR('',#9784,10.);
#2831=VECTOR('',#9787,10.);
#2832=VECTOR('',#9788,10.);
#2833=VECTOR('',#9789,10.);
#2834=VECTOR('',#9792,10.);
#2835=VECTOR('',#9793,10.);
#2836=VECTOR('',#9796,10.);
#2837=VECTOR('',#9797,10.);
#2838=VECTOR('',#9800,10.);
#2839=VECTOR('',#9801,10.);
#2840=VECTOR('',#9804,10.);
#2841=VECTOR('',#9805,10.);
#2842=VECTOR('',#9808,10.);
#2843=VECTOR('',#9809,10.);
#2844=VECTOR('',#9812,10.);
#2845=VECTOR('',#9813,10.);
#2846=VECTOR('',#9816,10.);
#2847=VECTOR('',#9821,10.);
#2848=VECTOR('',#9822,10.);
#2849=VECTOR('',#9823,10.);
#2850=VECTOR('',#9824,10.);
#2851=VECTOR('',#9827,10.);
#2852=VECTOR('',#9828,10.);
#2853=VECTOR('',#9829,10.);
#2854=VECTOR('',#9832,10.);
#2855=VECTOR('',#9833,10.);
#2856=VECTOR('',#9834,10.);
#2857=VECTOR('',#9835,10.);
#2858=VECTOR('',#9838,10.);
#2859=VECTOR('',#9839,10.);
#2860=VECTOR('',#9840,10.);
#2861=VECTOR('',#9843,10.);
#2862=VECTOR('',#9844,10.);
#2863=VECTOR('',#9845,10.);
#2864=VECTOR('',#9846,10.);
#2865=VECTOR('',#9849,10.);
#2866=VECTOR('',#9850,10.);
#2867=VECTOR('',#9851,10.);
#2868=VECTOR('',#9854,10.);
#2869=VECTOR('',#9855,10.);
#2870=VECTOR('',#9856,10.);
#2871=VECTOR('',#9857,10.);
#2872=VECTOR('',#9860,10.);
#2873=VECTOR('',#9861,10.);
#2874=VECTOR('',#9862,10.);
#2875=VECTOR('',#9865,10.);
#2876=VECTOR('',#9866,10.);
#2877=VECTOR('',#9867,10.);
#2878=VECTOR('',#9868,10.);
#2879=VECTOR('',#9871,10.);
#2880=VECTOR('',#9872,10.);
#2881=VECTOR('',#9875,10.);
#2882=VECTOR('',#9876,10.);
#2883=VECTOR('',#9879,10.);
#2884=VECTOR('',#9880,10.);
#2885=VECTOR('',#9883,10.);
#2886=VECTOR('',#9884,10.);
#2887=VECTOR('',#9887,10.);
#2888=VECTOR('',#9888,10.);
#2889=VECTOR('',#9889,10.);
#2890=VECTOR('',#9890,10.);
#2891=VECTOR('',#9893,10.);
#2892=VECTOR('',#9894,10.);
#2893=VECTOR('',#9895,10.);
#2894=VECTOR('',#9900,10.);
#2895=VECTOR('',#9901,10.);
#2896=VECTOR('',#9904,10.);
#2897=VECTOR('',#9905,10.);
#2898=VECTOR('',#9906,10.);
#2899=VECTOR('',#9909,10.);
#2900=VECTOR('',#9910,10.);
#2901=VECTOR('',#9915,10.);
#2902=VECTOR('',#9916,10.);
#2903=VECTOR('',#9921,1.);
#2904=VECTOR('',#9924,1.);
#2905=VECTOR('',#9929,10.);
#2906=VECTOR('',#9930,10.);
#2907=VECTOR('',#9933,10.);
#2908=VECTOR('',#9936,10.);
#2909=VECTOR('',#9939,10.);
#2910=VECTOR('',#9940,10.);
#2911=VECTOR('',#9941,10.);
#2912=VECTOR('',#9942,10.);
#2913=VECTOR('',#9945,10.);
#2914=VECTOR('',#9946,10.);
#2915=VECTOR('',#9947,10.);
#2916=VECTOR('',#9950,10.);
#2917=VECTOR('',#9951,10.);
#2918=VECTOR('',#9952,10.);
#2919=VECTOR('',#9955,10.);
#2920=VECTOR('',#9956,10.);
#2921=VECTOR('',#9961,10.);
#2922=VECTOR('',#9962,10.);
#2923=VECTOR('',#9967,10.);
#2924=VECTOR('',#9974,10.);
#2925=VECTOR('',#9975,10.);
#2926=VECTOR('',#9982,1.);
#2927=VECTOR('',#9987,1.);
#2928=VECTOR('',#9994,10.);
#2929=VECTOR('',#9997,10.);
#2930=VECTOR('',#9998,10.);
#2931=VECTOR('',#10001,10.);
#2932=VECTOR('',#10002,10.);
#2933=VECTOR('',#10003,10.);
#2934=VECTOR('',#10004,10.);
#2935=VECTOR('',#10007,10.);
#2936=VECTOR('',#10008,10.);
#2937=VECTOR('',#10009,10.);
#2938=VECTOR('',#10012,10.);
#2939=VECTOR('',#10013,10.);
#2940=VECTOR('',#10014,10.);
#2941=VECTOR('',#10017,10.);
#2942=VECTOR('',#10018,10.);
#2943=VECTOR('',#10027,1.5);
#2944=VECTOR('',#10034,1.5);
#2945=VECTOR('',#10041,1.5);
#2946=VECTOR('',#10048,1.5);
#2947=VECTOR('',#10053,10.);
#2948=VECTOR('',#10054,10.);
#2949=VECTOR('',#10055,10.);
#2950=VECTOR('',#10056,10.);
#2951=VECTOR('',#10061,10.);
#2952=VECTOR('',#10066,10.);
#2953=VECTOR('',#10067,10.);
#2954=VECTOR('',#10068,10.);
#2955=VECTOR('',#10073,10.);
#2956=VECTOR('',#10078,10.);
#2957=VECTOR('',#10079,10.);
#2958=VECTOR('',#10080,10.);
#2959=VECTOR('',#10085,10.);
#2960=VECTOR('',#10092,10.);
#2961=VECTOR('',#10097,10.);
#2962=VECTOR('',#10098,10.);
#2963=VECTOR('',#10099,10.);
#2964=VECTOR('',#10110,1.05);
#2965=VECTOR('',#10117,1.05);
#2966=VECTOR('',#10124,1.05);
#2967=VECTOR('',#10131,12.5);
#2968=VECTOR('',#10136,10.);
#2969=VECTOR('',#10137,10.);
#2970=VECTOR('',#10138,10.);
#2971=VECTOR('',#10139,10.);
#2972=VECTOR('',#10142,10.);
#2973=VECTOR('',#10143,10.);
#2974=VECTOR('',#10144,10.);
#2975=VECTOR('',#10145,10.);
#2976=VECTOR('',#10148,10.);
#2977=VECTOR('',#10149,10.);
#2978=VECTOR('',#10152,10.);
#2979=VECTOR('',#10155,10.);
#2980=VECTOR('',#10160,10.);
#2981=VECTOR('',#10161,10.);
#2982=VECTOR('',#10162,10.);
#2983=VECTOR('',#10163,10.);
#2984=VECTOR('',#10166,10.);
#2985=VECTOR('',#10167,10.);
#2986=VECTOR('',#10168,10.);
#2987=VECTOR('',#10169,10.);
#2988=VECTOR('',#10172,10.);
#2989=VECTOR('',#10173,10.);
#2990=VECTOR('',#10174,10.);
#2991=VECTOR('',#10177,10.);
#2992=VECTOR('',#10178,10.);
#2993=VECTOR('',#10179,10.);
#2994=VECTOR('',#10182,10.);
#2995=VECTOR('',#10183,10.);
#2996=VECTOR('',#10184,10.);
#2997=VECTOR('',#10187,10.);
#2998=VECTOR('',#10188,10.);
#2999=VECTOR('',#10191,10.);
#3000=VECTOR('',#10192,10.);
#3001=VECTOR('',#10193,10.);
#3002=VECTOR('',#10196,10.);
#3003=VECTOR('',#10197,10.);
#3004=VECTOR('',#10200,10.);
#3005=VECTOR('',#10201,10.);
#3006=VECTOR('',#10202,10.);
#3007=VECTOR('',#10203,10.);
#3008=VECTOR('',#10206,10.);
#3009=VECTOR('',#10207,10.);
#3010=VECTOR('',#10208,10.);
#3011=VECTOR('',#10209,10.);
#3012=VECTOR('',#10212,10.);
#3013=VECTOR('',#10213,10.);
#3014=VECTOR('',#10214,10.);
#3015=VECTOR('',#10217,10.);
#3016=VECTOR('',#10218,10.);
#3017=VECTOR('',#10219,10.);
#3018=VECTOR('',#10222,10.);
#3019=VECTOR('',#10223,10.);
#3020=VECTOR('',#10224,10.);
#3021=VECTOR('',#10227,10.);
#3022=VECTOR('',#10228,10.);
#3023=VECTOR('',#10231,10.);
#3024=VECTOR('',#10232,10.);
#3025=VECTOR('',#10233,10.);
#3026=VECTOR('',#10236,10.);
#3027=VECTOR('',#10237,10.);
#3028=VECTOR('',#10242,10.);
#3029=VECTOR('',#10243,10.);
#3030=VECTOR('',#10244,10.);
#3031=VECTOR('',#10245,10.);
#3032=VECTOR('',#10248,10.);
#3033=VECTOR('',#10251,10.);
#3034=VECTOR('',#10256,10.);
#3035=VECTOR('',#10259,10.);
#3036=VECTOR('',#10264,10.);
#3037=VECTOR('',#10269,10.);
#3038=VECTOR('',#10270,10.);
#3039=VECTOR('',#10271,10.);
#3040=VECTOR('',#10276,10.);
#3041=VECTOR('',#10281,10.);
#3042=VECTOR('',#10282,10.);
#3043=VECTOR('',#10283,10.);
#3044=VECTOR('',#10288,10.);
#3045=VECTOR('',#10291,10.);
#3046=VECTOR('',#10294,10.);
#3047=VECTOR('',#10295,10.);
#3048=VECTOR('',#10298,10.);
#3049=VECTOR('',#10303,10.);
#3050=VECTOR('',#10304,10.);
#3051=VECTOR('',#10307,10.);
#3052=VECTOR('',#10308,10.);
#3053=VECTOR('',#10309,10.);
#3054=VECTOR('',#10314,10.);
#3055=VECTOR('',#10317,10.);
#3056=VECTOR('',#10322,10.);
#3057=VECTOR('',#10323,10.);
#3058=VECTOR('',#10326,10.);
#3059=VECTOR('',#10329,10.);
#3060=VECTOR('',#10330,10.);
#3061=VECTOR('',#10335,10.);
#3062=VECTOR('',#10340,10.);
#3063=VECTOR('',#10341,10.);
#3064=VECTOR('',#10348,10.);
#3065=VECTOR('',#10351,10.);
#3066=VECTOR('',#10354,10.);
#3067=VECTOR('',#10361,1.05);
#3068=VECTOR('',#10368,1.05);
#3069=VECTOR('',#10375,1.05);
#3070=VECTOR('',#10378,10.);
#3071=VECTOR('',#10381,10.);
#3072=VECTOR('',#10382,10.);
#3073=VECTOR('',#10383,10.);
#3074=VECTOR('',#10384,10.);
#3075=VECTOR('',#10385,10.);
#3076=VECTOR('',#10390,10.);
#3077=VECTOR('',#10393,10.);
#3078=VECTOR('',#10394,10.);
#3079=VECTOR('',#10395,10.);
#3080=VECTOR('',#10396,10.);
#3081=VECTOR('',#10397,10.);
#3082=VECTOR('',#10402,10.);
#3083=VECTOR('',#10403,10.);
#3084=VECTOR('',#10406,10.);
#3085=VECTOR('',#10409,10.);
#3086=VECTOR('',#10412,10.);
#3087=VECTOR('',#10415,10.);
#3088=VECTOR('',#10418,10.);
#3089=VECTOR('',#10421,10.);
#3090=VERTEX_POINT('',#10432);
#3091=VERTEX_POINT('',#10433);
#3092=VERTEX_POINT('',#10435);
#3093=VERTEX_POINT('',#10437);
#3094=VERTEX_POINT('',#10441);
#3095=VERTEX_POINT('',#10443);
#3096=VERTEX_POINT('',#10447);
#3097=VERTEX_POINT('',#10449);
#3098=VERTEX_POINT('',#10453);
#3099=VERTEX_POINT('',#10454);
#3100=VERTEX_POINT('',#10456);
#3101=VERTEX_POINT('',#10458);
#3102=VERTEX_POINT('',#10462);
#3103=VERTEX_POINT('',#10464);
#3104=VERTEX_POINT('',#10468);
#3105=VERTEX_POINT('',#10470);
#3106=VERTEX_POINT('',#10474);
#3107=VERTEX_POINT('',#10475);
#3108=VERTEX_POINT('',#10477);
#3109=VERTEX_POINT('',#10479);
#3110=VERTEX_POINT('',#10483);
#3111=VERTEX_POINT('',#10485);
#3112=VERTEX_POINT('',#10489);
#3113=VERTEX_POINT('',#10491);
#3114=VERTEX_POINT('',#10495);
#3115=VERTEX_POINT('',#10496);
#3116=VERTEX_POINT('',#10498);
#3117=VERTEX_POINT('',#10500);
#3118=VERTEX_POINT('',#10504);
#3119=VERTEX_POINT('',#10506);
#3120=VERTEX_POINT('',#10510);
#3121=VERTEX_POINT('',#10512);
#3122=VERTEX_POINT('',#10516);
#3123=VERTEX_POINT('',#10517);
#3124=VERTEX_POINT('',#10519);
#3125=VERTEX_POINT('',#10521);
#3126=VERTEX_POINT('',#10525);
#3127=VERTEX_POINT('',#10527);
#3128=VERTEX_POINT('',#10531);
#3129=VERTEX_POINT('',#10533);
#3130=VERTEX_POINT('',#10537);
#3131=VERTEX_POINT('',#10538);
#3132=VERTEX_POINT('',#10540);
#3133=VERTEX_POINT('',#10542);
#3134=VERTEX_POINT('',#10546);
#3135=VERTEX_POINT('',#10548);
#3136=VERTEX_POINT('',#10552);
#3137=VERTEX_POINT('',#10554);
#3138=VERTEX_POINT('',#10564);
#3139=VERTEX_POINT('',#10566);
#3140=VERTEX_POINT('',#10570);
#3141=VERTEX_POINT('',#10572);
#3142=VERTEX_POINT('',#10585);
#3143=VERTEX_POINT('',#10587);
#3144=VERTEX_POINT('',#10591);
#3145=VERTEX_POINT('',#10593);
#3146=VERTEX_POINT('',#10603);
#3147=VERTEX_POINT('',#10604);
#3148=VERTEX_POINT('',#10606);
#3149=VERTEX_POINT('',#10608);
#3150=VERTEX_POINT('',#10612);
#3151=VERTEX_POINT('',#10613);
#3152=VERTEX_POINT('',#10615);
#3153=VERTEX_POINT('',#10617);
#3154=VERTEX_POINT('',#10621);
#3155=VERTEX_POINT('',#10622);
#3156=VERTEX_POINT('',#10624);
#3157=VERTEX_POINT('',#10626);
#3158=VERTEX_POINT('',#10630);
#3159=VERTEX_POINT('',#10631);
#3160=VERTEX_POINT('',#10633);
#3161=VERTEX_POINT('',#10635);
#3162=VERTEX_POINT('',#10639);
#3163=VERTEX_POINT('',#10640);
#3164=VERTEX_POINT('',#10642);
#3165=VERTEX_POINT('',#10644);
#3166=VERTEX_POINT('',#10648);
#3167=VERTEX_POINT('',#10649);
#3168=VERTEX_POINT('',#10651);
#3169=VERTEX_POINT('',#10653);
#3170=VERTEX_POINT('',#10657);
#3171=VERTEX_POINT('',#10658);
#3172=VERTEX_POINT('',#10660);
#3173=VERTEX_POINT('',#10662);
#3174=VERTEX_POINT('',#10665);
#3175=VERTEX_POINT('',#10667);
#3176=VERTEX_POINT('',#10669);
#3177=VERTEX_POINT('',#10671);
#3178=VERTEX_POINT('',#10674);
#3179=VERTEX_POINT('',#10676);
#3180=VERTEX_POINT('',#10678);
#3181=VERTEX_POINT('',#10680);
#3182=VERTEX_POINT('',#10683);
#3183=VERTEX_POINT('',#10685);
#3184=VERTEX_POINT('',#10687);
#3185=VERTEX_POINT('',#10689);
#3186=VERTEX_POINT('',#10692);
#3187=VERTEX_POINT('',#10694);
#3188=VERTEX_POINT('',#10696);
#3189=VERTEX_POINT('',#10698);
#3190=VERTEX_POINT('',#10700);
#3191=VERTEX_POINT('',#10702);
#3192=VERTEX_POINT('',#10704);
#3193=VERTEX_POINT('',#10706);
#3194=VERTEX_POINT('',#10709);
#3195=VERTEX_POINT('',#10711);
#3196=VERTEX_POINT('',#10713);
#3197=VERTEX_POINT('',#10715);
#3198=VERTEX_POINT('',#10718);
#3199=VERTEX_POINT('',#10720);
#3200=VERTEX_POINT('',#10722);
#3201=VERTEX_POINT('',#10724);
#3202=VERTEX_POINT('',#10726);
#3203=VERTEX_POINT('',#10728);
#3204=VERTEX_POINT('',#10730);
#3205=VERTEX_POINT('',#10732);
#3206=VERTEX_POINT('',#10734);
#3207=VERTEX_POINT('',#10736);
#3208=VERTEX_POINT('',#10738);
#3209=VERTEX_POINT('',#10740);
#3210=VERTEX_POINT('',#10742);
#3211=VERTEX_POINT('',#10744);
#3212=VERTEX_POINT('',#10746);
#3213=VERTEX_POINT('',#10748);
#3214=VERTEX_POINT('',#10751);
#3215=VERTEX_POINT('',#10752);
#3216=VERTEX_POINT('',#10754);
#3217=VERTEX_POINT('',#10756);
#3218=VERTEX_POINT('',#10759);
#3219=VERTEX_POINT('',#10760);
#3220=VERTEX_POINT('',#10762);
#3221=VERTEX_POINT('',#10764);
#3222=VERTEX_POINT('',#10767);
#3223=VERTEX_POINT('',#10768);
#3224=VERTEX_POINT('',#10770);
#3225=VERTEX_POINT('',#10772);
#3226=VERTEX_POINT('',#10775);
#3227=VERTEX_POINT('',#10776);
#3228=VERTEX_POINT('',#10778);
#3229=VERTEX_POINT('',#10780);
#3230=VERTEX_POINT('',#10783);
#3231=VERTEX_POINT('',#10784);
#3232=VERTEX_POINT('',#10786);
#3233=VERTEX_POINT('',#10788);
#3234=VERTEX_POINT('',#10792);
#3235=VERTEX_POINT('',#10793);
#3236=VERTEX_POINT('',#10795);
#3237=VERTEX_POINT('',#10797);
#3238=VERTEX_POINT('',#10799);
#3239=VERTEX_POINT('',#10801);
#3240=VERTEX_POINT('',#10803);
#3241=VERTEX_POINT('',#10805);
#3242=VERTEX_POINT('',#10807);
#3243=VERTEX_POINT('',#10809);
#3244=VERTEX_POINT('',#10811);
#3245=VERTEX_POINT('',#10813);
#3246=VERTEX_POINT('',#10815);
#3247=VERTEX_POINT('',#10817);
#3248=VERTEX_POINT('',#10819);
#3249=VERTEX_POINT('',#10821);
#3250=VERTEX_POINT('',#10823);
#3251=VERTEX_POINT('',#10825);
#3252=VERTEX_POINT('',#10827);
#3253=VERTEX_POINT('',#10829);
#3254=VERTEX_POINT('',#10832);
#3255=VERTEX_POINT('',#10834);
#3256=VERTEX_POINT('',#10836);
#3257=VERTEX_POINT('',#10838);
#3258=VERTEX_POINT('',#10841);
#3259=VERTEX_POINT('',#10843);
#3260=VERTEX_POINT('',#10845);
#3261=VERTEX_POINT('',#10847);
#3262=VERTEX_POINT('',#10849);
#3263=VERTEX_POINT('',#10851);
#3264=VERTEX_POINT('',#10853);
#3265=VERTEX_POINT('',#10855);
#3266=VERTEX_POINT('',#10858);
#3267=VERTEX_POINT('',#10860);
#3268=VERTEX_POINT('',#10862);
#3269=VERTEX_POINT('',#10864);
#3270=VERTEX_POINT('',#10867);
#3271=VERTEX_POINT('',#10869);
#3272=VERTEX_POINT('',#10871);
#3273=VERTEX_POINT('',#10873);
#3274=VERTEX_POINT('',#10876);
#3275=VERTEX_POINT('',#10878);
#3276=VERTEX_POINT('',#10880);
#3277=VERTEX_POINT('',#10882);
#3278=VERTEX_POINT('',#10886);
#3279=VERTEX_POINT('',#10887);
#3280=VERTEX_POINT('',#10889);
#3281=VERTEX_POINT('',#10891);
#3282=VERTEX_POINT('',#10894);
#3283=VERTEX_POINT('',#10895);
#3284=VERTEX_POINT('',#10897);
#3285=VERTEX_POINT('',#10899);
#3286=VERTEX_POINT('',#10902);
#3287=VERTEX_POINT('',#10903);
#3288=VERTEX_POINT('',#10905);
#3289=VERTEX_POINT('',#10907);
#3290=VERTEX_POINT('',#10910);
#3291=VERTEX_POINT('',#10911);
#3292=VERTEX_POINT('',#10913);
#3293=VERTEX_POINT('',#10915);
#3294=VERTEX_POINT('',#10918);
#3295=VERTEX_POINT('',#10919);
#3296=VERTEX_POINT('',#10921);
#3297=VERTEX_POINT('',#10923);
#3298=VERTEX_POINT('',#11062);
#3299=VERTEX_POINT('',#11063);
#3300=VERTEX_POINT('',#11065);
#3301=VERTEX_POINT('',#11067);
#3302=VERTEX_POINT('',#11071);
#3303=VERTEX_POINT('',#11073);
#3304=VERTEX_POINT('',#11077);
#3305=VERTEX_POINT('',#11079);
#3306=VERTEX_POINT('',#11086);
#3307=VERTEX_POINT('',#11087);
#3308=VERTEX_POINT('',#11089);
#3309=VERTEX_POINT('',#11091);
#3310=VERTEX_POINT('',#11096);
#3311=VERTEX_POINT('',#11098);
#3312=VERTEX_POINT('',#11102);
#3313=VERTEX_POINT('',#11106);
#3314=VERTEX_POINT('',#11114);
#3315=VERTEX_POINT('',#11117);
#3316=VERTEX_POINT('',#11119);
#3317=VERTEX_POINT('',#11123);
#3318=VERTEX_POINT('',#11125);
#3319=VERTEX_POINT('',#11128);
#3320=VERTEX_POINT('',#11129);
#3321=VERTEX_POINT('',#11132);
#3322=VERTEX_POINT('',#11162);
#3323=VERTEX_POINT('',#11164);
#3324=VERTEX_POINT('',#11166);
#3325=VERTEX_POINT('',#11170);
#3326=VERTEX_POINT('',#11172);
#3327=VERTEX_POINT('',#11173);
#3328=VERTEX_POINT('',#11175);
#3329=VERTEX_POINT('',#11177);
#3330=VERTEX_POINT('',#11189);
#3331=VERTEX_POINT('',#11191);
#3332=VERTEX_POINT('',#11195);
#3333=VERTEX_POINT('',#11199);
#3334=VERTEX_POINT('',#11207);
#3335=VERTEX_POINT('',#11208);
#3336=VERTEX_POINT('',#11210);
#3337=VERTEX_POINT('',#11212);
#3338=VERTEX_POINT('',#11216);
#3339=VERTEX_POINT('',#11218);
#3340=VERTEX_POINT('',#11222);
#3341=VERTEX_POINT('',#11224);
#3342=VERTEX_POINT('',#11228);
#3343=VERTEX_POINT('',#11230);
#3344=VERTEX_POINT('',#11234);
#3345=VERTEX_POINT('',#11235);
#3346=VERTEX_POINT('',#11237);
#3347=VERTEX_POINT('',#11239);
#3348=VERTEX_POINT('',#11243);
#3349=VERTEX_POINT('',#11244);
#3350=VERTEX_POINT('',#11246);
#3351=VERTEX_POINT('',#11248);
#3352=VERTEX_POINT('',#11252);
#3353=VERTEX_POINT('',#11254);
#3354=VERTEX_POINT('',#11283);
#3355=VERTEX_POINT('',#11284);
#3356=VERTEX_POINT('',#11286);
#3357=VERTEX_POINT('',#11288);
#3358=VERTEX_POINT('',#11290);
#3359=VERTEX_POINT('',#11292);
#3360=VERTEX_POINT('',#11294);
#3361=VERTEX_POINT('',#11296);
#3362=VERTEX_POINT('',#11298);
#3363=VERTEX_POINT('',#11300);
#3364=VERTEX_POINT('',#11302);
#3365=VERTEX_POINT('',#11304);
#3366=VERTEX_POINT('',#11306);
#3367=VERTEX_POINT('',#11308);
#3368=VERTEX_POINT('',#11312);
#3369=VERTEX_POINT('',#11313);
#3370=VERTEX_POINT('',#11315);
#3371=VERTEX_POINT('',#11317);
#3372=VERTEX_POINT('',#11321);
#3373=VERTEX_POINT('',#11323);
#3374=VERTEX_POINT('',#11327);
#3375=VERTEX_POINT('',#11329);
#3376=VERTEX_POINT('',#11333);
#3377=VERTEX_POINT('',#11335);
#3378=VERTEX_POINT('',#11339);
#3379=VERTEX_POINT('',#11341);
#3380=VERTEX_POINT('',#11345);
#3381=VERTEX_POINT('',#11347);
#3382=VERTEX_POINT('',#11351);
#3383=VERTEX_POINT('',#11353);
#3384=VERTEX_POINT('',#11360);
#3385=VERTEX_POINT('',#11361);
#3386=VERTEX_POINT('',#11363);
#3387=VERTEX_POINT('',#11365);
#3388=VERTEX_POINT('',#11369);
#3389=VERTEX_POINT('',#11371);
#3390=VERTEX_POINT('',#11375);
#3391=VERTEX_POINT('',#11377);
#3392=VERTEX_POINT('',#11381);
#3393=VERTEX_POINT('',#11383);
#3394=VERTEX_POINT('',#11387);
#3395=VERTEX_POINT('',#11389);
#3396=VERTEX_POINT('',#11393);
#3397=VERTEX_POINT('',#11395);
#3398=VERTEX_POINT('',#11399);
#3399=VERTEX_POINT('',#11401);
#3400=VERTEX_POINT('',#11409);
#3401=VERTEX_POINT('',#11410);
#3402=VERTEX_POINT('',#11412);
#3403=VERTEX_POINT('',#11414);
#3404=VERTEX_POINT('',#11416);
#3405=VERTEX_POINT('',#11418);
#3406=VERTEX_POINT('',#11420);
#3407=VERTEX_POINT('',#11422);
#3408=VERTEX_POINT('',#11424);
#3409=VERTEX_POINT('',#11426);
#3410=VERTEX_POINT('',#11428);
#3411=VERTEX_POINT('',#11430);
#3412=VERTEX_POINT('',#11433);
#3413=VERTEX_POINT('',#11435);
#3414=VERTEX_POINT('',#11438);
#3415=VERTEX_POINT('',#11440);
#3416=VERTEX_POINT('',#11444);
#3417=VERTEX_POINT('',#11445);
#3418=VERTEX_POINT('',#11447);
#3419=VERTEX_POINT('',#11449);
#3420=VERTEX_POINT('',#11451);
#3421=VERTEX_POINT('',#11453);
#3422=VERTEX_POINT('',#11455);
#3423=VERTEX_POINT('',#11457);
#3424=VERTEX_POINT('',#11459);
#3425=VERTEX_POINT('',#11461);
#3426=VERTEX_POINT('',#11463);
#3427=VERTEX_POINT('',#11465);
#3428=VERTEX_POINT('',#11468);
#3429=VERTEX_POINT('',#11470);
#3430=VERTEX_POINT('',#11471);
#3431=VERTEX_POINT('',#11473);
#3432=VERTEX_POINT('',#11475);
#3433=VERTEX_POINT('',#11477);
#3434=VERTEX_POINT('',#11479);
#3435=VERTEX_POINT('',#11481);
#3436=VERTEX_POINT('',#11483);
#3437=VERTEX_POINT('',#11489);
#3438=VERTEX_POINT('',#11495);
#3439=VERTEX_POINT('',#11496);
#3440=VERTEX_POINT('',#11498);
#3441=VERTEX_POINT('',#11500);
#3442=VERTEX_POINT('',#11503);
#3443=VERTEX_POINT('',#11504);
#3444=VERTEX_POINT('',#11506);
#3445=VERTEX_POINT('',#11508);
#3446=VERTEX_POINT('',#11512);
#3447=VERTEX_POINT('',#11514);
#3448=VERTEX_POINT('',#11518);
#3449=VERTEX_POINT('',#11522);
#3450=VERTEX_POINT('',#11524);
#3451=VERTEX_POINT('',#11528);
#3452=VERTEX_POINT('',#11532);
#3453=VERTEX_POINT('',#11538);
#3454=VERTEX_POINT('',#11540);
#3455=VERTEX_POINT('',#11544);
#3456=VERTEX_POINT('',#11548);
#3457=VERTEX_POINT('',#11552);
#3458=VERTEX_POINT('',#11556);
#3459=VERTEX_POINT('',#11560);
#3460=VERTEX_POINT('',#11564);
#3461=VERTEX_POINT('',#11570);
#3462=VERTEX_POINT('',#11571);
#3463=VERTEX_POINT('',#11573);
#3464=VERTEX_POINT('',#11575);
#3465=VERTEX_POINT('',#11577);
#3466=VERTEX_POINT('',#11579);
#3467=VERTEX_POINT('',#11581);
#3468=VERTEX_POINT('',#11583);
#3469=VERTEX_POINT('',#11585);
#3470=VERTEX_POINT('',#11587);
#3471=VERTEX_POINT('',#11589);
#3472=VERTEX_POINT('',#11591);
#3473=VERTEX_POINT('',#11593);
#3474=VERTEX_POINT('',#11595);
#3475=VERTEX_POINT('',#11599);
#3476=VERTEX_POINT('',#11658);
#3477=VERTEX_POINT('',#11659);
#3478=VERTEX_POINT('',#11661);
#3479=VERTEX_POINT('',#11663);
#3480=VERTEX_POINT('',#11667);
#3481=VERTEX_POINT('',#11668);
#3482=VERTEX_POINT('',#11670);
#3483=VERTEX_POINT('',#11672);
#3484=VERTEX_POINT('',#11676);
#3485=VERTEX_POINT('',#11678);
#3486=VERTEX_POINT('',#11682);
#3487=VERTEX_POINT('',#11684);
#3488=VERTEX_POINT('',#11694);
#3489=VERTEX_POINT('',#11696);
#3490=VERTEX_POINT('',#11700);
#3491=VERTEX_POINT('',#11704);
#3492=VERTEX_POINT('',#11709);
#3493=VERTEX_POINT('',#11710);
#3494=VERTEX_POINT('',#11715);
#3495=VERTEX_POINT('',#11717);
#3496=VERTEX_POINT('',#11721);
#3497=VERTEX_POINT('',#11723);
#3498=VERTEX_POINT('',#11727);
#3499=VERTEX_POINT('',#11729);
#3500=VERTEX_POINT('',#11744);
#3501=VERTEX_POINT('',#11745);
#3502=VERTEX_POINT('',#11747);
#3503=VERTEX_POINT('',#11749);
#3504=VERTEX_POINT('',#11753);
#3505=VERTEX_POINT('',#11754);
#3506=VERTEX_POINT('',#11756);
#3507=VERTEX_POINT('',#11758);
#3508=VERTEX_POINT('',#11762);
#3509=VERTEX_POINT('',#11764);
#3510=VERTEX_POINT('',#11768);
#3511=VERTEX_POINT('',#11770);
#3512=VERTEX_POINT('',#11780);
#3513=VERTEX_POINT('',#11782);
#3514=VERTEX_POINT('',#11786);
#3515=VERTEX_POINT('',#11790);
#3516=VERTEX_POINT('',#11795);
#3517=VERTEX_POINT('',#11796);
#3518=VERTEX_POINT('',#11801);
#3519=VERTEX_POINT('',#11803);
#3520=VERTEX_POINT('',#11807);
#3521=VERTEX_POINT('',#11809);
#3522=VERTEX_POINT('',#11813);
#3523=VERTEX_POINT('',#11815);
#3524=VERTEX_POINT('',#11830);
#3525=VERTEX_POINT('',#11831);
#3526=VERTEX_POINT('',#11833);
#3527=VERTEX_POINT('',#11835);
#3528=VERTEX_POINT('',#11839);
#3529=VERTEX_POINT('',#11840);
#3530=VERTEX_POINT('',#11842);
#3531=VERTEX_POINT('',#11844);
#3532=VERTEX_POINT('',#11848);
#3533=VERTEX_POINT('',#11850);
#3534=VERTEX_POINT('',#11854);
#3535=VERTEX_POINT('',#11856);
#3536=VERTEX_POINT('',#11866);
#3537=VERTEX_POINT('',#11868);
#3538=VERTEX_POINT('',#11872);
#3539=VERTEX_POINT('',#11876);
#3540=VERTEX_POINT('',#11881);
#3541=VERTEX_POINT('',#11882);
#3542=VERTEX_POINT('',#11887);
#3543=VERTEX_POINT('',#11889);
#3544=VERTEX_POINT('',#11893);
#3545=VERTEX_POINT('',#11895);
#3546=VERTEX_POINT('',#11899);
#3547=VERTEX_POINT('',#11901);
#3548=VERTEX_POINT('',#11916);
#3549=VERTEX_POINT('',#11917);
#3550=VERTEX_POINT('',#11919);
#3551=VERTEX_POINT('',#11921);
#3552=VERTEX_POINT('',#11925);
#3553=VERTEX_POINT('',#11926);
#3554=VERTEX_POINT('',#11931);
#3555=VERTEX_POINT('',#11933);
#3556=VERTEX_POINT('',#11935);
#3557=VERTEX_POINT('',#11937);
#3558=VERTEX_POINT('',#11941);
#3559=VERTEX_POINT('',#11942);
#3560=VERTEX_POINT('',#11947);
#3561=VERTEX_POINT('',#11951);
#3562=VERTEX_POINT('',#11955);
#3563=VERTEX_POINT('',#11959);
#3564=VERTEX_POINT('',#11963);
#3565=VERTEX_POINT('',#11967);
#3566=VERTEX_POINT('',#11974);
#3567=VERTEX_POINT('',#11975);
#3568=VERTEX_POINT('',#11977);
#3569=VERTEX_POINT('',#11979);
#3570=VERTEX_POINT('',#11983);
#3571=VERTEX_POINT('',#11985);
#3572=VERTEX_POINT('',#11989);
#3573=VERTEX_POINT('',#11990);
#3574=VERTEX_POINT('',#11992);
#3575=VERTEX_POINT('',#11994);
#3576=VERTEX_POINT('',#11998);
#3577=VERTEX_POINT('',#12000);
#3578=VERTEX_POINT('',#12004);
#3579=VERTEX_POINT('',#12005);
#3580=VERTEX_POINT('',#12007);
#3581=VERTEX_POINT('',#12009);
#3582=VERTEX_POINT('',#12013);
#3583=VERTEX_POINT('',#12015);
#3584=VERTEX_POINT('',#12019);
#3585=VERTEX_POINT('',#12020);
#3586=VERTEX_POINT('',#12022);
#3587=VERTEX_POINT('',#12024);
#3588=VERTEX_POINT('',#12028);
#3589=VERTEX_POINT('',#12030);
#3590=VERTEX_POINT('',#12039);
#3591=VERTEX_POINT('',#12043);
#3592=VERTEX_POINT('',#12047);
#3593=VERTEX_POINT('',#12051);
#3594=VERTEX_POINT('',#12055);
#3595=VERTEX_POINT('',#12056);
#3596=VERTEX_POINT('',#12058);
#3597=VERTEX_POINT('',#12060);
#3598=VERTEX_POINT('',#12064);
#3599=VERTEX_POINT('',#12066);
#3600=VERTEX_POINT('',#12069);
#3601=VERTEX_POINT('',#12072);
#3602=VERTEX_POINT('',#12076);
#3603=VERTEX_POINT('',#12078);
#3604=VERTEX_POINT('',#12082);
#3605=VERTEX_POINT('',#12085);
#3606=VERTEX_POINT('',#12088);
#3607=VERTEX_POINT('',#12091);
#3608=VERTEX_POINT('',#12096);
#3609=VERTEX_POINT('',#12100);
#3610=VERTEX_POINT('',#12108);
#3611=VERTEX_POINT('',#12109);
#3612=VERTEX_POINT('',#12111);
#3613=VERTEX_POINT('',#12113);
#3614=VERTEX_POINT('',#12117);
#3615=VERTEX_POINT('',#12119);
#3616=VERTEX_POINT('',#12123);
#3617=VERTEX_POINT('',#12125);
#3618=VERTEX_POINT('',#12143);
#3619=VERTEX_POINT('',#12144);
#3620=VERTEX_POINT('',#12150);
#3621=VERTEX_POINT('',#12152);
#3622=VERTEX_POINT('',#12160);
#3623=VERTEX_POINT('',#12162);
#3624=VERTEX_POINT('',#12168);
#3625=VERTEX_POINT('',#12218);
#3626=VERTEX_POINT('',#12269);
#3627=VERTEX_POINT('',#12272);
#3628=VERTEX_POINT('',#12285);
#3629=VERTEX_POINT('',#12293);
#3630=VERTEX_POINT('',#12298);
#3631=VERTEX_POINT('',#12300);
#3632=VERTEX_POINT('',#12305);
#3633=VERTEX_POINT('',#12355);
#3634=VERTEX_POINT('',#12450);
#3635=VERTEX_POINT('',#12451);
#3636=VERTEX_POINT('',#12453);
#3637=VERTEX_POINT('',#12455);
#3638=VERTEX_POINT('',#12459);
#3639=VERTEX_POINT('',#12461);
#3640=VERTEX_POINT('',#12465);
#3641=VERTEX_POINT('',#12467);
#3642=VERTEX_POINT('',#12476);
#3643=VERTEX_POINT('',#12478);
#3644=VERTEX_POINT('',#12482);
#3645=VERTEX_POINT('',#12484);
#3646=VERTEX_POINT('',#12488);
#3647=VERTEX_POINT('',#12490);
#3648=VERTEX_POINT('',#12494);
#3649=VERTEX_POINT('',#12496);
#3650=VERTEX_POINT('',#12500);
#3651=VERTEX_POINT('',#12501);
#3652=VERTEX_POINT('',#12503);
#3653=VERTEX_POINT('',#12505);
#3654=VERTEX_POINT('',#12509);
#3655=VERTEX_POINT('',#12511);
#3656=VERTEX_POINT('',#12515);
#3657=VERTEX_POINT('',#12517);
#3658=VERTEX_POINT('',#12521);
#3659=VERTEX_POINT('',#12523);
#3660=VERTEX_POINT('',#12527);
#3661=VERTEX_POINT('',#12529);
#3662=VERTEX_POINT('',#12533);
#3663=VERTEX_POINT('',#12535);
#3664=VERTEX_POINT('',#12539);
#3665=VERTEX_POINT('',#12541);
#3666=VERTEX_POINT('',#12545);
#3667=VERTEX_POINT('',#12547);
#3668=VERTEX_POINT('',#12554);
#3669=VERTEX_POINT('',#12556);
#3670=VERTEX_POINT('',#12560);
#3671=VERTEX_POINT('',#12562);
#3672=VERTEX_POINT('',#12566);
#3673=VERTEX_POINT('',#12568);
#3674=VERTEX_POINT('',#12572);
#3675=VERTEX_POINT('',#12574);
#3676=VERTEX_POINT('',#12578);
#3677=VERTEX_POINT('',#12579);
#3678=VERTEX_POINT('',#12581);
#3679=VERTEX_POINT('',#12583);
#3680=VERTEX_POINT('',#12587);
#3681=VERTEX_POINT('',#12588);
#3682=VERTEX_POINT('',#12590);
#3683=VERTEX_POINT('',#12592);
#3684=VERTEX_POINT('',#12604);
#3685=VERTEX_POINT('',#12605);
#3686=VERTEX_POINT('',#12607);
#3687=VERTEX_POINT('',#12609);
#3688=VERTEX_POINT('',#12613);
#3689=VERTEX_POINT('',#12614);
#3690=VERTEX_POINT('',#12616);
#3691=VERTEX_POINT('',#12618);
#3692=VERTEX_POINT('',#12622);
#3693=VERTEX_POINT('',#12624);
#3694=VERTEX_POINT('',#12628);
#3695=VERTEX_POINT('',#12630);
#3696=VERTEX_POINT('',#12634);
#3697=VERTEX_POINT('',#12636);
#3698=VERTEX_POINT('',#12643);
#3699=VERTEX_POINT('',#12645);
#3700=VERTEX_POINT('',#12652);
#3701=VERTEX_POINT('',#12653);
#3702=VERTEX_POINT('',#12655);
#3703=VERTEX_POINT('',#12657);
#3704=VERTEX_POINT('',#12661);
#3705=VERTEX_POINT('',#12662);
#3706=VERTEX_POINT('',#12664);
#3707=VERTEX_POINT('',#12666);
#3708=VERTEX_POINT('',#12670);
#3709=VERTEX_POINT('',#12672);
#3710=VERTEX_POINT('',#12676);
#3711=VERTEX_POINT('',#12678);
#3712=VERTEX_POINT('',#12682);
#3713=VERTEX_POINT('',#12684);
#3714=VERTEX_POINT('',#12691);
#3715=VERTEX_POINT('',#12693);
#3716=VERTEX_POINT('',#12700);
#3717=VERTEX_POINT('',#12701);
#3718=VERTEX_POINT('',#12703);
#3719=VERTEX_POINT('',#12705);
#3720=VERTEX_POINT('',#12707);
#3721=VERTEX_POINT('',#12709);
#3722=VERTEX_POINT('',#12711);
#3723=VERTEX_POINT('',#12713);
#3724=VERTEX_POINT('',#12715);
#3725=VERTEX_POINT('',#12719);
#3726=VERTEX_POINT('',#12720);
#3727=VERTEX_POINT('',#12722);
#3728=VERTEX_POINT('',#12724);
#3729=VERTEX_POINT('',#12728);
#3730=VERTEX_POINT('',#12730);
#3731=VERTEX_POINT('',#12734);
#3732=VERTEX_POINT('',#12736);
#3733=VERTEX_POINT('',#12740);
#3734=VERTEX_POINT('',#12742);
#3735=VERTEX_POINT('',#12746);
#3736=VERTEX_POINT('',#12747);
#3737=VERTEX_POINT('',#12753);
#3738=VERTEX_POINT('',#12755);
#3739=VERTEX_POINT('',#12759);
#3740=VERTEX_POINT('',#12763);
#3741=VERTEX_POINT('',#12767);
#3742=VERTEX_POINT('',#12771);
#3743=VERTEX_POINT('',#12773);
#3744=VERTEX_POINT('',#12777);
#3745=VERTEX_POINT('',#12783);
#3746=VERTEX_POINT('',#12784);
#3747=VERTEX_POINT('',#12787);
#3748=VERTEX_POINT('',#12789);
#3749=VERTEX_POINT('',#12793);
#3750=VERTEX_POINT('',#12797);
#3751=VERTEX_POINT('',#12801);
#3752=VERTEX_POINT('',#12802);
#3753=VERTEX_POINT('',#12806);
#3754=VERTEX_POINT('',#12808);
#3755=VERTEX_POINT('',#12810);
#3756=VERTEX_POINT('',#12818);
#3757=VERTEX_POINT('',#12823);
#3758=VERTEX_POINT('',#12828);
#3759=VERTEX_POINT('',#12833);
#3760=VERTEX_POINT('',#12834);
#3761=VERTEX_POINT('',#12836);
#3762=VERTEX_POINT('',#12838);
#3763=VERTEX_POINT('',#12840);
#3764=VERTEX_POINT('',#12842);
#3765=VERTEX_POINT('',#12844);
#3766=VERTEX_POINT('',#12846);
#3767=VERTEX_POINT('',#12850);
#3768=VERTEX_POINT('',#12851);
#3769=VERTEX_POINT('',#12853);
#3770=VERTEX_POINT('',#12855);
#3771=VERTEX_POINT('',#12857);
#3772=VERTEX_POINT('',#12859);
#3773=VERTEX_POINT('',#12861);
#3774=VERTEX_POINT('',#12863);
#3775=EDGE_CURVE('',#3090,#3091,#1378,.T.);
#3776=EDGE_CURVE('',#3092,#3091,#1379,.T.);
#3777=EDGE_CURVE('',#3093,#3092,#1380,.T.);
#3778=EDGE_CURVE('',#3093,#3090,#1381,.T.);
#3779=EDGE_CURVE('',#3091,#3094,#1382,.T.);
#3780=EDGE_CURVE('',#3095,#3094,#1383,.T.);
#3781=EDGE_CURVE('',#3092,#3095,#1384,.T.);
#3782=EDGE_CURVE('',#3094,#3096,#1385,.T.);
#3783=EDGE_CURVE('',#3097,#3096,#1386,.T.);
#3784=EDGE_CURVE('',#3095,#3097,#1387,.T.);
#3785=EDGE_CURVE('',#3098,#3099,#1388,.T.);
#3786=EDGE_CURVE('',#3100,#3099,#1389,.T.);
#3787=EDGE_CURVE('',#3101,#3100,#1390,.T.);
#3788=EDGE_CURVE('',#3101,#3098,#1391,.T.);
#3789=EDGE_CURVE('',#3099,#3102,#1392,.T.);
#3790=EDGE_CURVE('',#3103,#3102,#1393,.T.);
#3791=EDGE_CURVE('',#3100,#3103,#1394,.T.);
#3792=EDGE_CURVE('',#3102,#3104,#1395,.T.);
#3793=EDGE_CURVE('',#3105,#3104,#1396,.T.);
#3794=EDGE_CURVE('',#3103,#3105,#1397,.T.);
#3795=EDGE_CURVE('',#3106,#3107,#1398,.T.);
#3796=EDGE_CURVE('',#3108,#3107,#1399,.T.);
#3797=EDGE_CURVE('',#3109,#3108,#1400,.T.);
#3798=EDGE_CURVE('',#3109,#3106,#1401,.T.);
#3799=EDGE_CURVE('',#3107,#3110,#1402,.T.);
#3800=EDGE_CURVE('',#3111,#3110,#1403,.T.);
#3801=EDGE_CURVE('',#3108,#3111,#1404,.T.);
#3802=EDGE_CURVE('',#3110,#3112,#1405,.T.);
#3803=EDGE_CURVE('',#3113,#3112,#1406,.T.);
#3804=EDGE_CURVE('',#3111,#3113,#1407,.T.);
#3805=EDGE_CURVE('',#3114,#3115,#1408,.T.);
#3806=EDGE_CURVE('',#3116,#3114,#1409,.T.);
#3807=EDGE_CURVE('',#3116,#3117,#1410,.T.);
#3808=EDGE_CURVE('',#3117,#3115,#1411,.T.);
#3809=EDGE_CURVE('',#3118,#3114,#1412,.T.);
#3810=EDGE_CURVE('',#3119,#3118,#1413,.T.);
#3811=EDGE_CURVE('',#3119,#3116,#1414,.T.);
#3812=EDGE_CURVE('',#3120,#3118,#1415,.T.);
#3813=EDGE_CURVE('',#3121,#3120,#1416,.T.);
#3814=EDGE_CURVE('',#3121,#3119,#1417,.T.);
#3815=EDGE_CURVE('',#3122,#3123,#1418,.T.);
#3816=EDGE_CURVE('',#3124,#3122,#1419,.T.);
#3817=EDGE_CURVE('',#3124,#3125,#1420,.T.);
#3818=EDGE_CURVE('',#3125,#3123,#1421,.T.);
#3819=EDGE_CURVE('',#3126,#3122,#1422,.T.);
#3820=EDGE_CURVE('',#3127,#3126,#1423,.T.);
#3821=EDGE_CURVE('',#3127,#3124,#1424,.T.);
#3822=EDGE_CURVE('',#3128,#3126,#1425,.T.);
#3823=EDGE_CURVE('',#3129,#3128,#1426,.T.);
#3824=EDGE_CURVE('',#3129,#3127,#1427,.T.);
#3825=EDGE_CURVE('',#3130,#3131,#1428,.T.);
#3826=EDGE_CURVE('',#3132,#3130,#1429,.T.);
#3827=EDGE_CURVE('',#3132,#3133,#1430,.T.);
#3828=EDGE_CURVE('',#3133,#3131,#1431,.T.);
#3829=EDGE_CURVE('',#3134,#3130,#1432,.T.);
#3830=EDGE_CURVE('',#3135,#3134,#1433,.T.);
#3831=EDGE_CURVE('',#3135,#3132,#1434,.T.);
#3832=EDGE_CURVE('',#3136,#3134,#1435,.T.);
#3833=EDGE_CURVE('',#3137,#3136,#1436,.T.);
#3834=EDGE_CURVE('',#3137,#3135,#1437,.T.);
#3835=EDGE_CURVE('',#3104,#3098,#1438,.T.);
#3836=EDGE_CURVE('',#3105,#3101,#1439,.T.);
#3837=EDGE_CURVE('',#3112,#3106,#1440,.T.);
#3838=EDGE_CURVE('',#3113,#3109,#1441,.T.);
#3839=EDGE_CURVE('',#3138,#3138,#202,.T.);
#3840=EDGE_CURVE('',#3138,#3139,#1442,.T.);
#3841=EDGE_CURVE('',#3139,#3139,#203,.T.);
#3842=EDGE_CURVE('',#3140,#3140,#204,.T.);
#3843=EDGE_CURVE('',#3140,#3141,#1443,.T.);
#3844=EDGE_CURVE('',#3141,#3141,#205,.T.);
#3845=EDGE_CURVE('',#3115,#3120,#1444,.T.);
#3846=EDGE_CURVE('',#3117,#3121,#1445,.T.);
#3847=EDGE_CURVE('',#3123,#3128,#1446,.T.);
#3848=EDGE_CURVE('',#3125,#3129,#1447,.T.);
#3849=EDGE_CURVE('',#3131,#3136,#1448,.T.);
#3850=EDGE_CURVE('',#3133,#3137,#1449,.T.);
#3851=EDGE_CURVE('',#3142,#3142,#206,.T.);
#3852=EDGE_CURVE('',#3142,#3143,#1450,.T.);
#3853=EDGE_CURVE('',#3143,#3143,#207,.T.);
#3854=EDGE_CURVE('',#3144,#3144,#208,.T.);
#3855=EDGE_CURVE('',#3144,#3145,#1451,.T.);
#3856=EDGE_CURVE('',#3145,#3145,#209,.T.);
#3857=EDGE_CURVE('',#3096,#3090,#1452,.T.);
#3858=EDGE_CURVE('',#3097,#3093,#1453,.T.);
#3859=EDGE_CURVE('',#3146,#3147,#1454,.T.);
#3860=EDGE_CURVE('',#3147,#3148,#1455,.T.);
#3861=EDGE_CURVE('',#3149,#3148,#1456,.T.);
#3862=EDGE_CURVE('',#3149,#3146,#1457,.F.);
#3863=EDGE_CURVE('',#3150,#3151,#1458,.T.);
#3864=EDGE_CURVE('',#3151,#3152,#1459,.T.);
#3865=EDGE_CURVE('',#3153,#3152,#1460,.T.);
#3866=EDGE_CURVE('',#3153,#3150,#1461,.F.);
#3867=EDGE_CURVE('',#3154,#3155,#1462,.T.);
#3868=EDGE_CURVE('',#3155,#3156,#1463,.T.);
#3869=EDGE_CURVE('',#3157,#3156,#1464,.T.);
#3870=EDGE_CURVE('',#3157,#3154,#1465,.F.);
#3871=EDGE_CURVE('',#3158,#3159,#1466,.T.);
#3872=EDGE_CURVE('',#3158,#3160,#1467,.F.);
#3873=EDGE_CURVE('',#3160,#3161,#1468,.T.);
#3874=EDGE_CURVE('',#3161,#3159,#1469,.T.);
#3875=EDGE_CURVE('',#3162,#3163,#1470,.T.);
#3876=EDGE_CURVE('',#3162,#3164,#1471,.F.);
#3877=EDGE_CURVE('',#3164,#3165,#1472,.T.);
#3878=EDGE_CURVE('',#3165,#3163,#1473,.T.);
#3879=EDGE_CURVE('',#3166,#3167,#1474,.T.);
#3880=EDGE_CURVE('',#3167,#3168,#1475,.T.);
#3881=EDGE_CURVE('',#3169,#3168,#1476,.T.);
#3882=EDGE_CURVE('',#3169,#3166,#1477,.F.);
#3883=EDGE_CURVE('',#3170,#3171,#1478,.T.);
#3884=EDGE_CURVE('',#3171,#3172,#210,.T.);
#3885=EDGE_CURVE('',#3172,#3173,#1479,.T.);
#3886=EDGE_CURVE('',#3173,#3158,#211,.T.);
#3887=EDGE_CURVE('',#3159,#3174,#212,.T.);
#3888=EDGE_CURVE('',#3175,#3174,#1480,.T.);
#3889=EDGE_CURVE('',#3175,#3176,#213,.F.);
#3890=EDGE_CURVE('',#3177,#3176,#1481,.T.);
#3891=EDGE_CURVE('',#3177,#3157,#214,.T.);
#3892=EDGE_CURVE('',#3156,#3178,#215,.T.);
#3893=EDGE_CURVE('',#3179,#3178,#1482,.T.);
#3894=EDGE_CURVE('',#3179,#3180,#216,.F.);
#3895=EDGE_CURVE('',#3181,#3180,#1483,.T.);
#3896=EDGE_CURVE('',#3181,#3153,#217,.T.);
#3897=EDGE_CURVE('',#3152,#3182,#218,.T.);
#3898=EDGE_CURVE('',#3183,#3182,#1484,.T.);
#3899=EDGE_CURVE('',#3183,#3184,#219,.F.);
#3900=EDGE_CURVE('',#3185,#3184,#1485,.T.);
#3901=EDGE_CURVE('',#3185,#3149,#220,.T.);
#3902=EDGE_CURVE('',#3148,#3186,#221,.T.);
#3903=EDGE_CURVE('',#3187,#3186,#1486,.T.);
#3904=EDGE_CURVE('',#3187,#3188,#222,.F.);
#3905=EDGE_CURVE('',#3189,#3188,#1487,.T.);
#3906=EDGE_CURVE('',#3189,#3190,#223,.T.);
#3907=EDGE_CURVE('',#3190,#3191,#1488,.T.);
#3908=EDGE_CURVE('',#3191,#3192,#224,.T.);
#3909=EDGE_CURVE('',#3192,#3193,#1489,.T.);
#3910=EDGE_CURVE('',#3193,#3162,#225,.T.);
#3911=EDGE_CURVE('',#3163,#3194,#226,.T.);
#3912=EDGE_CURVE('',#3195,#3194,#1490,.T.);
#3913=EDGE_CURVE('',#3195,#3196,#227,.F.);
#3914=EDGE_CURVE('',#3197,#3196,#1491,.T.);
#3915=EDGE_CURVE('',#3197,#3169,#228,.T.);
#3916=EDGE_CURVE('',#3168,#3198,#229,.T.);
#3917=EDGE_CURVE('',#3198,#3199,#1492,.T.);
#3918=EDGE_CURVE('',#3199,#3200,#230,.F.);
#3919=EDGE_CURVE('',#3200,#3201,#1493,.T.);
#3920=EDGE_CURVE('',#3201,#3202,#231,.T.);
#3921=EDGE_CURVE('',#3202,#3203,#1494,.T.);
#3922=EDGE_CURVE('',#3203,#3204,#232,.T.);
#3923=EDGE_CURVE('',#3205,#3204,#1495,.T.);
#3924=EDGE_CURVE('',#3205,#3206,#233,.F.);
#3925=EDGE_CURVE('',#3207,#3206,#1496,.T.);
#3926=EDGE_CURVE('',#3207,#3208,#234,.T.);
#3927=EDGE_CURVE('',#3208,#3209,#1497,.T.);
#3928=EDGE_CURVE('',#3209,#3210,#235,.T.);
#3929=EDGE_CURVE('',#3210,#3211,#1498,.T.);
#3930=EDGE_CURVE('',#3211,#3212,#236,.F.);
#3931=EDGE_CURVE('',#3212,#3213,#1499,.T.);
#3932=EDGE_CURVE('',#3213,#3170,#237,.T.);
#3933=EDGE_CURVE('',#3214,#3215,#1500,.T.);
#3934=EDGE_CURVE('',#3216,#3214,#1501,.T.);
#3935=EDGE_CURVE('',#3217,#3216,#1502,.T.);
#3936=EDGE_CURVE('',#3215,#3217,#1503,.T.);
#3937=EDGE_CURVE('',#3218,#3219,#1504,.T.);
#3938=EDGE_CURVE('',#3220,#3218,#1505,.T.);
#3939=EDGE_CURVE('',#3221,#3220,#1506,.T.);
#3940=EDGE_CURVE('',#3219,#3221,#1507,.T.);
#3941=EDGE_CURVE('',#3222,#3223,#1508,.T.);
#3942=EDGE_CURVE('',#3224,#3222,#1509,.T.);
#3943=EDGE_CURVE('',#3225,#3224,#1510,.T.);
#3944=EDGE_CURVE('',#3223,#3225,#1511,.T.);
#3945=EDGE_CURVE('',#3226,#3227,#1512,.T.);
#3946=EDGE_CURVE('',#3228,#3226,#1513,.T.);
#3947=EDGE_CURVE('',#3229,#3228,#1514,.T.);
#3948=EDGE_CURVE('',#3227,#3229,#1515,.T.);
#3949=EDGE_CURVE('',#3230,#3231,#1516,.T.);
#3950=EDGE_CURVE('',#3232,#3230,#1517,.T.);
#3951=EDGE_CURVE('',#3233,#3232,#1518,.T.);
#3952=EDGE_CURVE('',#3231,#3233,#1519,.T.);
#3953=EDGE_CURVE('',#3234,#3235,#1520,.T.);
#3954=EDGE_CURVE('',#3234,#3236,#238,.F.);
#3955=EDGE_CURVE('',#3237,#3236,#1521,.T.);
#3956=EDGE_CURVE('',#3237,#3238,#239,.F.);
#3957=EDGE_CURVE('',#3239,#3238,#1522,.T.);
#3958=EDGE_CURVE('',#3239,#3240,#240,.T.);
#3959=EDGE_CURVE('',#3241,#3240,#1523,.T.);
#3960=EDGE_CURVE('',#3241,#3242,#241,.F.);
#3961=EDGE_CURVE('',#3243,#3242,#1524,.T.);
#3962=EDGE_CURVE('',#3243,#3244,#242,.F.);
#3963=EDGE_CURVE('',#3244,#3245,#1525,.T.);
#3964=EDGE_CURVE('',#3245,#3246,#243,.T.);
#3965=EDGE_CURVE('',#3246,#3247,#1526,.T.);
#3966=EDGE_CURVE('',#3247,#3248,#244,.F.);
#3967=EDGE_CURVE('',#3249,#3248,#1527,.T.);
#3968=EDGE_CURVE('',#3249,#3250,#245,.F.);
#3969=EDGE_CURVE('',#3251,#3250,#1528,.T.);
#3970=EDGE_CURVE('',#3251,#3252,#246,.T.);
#3971=EDGE_CURVE('',#3253,#3252,#1529,.T.);
#3972=EDGE_CURVE('',#3253,#3167,#247,.F.);
#3973=EDGE_CURVE('',#3166,#3254,#248,.F.);
#3974=EDGE_CURVE('',#3254,#3255,#1530,.T.);
#3975=EDGE_CURVE('',#3255,#3256,#249,.T.);
#3976=EDGE_CURVE('',#3256,#3257,#1531,.T.);
#3977=EDGE_CURVE('',#3257,#3165,#250,.F.);
#3978=EDGE_CURVE('',#3164,#3258,#251,.F.);
#3979=EDGE_CURVE('',#3259,#3258,#1532,.T.);
#3980=EDGE_CURVE('',#3259,#3260,#252,.F.);
#3981=EDGE_CURVE('',#3261,#3260,#1533,.T.);
#3982=EDGE_CURVE('',#3261,#3262,#253,.F.);
#3983=EDGE_CURVE('',#3262,#3263,#1534,.T.);
#3984=EDGE_CURVE('',#3263,#3264,#254,.T.);
#3985=EDGE_CURVE('',#3264,#3265,#1535,.T.);
#3986=EDGE_CURVE('',#3265,#3147,#255,.F.);
#3987=EDGE_CURVE('',#3146,#3266,#256,.F.);
#3988=EDGE_CURVE('',#3266,#3267,#1536,.T.);
#3989=EDGE_CURVE('',#3267,#3268,#257,.T.);
#3990=EDGE_CURVE('',#3268,#3269,#1537,.T.);
#3991=EDGE_CURVE('',#3269,#3151,#258,.F.);
#3992=EDGE_CURVE('',#3150,#3270,#259,.F.);
#3993=EDGE_CURVE('',#3270,#3271,#1538,.T.);
#3994=EDGE_CURVE('',#3271,#3272,#260,.T.);
#3995=EDGE_CURVE('',#3272,#3273,#1539,.T.);
#3996=EDGE_CURVE('',#3273,#3155,#261,.F.);
#3997=EDGE_CURVE('',#3154,#3274,#262,.F.);
#3998=EDGE_CURVE('',#3274,#3275,#1540,.T.);
#3999=EDGE_CURVE('',#3275,#3276,#263,.T.);
#4000=EDGE_CURVE('',#3276,#3277,#1541,.T.);
#4001=EDGE_CURVE('',#3277,#3161,#264,.F.);
#4002=EDGE_CURVE('',#3160,#3235,#265,.F.);
#4003=EDGE_CURVE('',#3278,#3279,#1542,.T.);
#4004=EDGE_CURVE('',#3279,#3280,#1543,.T.);
#4005=EDGE_CURVE('',#3280,#3281,#1544,.T.);
#4006=EDGE_CURVE('',#3281,#3278,#1545,.T.);
#4007=EDGE_CURVE('',#3282,#3283,#1546,.T.);
#4008=EDGE_CURVE('',#3283,#3284,#1547,.T.);
#4009=EDGE_CURVE('',#3284,#3285,#1548,.T.);
#4010=EDGE_CURVE('',#3285,#3282,#1549,.T.);
#4011=EDGE_CURVE('',#3286,#3287,#1550,.T.);
#4012=EDGE_CURVE('',#3287,#3288,#1551,.T.);
#4013=EDGE_CURVE('',#3288,#3289,#1552,.T.);
#4014=EDGE_CURVE('',#3289,#3286,#1553,.T.);
#4015=EDGE_CURVE('',#3290,#3291,#1554,.T.);
#4016=EDGE_CURVE('',#3291,#3292,#1555,.T.);
#4017=EDGE_CURVE('',#3292,#3293,#1556,.T.);
#4018=EDGE_CURVE('',#3293,#3290,#1557,.T.);
#4019=EDGE_CURVE('',#3294,#3295,#1558,.T.);
#4020=EDGE_CURVE('',#3295,#3296,#1559,.T.);
#4021=EDGE_CURVE('',#3296,#3297,#1560,.T.);
#4022=EDGE_CURVE('',#3297,#3294,#1561,.T.);
#4023=EDGE_CURVE('',#3248,#3203,#1562,.T.);
#4024=EDGE_CURVE('',#3202,#3249,#1563,.F.);
#4025=EDGE_CURVE('',#3242,#3209,#1564,.T.);
#4026=EDGE_CURVE('',#3208,#3243,#1565,.F.);
#4027=EDGE_CURVE('',#3236,#3171,#1566,.T.);
#4028=EDGE_CURVE('',#3170,#3237,#1567,.F.);
#4029=EDGE_CURVE('',#3172,#3234,#1568,.F.);
#4030=EDGE_CURVE('',#3235,#3173,#1569,.T.);
#4031=EDGE_CURVE('',#3260,#3191,#1570,.T.);
#4032=EDGE_CURVE('',#3190,#3261,#1571,.F.);
#4033=EDGE_CURVE('',#3295,#3231,#1572,.T.);
#4034=EDGE_CURVE('',#3294,#3230,#1573,.T.);
#4035=EDGE_CURVE('',#3297,#3232,#1574,.T.);
#4036=EDGE_CURVE('',#3296,#3233,#1575,.T.);
#4037=EDGE_CURVE('',#3291,#3227,#1576,.T.);
#4038=EDGE_CURVE('',#3290,#3226,#1577,.T.);
#4039=EDGE_CURVE('',#3293,#3228,#1578,.T.);
#4040=EDGE_CURVE('',#3292,#3229,#1579,.T.);
#4041=EDGE_CURVE('',#3287,#3223,#1580,.T.);
#4042=EDGE_CURVE('',#3286,#3222,#1581,.T.);
#4043=EDGE_CURVE('',#3289,#3224,#1582,.T.);
#4044=EDGE_CURVE('',#3288,#3225,#1583,.T.);
#4045=EDGE_CURVE('',#3283,#3219,#1584,.T.);
#4046=EDGE_CURVE('',#3282,#3218,#1585,.T.);
#4047=EDGE_CURVE('',#3285,#3220,#1586,.T.);
#4048=EDGE_CURVE('',#3284,#3221,#1587,.T.);
#4049=EDGE_CURVE('',#3279,#3215,#1588,.T.);
#4050=EDGE_CURVE('',#3278,#3214,#1589,.T.);
#4051=EDGE_CURVE('',#3281,#3216,#1590,.T.);
#4052=EDGE_CURVE('',#3280,#3217,#1591,.T.);
#4053=EDGE_CURVE('',#3192,#3259,#1592,.F.);
#4054=EDGE_CURVE('',#3258,#3193,#1593,.T.);
#4055=EDGE_CURVE('',#3240,#3211,#1594,.T.);
#4056=EDGE_CURVE('',#3210,#3241,#1595,.F.);
#4057=EDGE_CURVE('',#3212,#3239,#1596,.F.);
#4058=EDGE_CURVE('',#3238,#3213,#1597,.T.);
#4059=EDGE_CURVE('',#3206,#3245,#1598,.F.);
#4060=EDGE_CURVE('',#3244,#3207,#1599,.T.);
#4061=EDGE_CURVE('',#3246,#3205,#1600,.T.);
#4062=EDGE_CURVE('',#3204,#3247,#1601,.F.);
#4063=EDGE_CURVE('',#3252,#3199,#1602,.T.);
#4064=EDGE_CURVE('',#3198,#3253,#1603,.F.);
#4065=EDGE_CURVE('',#3200,#3251,#1604,.F.);
#4066=EDGE_CURVE('',#3250,#3201,#1605,.T.);
#4067=EDGE_CURVE('',#3196,#3255,#1606,.F.);
#4068=EDGE_CURVE('',#3254,#3197,#1607,.T.);
#4069=EDGE_CURVE('',#3256,#3195,#1608,.T.);
#4070=EDGE_CURVE('',#3194,#3257,#1609,.F.);
#4071=EDGE_CURVE('',#3176,#3275,#1610,.F.);
#4072=EDGE_CURVE('',#3274,#3177,#1611,.T.);
#4073=EDGE_CURVE('',#3276,#3175,#1612,.T.);
#4074=EDGE_CURVE('',#3174,#3277,#1613,.F.);
#4075=EDGE_CURVE('',#3180,#3271,#1614,.F.);
#4076=EDGE_CURVE('',#3270,#3181,#1615,.T.);
#4077=EDGE_CURVE('',#3272,#3179,#1616,.T.);
#4078=EDGE_CURVE('',#3178,#3273,#1617,.F.);
#4079=EDGE_CURVE('',#3184,#3267,#1618,.F.);
#4080=EDGE_CURVE('',#3266,#3185,#1619,.T.);
#4081=EDGE_CURVE('',#3268,#3183,#1620,.T.);
#4082=EDGE_CURVE('',#3182,#3269,#1621,.F.);
#4083=EDGE_CURVE('',#3188,#3263,#1622,.F.);
#4084=EDGE_CURVE('',#3262,#3189,#1623,.T.);
#4085=EDGE_CURVE('',#3264,#3187,#1624,.T.);
#4086=EDGE_CURVE('',#3186,#3265,#1625,.F.);
#4087=EDGE_CURVE('',#3298,#3299,#1626,.T.);
#4088=EDGE_CURVE('',#3300,#3299,#1627,.T.);
#4089=EDGE_CURVE('',#3301,#3300,#1628,.T.);
#4090=EDGE_CURVE('',#3301,#3298,#1629,.T.);
#4091=EDGE_CURVE('',#3299,#3302,#1630,.T.);
#4092=EDGE_CURVE('',#3303,#3302,#1631,.T.);
#4093=EDGE_CURVE('',#3300,#3303,#1632,.T.);
#4094=EDGE_CURVE('',#3302,#3304,#1633,.T.);
#4095=EDGE_CURVE('',#3305,#3304,#1634,.T.);
#4096=EDGE_CURVE('',#3303,#3305,#1635,.T.);
#4097=EDGE_CURVE('',#3304,#3298,#1636,.T.);
#4098=EDGE_CURVE('',#3305,#3301,#1637,.T.);
#4099=EDGE_CURVE('',#3306,#3307,#1638,.T.);
#4100=EDGE_CURVE('',#3308,#3306,#1639,.T.);
#4101=EDGE_CURVE('',#3309,#3308,#1640,.T.);
#4102=EDGE_CURVE('',#3307,#3309,#1641,.T.);
#4103=EDGE_CURVE('',#3310,#3307,#1642,.T.);
#4104=EDGE_CURVE('',#3311,#3310,#1643,.T.);
#4105=EDGE_CURVE('',#3311,#3306,#1644,.T.);
#4106=EDGE_CURVE('',#3312,#3309,#1645,.T.);
#4107=EDGE_CURVE('',#3310,#3312,#1646,.T.);
#4108=EDGE_CURVE('',#3313,#3308,#1647,.T.);
#4109=EDGE_CURVE('',#3312,#3313,#1648,.T.);
#4110=EDGE_CURVE('',#3313,#3311,#1649,.T.);
#4111=EDGE_CURVE('',#3314,#3314,#266,.T.);
#4112=EDGE_CURVE('',#3314,#3315,#267,.T.);
#4113=EDGE_CURVE('',#3315,#3316,#268,.F.);
#4114=EDGE_CURVE('',#3316,#3315,#269,.F.);
#4115=EDGE_CURVE('',#3317,#3317,#270,.T.);
#4116=EDGE_CURVE('',#3318,#3318,#271,.F.);
#4117=EDGE_CURVE('',#3319,#3320,#272,.T.);
#4118=EDGE_CURVE('',#3320,#3319,#273,.T.);
#4119=EDGE_CURVE('',#3319,#3321,#1650,.T.);
#4120=EDGE_CURVE('',#3321,#3321,#274,.T.);
#4121=EDGE_CURVE('',#3322,#3322,#275,.T.);
#4122=EDGE_CURVE('',#3322,#3323,#276,.T.);
#4123=EDGE_CURVE('',#3323,#3324,#277,.F.);
#4124=EDGE_CURVE('',#3324,#3323,#278,.F.);
#4125=EDGE_CURVE('',#3325,#3325,#279,.T.);
#4126=EDGE_CURVE('',#3326,#3327,#1651,.T.);
#4127=EDGE_CURVE('',#3328,#3326,#1652,.T.);
#4128=EDGE_CURVE('',#3329,#3328,#1653,.T.);
#4129=EDGE_CURVE('',#3327,#3329,#1654,.T.);
#4130=EDGE_CURVE('',#3325,#3324,#280,.T.);
#4131=EDGE_CURVE('',#3317,#3316,#281,.T.);
#4132=EDGE_CURVE('',#3320,#3318,#282,.T.);
#4133=EDGE_CURVE('',#3321,#3322,#283,.T.);
#4134=EDGE_CURVE('',#3330,#3327,#1655,.T.);
#4135=EDGE_CURVE('',#3331,#3330,#1656,.T.);
#4136=EDGE_CURVE('',#3331,#3326,#1657,.T.);
#4137=EDGE_CURVE('',#3332,#3329,#1658,.T.);
#4138=EDGE_CURVE('',#3330,#3332,#1659,.T.);
#4139=EDGE_CURVE('',#3333,#3328,#1660,.T.);
#4140=EDGE_CURVE('',#3332,#3333,#1661,.T.);
#4141=EDGE_CURVE('',#3333,#3331,#1662,.T.);
#4142=EDGE_CURVE('',#3334,#3335,#1663,.T.);
#4143=EDGE_CURVE('',#3336,#3335,#1664,.T.);
#4144=EDGE_CURVE('',#3337,#3336,#1665,.T.);
#4145=EDGE_CURVE('',#3337,#3334,#1666,.T.);
#4146=EDGE_CURVE('',#3335,#3338,#1667,.T.);
#4147=EDGE_CURVE('',#3339,#3338,#1668,.T.);
#4148=EDGE_CURVE('',#3336,#3339,#1669,.T.);
#4149=EDGE_CURVE('',#3338,#3340,#284,.T.);
#4150=EDGE_CURVE('',#3341,#3340,#1670,.T.);
#4151=EDGE_CURVE('',#3339,#3341,#285,.T.);
#4152=EDGE_CURVE('',#3340,#3342,#1671,.T.);
#4153=EDGE_CURVE('',#3342,#3343,#1672,.T.);
#4154=EDGE_CURVE('',#3341,#3343,#1673,.T.);
#4155=EDGE_CURVE('',#3344,#3345,#1674,.T.);
#4156=EDGE_CURVE('',#3345,#3346,#1675,.T.);
#4157=EDGE_CURVE('',#3346,#3347,#1676,.T.);
#4158=EDGE_CURVE('',#3347,#3344,#1677,.T.);
#4159=EDGE_CURVE('',#3348,#3349,#1678,.T.);
#4160=EDGE_CURVE('',#3348,#3350,#1679,.T.);
#4161=EDGE_CURVE('',#3350,#3351,#1680,.T.);
#4162=EDGE_CURVE('',#3349,#3351,#1681,.T.);
#4163=EDGE_CURVE('',#3351,#3352,#286,.T.);
#4164=EDGE_CURVE('',#3353,#3352,#1682,.T.);
#4165=EDGE_CURVE('',#3349,#3353,#287,.T.);
#4166=EDGE_CURVE('',#3352,#3334,#1683,.T.);
#4167=EDGE_CURVE('',#3353,#3337,#1684,.T.);
#4168=EDGE_CURVE('',#3343,#3348,#1685,.T.);
#4169=EDGE_CURVE('',#3350,#3342,#1686,.T.);
#4170=EDGE_CURVE('',#3344,#3350,#1687,.F.);
#4171=EDGE_CURVE('',#3342,#3347,#1688,.T.);
#4172=EDGE_CURVE('',#3343,#3346,#1689,.F.);
#4173=EDGE_CURVE('',#3345,#3348,#1690,.F.);
#4174=EDGE_CURVE('',#3354,#3355,#1691,.T.);
#4175=EDGE_CURVE('',#3355,#3356,#1692,.T.);
#4176=EDGE_CURVE('',#3356,#3357,#1693,.T.);
#4177=EDGE_CURVE('',#3357,#3358,#1694,.T.);
#4178=EDGE_CURVE('',#3358,#3359,#1695,.T.);
#4179=EDGE_CURVE('',#3359,#3360,#1696,.T.);
#4180=EDGE_CURVE('',#3360,#3361,#1697,.T.);
#4181=EDGE_CURVE('',#3361,#3362,#1698,.T.);
#4182=EDGE_CURVE('',#3362,#3363,#1699,.T.);
#4183=EDGE_CURVE('',#3363,#3364,#1700,.T.);
#4184=EDGE_CURVE('',#3364,#3365,#1701,.T.);
#4185=EDGE_CURVE('',#3365,#3366,#1702,.T.);
#4186=EDGE_CURVE('',#3366,#3367,#1703,.T.);
#4187=EDGE_CURVE('',#3367,#3354,#1704,.T.);
#4188=EDGE_CURVE('',#3368,#3369,#1705,.T.);
#4189=EDGE_CURVE('',#3368,#3370,#1706,.T.);
#4190=EDGE_CURVE('',#3371,#3370,#1707,.T.);
#4191=EDGE_CURVE('',#3369,#3371,#1708,.T.);
#4192=EDGE_CURVE('',#3369,#3372,#288,.T.);
#4193=EDGE_CURVE('',#3373,#3371,#289,.T.);
#4194=EDGE_CURVE('',#3372,#3373,#1709,.T.);
#4195=EDGE_CURVE('',#3372,#3374,#1710,.T.);
#4196=EDGE_CURVE('',#3375,#3373,#1711,.T.);
#4197=EDGE_CURVE('',#3374,#3375,#1712,.T.);
#4198=EDGE_CURVE('',#3374,#3376,#290,.T.);
#4199=EDGE_CURVE('',#3377,#3375,#291,.T.);
#4200=EDGE_CURVE('',#3376,#3377,#1713,.T.);
#4201=EDGE_CURVE('',#3376,#3378,#1714,.T.);
#4202=EDGE_CURVE('',#3379,#3377,#1715,.T.);
#4203=EDGE_CURVE('',#3378,#3379,#1716,.T.);
#4204=EDGE_CURVE('',#3378,#3380,#292,.T.);
#4205=EDGE_CURVE('',#3381,#3379,#293,.T.);
#4206=EDGE_CURVE('',#3380,#3381,#1717,.T.);
#4207=EDGE_CURVE('',#3380,#3382,#1718,.T.);
#4208=EDGE_CURVE('',#3383,#3381,#1719,.T.);
#4209=EDGE_CURVE('',#3382,#3383,#1720,.T.);
#4210=EDGE_CURVE('',#3382,#3368,#294,.T.);
#4211=EDGE_CURVE('',#3370,#3383,#295,.T.);
#4212=EDGE_CURVE('',#3384,#3385,#1721,.T.);
#4213=EDGE_CURVE('',#3384,#3386,#1722,.T.);
#4214=EDGE_CURVE('',#3387,#3386,#1723,.T.);
#4215=EDGE_CURVE('',#3385,#3387,#1724,.T.);
#4216=EDGE_CURVE('',#3385,#3388,#296,.T.);
#4217=EDGE_CURVE('',#3389,#3387,#297,.T.);
#4218=EDGE_CURVE('',#3388,#3389,#1725,.T.);
#4219=EDGE_CURVE('',#3388,#3390,#1726,.T.);
#4220=EDGE_CURVE('',#3391,#3389,#1727,.T.);
#4221=EDGE_CURVE('',#3390,#3391,#1728,.T.);
#4222=EDGE_CURVE('',#3390,#3392,#1729,.T.);
#4223=EDGE_CURVE('',#3393,#3391,#1730,.T.);
#4224=EDGE_CURVE('',#3392,#3393,#1731,.T.);
#4225=EDGE_CURVE('',#3392,#3394,#1732,.T.);
#4226=EDGE_CURVE('',#3395,#3393,#1733,.T.);
#4227=EDGE_CURVE('',#3394,#3395,#1734,.T.);
#4228=EDGE_CURVE('',#3394,#3396,#1735,.T.);
#4229=EDGE_CURVE('',#3397,#3395,#1736,.T.);
#4230=EDGE_CURVE('',#3396,#3397,#1737,.T.);
#4231=EDGE_CURVE('',#3396,#3398,#1738,.T.);
#4232=EDGE_CURVE('',#3399,#3397,#1739,.T.);
#4233=EDGE_CURVE('',#3398,#3399,#1740,.T.);
#4234=EDGE_CURVE('',#3398,#3384,#298,.T.);
#4235=EDGE_CURVE('',#3386,#3399,#299,.T.);
#4236=EDGE_CURVE('',#3400,#3401,#300,.T.);
#4237=EDGE_CURVE('',#3401,#3402,#1741,.T.);
#4238=EDGE_CURVE('',#3402,#3403,#301,.T.);
#4239=EDGE_CURVE('',#3403,#3404,#1742,.T.);
#4240=EDGE_CURVE('',#3404,#3405,#302,.T.);
#4241=EDGE_CURVE('',#3405,#3406,#1743,.T.);
#4242=EDGE_CURVE('',#3406,#3407,#303,.T.);
#4243=EDGE_CURVE('',#3407,#3408,#1744,.T.);
#4244=EDGE_CURVE('',#3408,#3409,#304,.T.);
#4245=EDGE_CURVE('',#3409,#3410,#1745,.T.);
#4246=EDGE_CURVE('',#3410,#3411,#305,.T.);
#4247=EDGE_CURVE('',#3411,#3400,#1746,.T.);
#4248=EDGE_CURVE('',#3412,#3412,#306,.T.);
#4249=EDGE_CURVE('',#3413,#3413,#307,.T.);
#4250=EDGE_CURVE('',#3414,#3414,#308,.T.);
#4251=EDGE_CURVE('',#3414,#3415,#1747,.T.);
#4252=EDGE_CURVE('',#3415,#3415,#309,.T.);
#4253=EDGE_CURVE('',#3416,#3417,#310,.T.);
#4254=EDGE_CURVE('',#3417,#3418,#1748,.T.);
#4255=EDGE_CURVE('',#3418,#3419,#311,.T.);
#4256=EDGE_CURVE('',#3419,#3420,#1749,.T.);
#4257=EDGE_CURVE('',#3420,#3421,#312,.T.);
#4258=EDGE_CURVE('',#3421,#3422,#1750,.T.);
#4259=EDGE_CURVE('',#3422,#3423,#313,.T.);
#4260=EDGE_CURVE('',#3423,#3424,#1751,.T.);
#4261=EDGE_CURVE('',#3424,#3425,#314,.T.);
#4262=EDGE_CURVE('',#3425,#3426,#1752,.T.);
#4263=EDGE_CURVE('',#3426,#3427,#315,.T.);
#4264=EDGE_CURVE('',#3416,#3427,#1753,.T.);
#4265=EDGE_CURVE('',#3428,#3428,#316,.T.);
#4266=EDGE_CURVE('',#3429,#3430,#1754,.T.);
#4267=EDGE_CURVE('',#3430,#3431,#317,.T.);
#4268=EDGE_CURVE('',#3431,#3432,#1755,.T.);
#4269=EDGE_CURVE('',#3432,#3433,#318,.T.);
#4270=EDGE_CURVE('',#3433,#3434,#1756,.T.);
#4271=EDGE_CURVE('',#3434,#3435,#319,.T.);
#4272=EDGE_CURVE('',#3435,#3436,#1757,.T.);
#4273=EDGE_CURVE('',#3436,#3429,#320,.T.);
#4274=EDGE_CURVE('',#3414,#3412,#1758,.T.);
#4275=EDGE_CURVE('',#3437,#3437,#321,.T.);
#4276=EDGE_CURVE('',#3437,#3428,#1759,.T.);
#4277=EDGE_CURVE('',#3437,#3413,#1760,.T.);
#4278=EDGE_CURVE('',#3438,#3439,#1761,.T.);
#4279=EDGE_CURVE('',#3440,#3438,#1762,.T.);
#4280=EDGE_CURVE('',#3441,#3440,#1763,.T.);
#4281=EDGE_CURVE('',#3439,#3441,#1764,.T.);
#4282=EDGE_CURVE('',#3442,#3443,#1765,.T.);
#4283=EDGE_CURVE('',#3444,#3442,#1766,.T.);
#4284=EDGE_CURVE('',#3445,#3444,#1767,.T.);
#4285=EDGE_CURVE('',#3443,#3445,#1768,.T.);
#4286=EDGE_CURVE('',#3442,#3446,#1769,.T.);
#4287=EDGE_CURVE('',#3447,#3446,#1770,.T.);
#4288=EDGE_CURVE('',#3444,#3447,#1771,.T.);
#4289=EDGE_CURVE('',#3443,#3448,#1772,.T.);
#4290=EDGE_CURVE('',#3446,#3448,#1773,.T.);
#4291=EDGE_CURVE('',#3438,#3449,#1774,.T.);
#4292=EDGE_CURVE('',#3450,#3449,#1775,.T.);
#4293=EDGE_CURVE('',#3450,#3440,#1776,.T.);
#4294=EDGE_CURVE('',#3451,#3450,#1777,.T.);
#4295=EDGE_CURVE('',#3451,#3441,#1778,.T.);
#4296=EDGE_CURVE('',#3452,#3451,#1779,.T.);
#4297=EDGE_CURVE('',#3452,#3439,#1780,.T.);
#4298=EDGE_CURVE('',#3449,#3452,#1781,.T.);
#4299=EDGE_CURVE('',#3429,#3453,#1782,.T.);
#4300=EDGE_CURVE('',#3454,#3453,#1783,.T.);
#4301=EDGE_CURVE('',#3430,#3454,#1784,.T.);
#4302=EDGE_CURVE('',#3455,#3454,#322,.T.);
#4303=EDGE_CURVE('',#3431,#3455,#1785,.T.);
#4304=EDGE_CURVE('',#3456,#3455,#1786,.T.);
#4305=EDGE_CURVE('',#3432,#3456,#1787,.T.);
#4306=EDGE_CURVE('',#3457,#3456,#323,.T.);
#4307=EDGE_CURVE('',#3433,#3457,#1788,.T.);
#4308=EDGE_CURVE('',#3458,#3457,#1789,.T.);
#4309=EDGE_CURVE('',#3434,#3458,#1790,.T.);
#4310=EDGE_CURVE('',#3459,#3458,#324,.T.);
#4311=EDGE_CURVE('',#3435,#3459,#1791,.T.);
#4312=EDGE_CURVE('',#3460,#3459,#1792,.T.);
#4313=EDGE_CURVE('',#3436,#3460,#1793,.T.);
#4314=EDGE_CURVE('',#3453,#3460,#325,.T.);
#4315=EDGE_CURVE('',#3461,#3462,#1794,.T.);
#4316=EDGE_CURVE('',#3462,#3463,#1795,.T.);
#4317=EDGE_CURVE('',#3463,#3464,#1796,.T.);
#4318=EDGE_CURVE('',#3464,#3465,#1797,.T.);
#4319=EDGE_CURVE('',#3465,#3466,#1798,.T.);
#4320=EDGE_CURVE('',#3466,#3467,#1799,.T.);
#4321=EDGE_CURVE('',#3467,#3468,#1800,.T.);
#4322=EDGE_CURVE('',#3468,#3469,#1801,.T.);
#4323=EDGE_CURVE('',#3469,#3470,#1802,.T.);
#4324=EDGE_CURVE('',#3470,#3471,#1803,.T.);
#4325=EDGE_CURVE('',#3471,#3472,#1804,.T.);
#4326=EDGE_CURVE('',#3472,#3473,#1805,.T.);
#4327=EDGE_CURVE('',#3473,#3474,#1806,.T.);
#4328=EDGE_CURVE('',#3474,#3461,#1807,.T.);
#4329=EDGE_CURVE('',#3475,#3447,#1808,.T.);
#4330=EDGE_CURVE('',#3445,#3475,#1809,.T.);
#4331=EDGE_CURVE('',#3448,#3475,#1810,.T.);
#4332=EDGE_CURVE('',#3355,#3462,#1811,.T.);
#4333=EDGE_CURVE('',#3354,#3463,#1812,.T.);
#4334=EDGE_CURVE('',#3367,#3464,#1813,.T.);
#4335=EDGE_CURVE('',#3366,#3465,#1814,.T.);
#4336=EDGE_CURVE('',#3365,#3466,#1815,.T.);
#4337=EDGE_CURVE('',#3364,#3467,#1816,.T.);
#4338=EDGE_CURVE('',#3363,#3468,#1817,.T.);
#4339=EDGE_CURVE('',#3362,#3469,#1818,.T.);
#4340=EDGE_CURVE('',#3361,#3470,#1819,.T.);
#4341=EDGE_CURVE('',#3360,#3471,#1820,.T.);
#4342=EDGE_CURVE('',#3359,#3472,#1821,.T.);
#4343=EDGE_CURVE('',#3358,#3473,#1822,.T.);
#4344=EDGE_CURVE('',#3357,#3474,#1823,.T.);
#4345=EDGE_CURVE('',#3461,#3356,#1824,.T.);
#4346=EDGE_CURVE('',#3417,#3400,#1825,.T.);
#4347=EDGE_CURVE('',#3418,#3411,#1826,.T.);
#4348=EDGE_CURVE('',#3419,#3410,#1827,.T.);
#4349=EDGE_CURVE('',#3420,#3409,#1828,.T.);
#4350=EDGE_CURVE('',#3421,#3408,#1829,.T.);
#4351=EDGE_CURVE('',#3422,#3407,#1830,.T.);
#4352=EDGE_CURVE('',#3423,#3406,#1831,.T.);
#4353=EDGE_CURVE('',#3424,#3405,#1832,.T.);
#4354=EDGE_CURVE('',#3425,#3404,#1833,.T.);
#4355=EDGE_CURVE('',#3426,#3403,#1834,.T.);
#4356=EDGE_CURVE('',#3427,#3402,#1835,.T.);
#4357=EDGE_CURVE('',#3416,#3401,#1836,.T.);
#4358=EDGE_CURVE('',#3476,#3477,#1837,.T.);
#4359=EDGE_CURVE('',#3477,#3478,#1838,.T.);
#4360=EDGE_CURVE('',#3478,#3479,#1839,.T.);
#4361=EDGE_CURVE('',#3479,#3476,#1840,.T.);
#4362=EDGE_CURVE('',#3480,#3481,#1841,.T.);
#4363=EDGE_CURVE('',#3481,#3482,#1842,.T.);
#4364=EDGE_CURVE('',#3482,#3483,#1843,.T.);
#4365=EDGE_CURVE('',#3483,#3480,#1844,.T.);
#4366=EDGE_CURVE('',#3484,#3482,#1845,.T.);
#4367=EDGE_CURVE('',#3481,#3485,#1846,.T.);
#4368=EDGE_CURVE('',#3485,#3484,#1847,.T.);
#4369=EDGE_CURVE('',#3486,#3484,#1848,.T.);
#4370=EDGE_CURVE('',#3485,#3487,#1849,.T.);
#4371=EDGE_CURVE('',#3487,#3486,#1850,.T.);
#4372=EDGE_CURVE('',#3479,#3480,#1851,.T.);
#4373=EDGE_CURVE('',#3483,#3476,#1852,.T.);
#4374=EDGE_CURVE('',#3477,#3486,#1853,.T.);
#4375=EDGE_CURVE('',#3487,#3478,#1854,.T.);
#4376=EDGE_CURVE('',#3488,#3476,#1855,.T.);
#4377=EDGE_CURVE('',#3489,#3488,#1856,.T.);
#4378=EDGE_CURVE('',#3477,#3489,#1857,.T.);
#4379=EDGE_CURVE('',#3483,#3490,#1858,.T.);
#4380=EDGE_CURVE('',#3488,#3490,#1859,.T.);
#4381=EDGE_CURVE('',#3491,#3482,#1860,.T.);
#4382=EDGE_CURVE('',#3490,#3491,#1861,.T.);
#4383=EDGE_CURVE('',#3492,#3493,#1862,.T.);
#4384=EDGE_CURVE('',#3493,#3489,#1863,.T.);
#4385=EDGE_CURVE('',#3488,#3492,#1864,.T.);
#4386=EDGE_CURVE('',#3493,#3494,#1865,.T.);
#4387=EDGE_CURVE('',#3494,#3495,#1866,.T.);
#4388=EDGE_CURVE('',#3495,#3489,#1867,.T.);
#4389=EDGE_CURVE('',#3491,#3496,#1868,.T.);
#4390=EDGE_CURVE('',#3496,#3497,#1869,.T.);
#4391=EDGE_CURVE('',#3497,#3490,#1870,.T.);
#4392=EDGE_CURVE('',#3494,#3498,#1871,.T.);
#4393=EDGE_CURVE('',#3498,#3499,#1872,.T.);
#4394=EDGE_CURVE('',#3499,#3495,#1873,.T.);
#4395=EDGE_CURVE('',#3491,#3499,#1874,.T.);
#4396=EDGE_CURVE('',#3498,#3496,#1875,.T.);
#4397=EDGE_CURVE('',#3497,#3492,#1876,.T.);
#4398=EDGE_CURVE('',#3495,#3486,#1877,.T.);
#4399=EDGE_CURVE('',#3484,#3499,#1878,.T.);
#4400=EDGE_CURVE('',#3500,#3501,#1879,.T.);
#4401=EDGE_CURVE('',#3501,#3502,#1880,.T.);
#4402=EDGE_CURVE('',#3502,#3503,#1881,.T.);
#4403=EDGE_CURVE('',#3503,#3500,#1882,.T.);
#4404=EDGE_CURVE('',#3504,#3505,#1883,.T.);
#4405=EDGE_CURVE('',#3505,#3506,#1884,.T.);
#4406=EDGE_CURVE('',#3506,#3507,#1885,.T.);
#4407=EDGE_CURVE('',#3507,#3504,#1886,.T.);
#4408=EDGE_CURVE('',#3508,#3506,#1887,.T.);
#4409=EDGE_CURVE('',#3505,#3509,#1888,.T.);
#4410=EDGE_CURVE('',#3509,#3508,#1889,.T.);
#4411=EDGE_CURVE('',#3510,#3508,#1890,.T.);
#4412=EDGE_CURVE('',#3509,#3511,#1891,.T.);
#4413=EDGE_CURVE('',#3511,#3510,#1892,.T.);
#4414=EDGE_CURVE('',#3503,#3504,#1893,.T.);
#4415=EDGE_CURVE('',#3507,#3500,#1894,.T.);
#4416=EDGE_CURVE('',#3501,#3510,#1895,.T.);
#4417=EDGE_CURVE('',#3511,#3502,#1896,.T.);
#4418=EDGE_CURVE('',#3512,#3500,#1897,.T.);
#4419=EDGE_CURVE('',#3513,#3512,#1898,.T.);
#4420=EDGE_CURVE('',#3501,#3513,#1899,.T.);
#4421=EDGE_CURVE('',#3507,#3514,#1900,.T.);
#4422=EDGE_CURVE('',#3512,#3514,#1901,.T.);
#4423=EDGE_CURVE('',#3515,#3506,#1902,.T.);
#4424=EDGE_CURVE('',#3514,#3515,#1903,.T.);
#4425=EDGE_CURVE('',#3516,#3517,#1904,.T.);
#4426=EDGE_CURVE('',#3517,#3513,#1905,.T.);
#4427=EDGE_CURVE('',#3512,#3516,#1906,.T.);
#4428=EDGE_CURVE('',#3517,#3518,#1907,.T.);
#4429=EDGE_CURVE('',#3518,#3519,#1908,.T.);
#4430=EDGE_CURVE('',#3519,#3513,#1909,.T.);
#4431=EDGE_CURVE('',#3515,#3520,#1910,.T.);
#4432=EDGE_CURVE('',#3520,#3521,#1911,.T.);
#4433=EDGE_CURVE('',#3521,#3514,#1912,.T.);
#4434=EDGE_CURVE('',#3518,#3522,#1913,.T.);
#4435=EDGE_CURVE('',#3522,#3523,#1914,.T.);
#4436=EDGE_CURVE('',#3523,#3519,#1915,.T.);
#4437=EDGE_CURVE('',#3515,#3523,#1916,.T.);
#4438=EDGE_CURVE('',#3522,#3520,#1917,.T.);
#4439=EDGE_CURVE('',#3521,#3516,#1918,.T.);
#4440=EDGE_CURVE('',#3519,#3510,#1919,.T.);
#4441=EDGE_CURVE('',#3508,#3523,#1920,.T.);
#4442=EDGE_CURVE('',#3524,#3525,#1921,.T.);
#4443=EDGE_CURVE('',#3525,#3526,#1922,.T.);
#4444=EDGE_CURVE('',#3526,#3527,#1923,.T.);
#4445=EDGE_CURVE('',#3527,#3524,#1924,.T.);
#4446=EDGE_CURVE('',#3528,#3529,#1925,.T.);
#4447=EDGE_CURVE('',#3529,#3530,#1926,.T.);
#4448=EDGE_CURVE('',#3530,#3531,#1927,.T.);
#4449=EDGE_CURVE('',#3531,#3528,#1928,.T.);
#4450=EDGE_CURVE('',#3532,#3530,#1929,.T.);
#4451=EDGE_CURVE('',#3529,#3533,#1930,.T.);
#4452=EDGE_CURVE('',#3533,#3532,#1931,.T.);
#4453=EDGE_CURVE('',#3534,#3532,#1932,.T.);
#4454=EDGE_CURVE('',#3533,#3535,#1933,.T.);
#4455=EDGE_CURVE('',#3535,#3534,#1934,.T.);
#4456=EDGE_CURVE('',#3527,#3528,#1935,.T.);
#4457=EDGE_CURVE('',#3531,#3524,#1936,.T.);
#4458=EDGE_CURVE('',#3525,#3534,#1937,.T.);
#4459=EDGE_CURVE('',#3535,#3526,#1938,.T.);
#4460=EDGE_CURVE('',#3536,#3524,#1939,.T.);
#4461=EDGE_CURVE('',#3537,#3536,#1940,.T.);
#4462=EDGE_CURVE('',#3525,#3537,#1941,.T.);
#4463=EDGE_CURVE('',#3531,#3538,#1942,.T.);
#4464=EDGE_CURVE('',#3536,#3538,#1943,.T.);
#4465=EDGE_CURVE('',#3539,#3530,#1944,.T.);
#4466=EDGE_CURVE('',#3538,#3539,#1945,.T.);
#4467=EDGE_CURVE('',#3540,#3541,#1946,.T.);
#4468=EDGE_CURVE('',#3541,#3537,#1947,.T.);
#4469=EDGE_CURVE('',#3536,#3540,#1948,.T.);
#4470=EDGE_CURVE('',#3541,#3542,#1949,.T.);
#4471=EDGE_CURVE('',#3542,#3543,#1950,.T.);
#4472=EDGE_CURVE('',#3543,#3537,#1951,.T.);
#4473=EDGE_CURVE('',#3539,#3544,#1952,.T.);
#4474=EDGE_CURVE('',#3544,#3545,#1953,.T.);
#4475=EDGE_CURVE('',#3545,#3538,#1954,.T.);
#4476=EDGE_CURVE('',#3542,#3546,#1955,.T.);
#4477=EDGE_CURVE('',#3546,#3547,#1956,.T.);
#4478=EDGE_CURVE('',#3547,#3543,#1957,.T.);
#4479=EDGE_CURVE('',#3539,#3547,#1958,.T.);
#4480=EDGE_CURVE('',#3546,#3544,#1959,.T.);
#4481=EDGE_CURVE('',#3545,#3540,#1960,.T.);
#4482=EDGE_CURVE('',#3543,#3534,#1961,.T.);
#4483=EDGE_CURVE('',#3532,#3547,#1962,.T.);
#4484=EDGE_CURVE('',#3548,#3549,#1963,.T.);
#4485=EDGE_CURVE('',#3548,#3550,#1964,.T.);
#4486=EDGE_CURVE('',#3551,#3550,#1965,.T.);
#4487=EDGE_CURVE('',#3549,#3551,#1966,.T.);
#4488=EDGE_CURVE('',#3552,#3553,#1967,.T.);
#4489=EDGE_CURVE('',#3553,#3551,#1968,.T.);
#4490=EDGE_CURVE('',#3550,#3552,#1969,.T.);
#4491=EDGE_CURVE('',#3549,#3554,#1970,.T.);
#4492=EDGE_CURVE('',#3554,#3555,#1971,.T.);
#4493=EDGE_CURVE('',#3555,#3556,#1972,.T.);
#4494=EDGE_CURVE('',#3556,#3557,#1973,.T.);
#4495=EDGE_CURVE('',#3557,#3548,#1974,.T.);
#4496=EDGE_CURVE('',#3558,#3559,#1975,.T.);
#4497=EDGE_CURVE('',#3559,#3552,#1976,.T.);
#4498=EDGE_CURVE('',#3558,#3548,#1977,.T.);
#4499=EDGE_CURVE('',#3558,#3560,#1978,.T.);
#4500=EDGE_CURVE('',#3560,#3557,#1979,.T.);
#4501=EDGE_CURVE('',#3560,#3561,#1980,.T.);
#4502=EDGE_CURVE('',#3561,#3556,#1981,.T.);
#4503=EDGE_CURVE('',#3562,#3561,#1982,.T.);
#4504=EDGE_CURVE('',#3562,#3555,#1983,.T.);
#4505=EDGE_CURVE('',#3563,#3562,#1984,.T.);
#4506=EDGE_CURVE('',#3563,#3554,#1985,.T.);
#4507=EDGE_CURVE('',#3563,#3564,#1986,.T.);
#4508=EDGE_CURVE('',#3564,#3549,#1987,.T.);
#4509=EDGE_CURVE('',#3565,#3564,#1988,.T.);
#4510=EDGE_CURVE('',#3565,#3553,#1989,.T.);
#4511=EDGE_CURVE('',#3565,#3559,#1990,.T.);
#4512=EDGE_CURVE('',#3566,#3567,#1991,.T.);
#4513=EDGE_CURVE('',#3566,#3568,#1992,.T.);
#4514=EDGE_CURVE('',#3569,#3568,#1993,.T.);
#4515=EDGE_CURVE('',#3567,#3569,#1994,.T.);
#4516=EDGE_CURVE('',#3567,#3570,#1995,.T.);
#4517=EDGE_CURVE('',#3571,#3569,#1996,.T.);
#4518=EDGE_CURVE('',#3570,#3571,#1997,.T.);
#4519=EDGE_CURVE('',#3572,#3573,#1998,.T.);
#4520=EDGE_CURVE('',#3572,#3574,#1999,.T.);
#4521=EDGE_CURVE('',#3575,#3574,#2000,.T.);
#4522=EDGE_CURVE('',#3573,#3575,#2001,.T.);
#4523=EDGE_CURVE('',#3573,#3576,#2002,.T.);
#4524=EDGE_CURVE('',#3577,#3575,#2003,.T.);
#4525=EDGE_CURVE('',#3576,#3577,#2004,.T.);
#4526=EDGE_CURVE('',#3578,#3579,#2005,.T.);
#4527=EDGE_CURVE('',#3578,#3580,#2006,.T.);
#4528=EDGE_CURVE('',#3581,#3580,#2007,.T.);
#4529=EDGE_CURVE('',#3579,#3581,#2008,.T.);
#4530=EDGE_CURVE('',#3579,#3582,#2009,.T.);
#4531=EDGE_CURVE('',#3583,#3581,#2010,.T.);
#4532=EDGE_CURVE('',#3582,#3583,#2011,.T.);
#4533=EDGE_CURVE('',#3584,#3585,#2012,.T.);
#4534=EDGE_CURVE('',#3584,#3586,#2013,.T.);
#4535=EDGE_CURVE('',#3587,#3586,#2014,.T.);
#4536=EDGE_CURVE('',#3585,#3587,#2015,.T.);
#4537=EDGE_CURVE('',#3585,#3588,#2016,.T.);
#4538=EDGE_CURVE('',#3589,#3587,#2017,.T.);
#4539=EDGE_CURVE('',#3588,#3589,#2018,.T.);
#4540=EDGE_CURVE('',#3568,#3589,#2019,.T.);
#4541=EDGE_CURVE('',#3586,#3583,#2020,.T.);
#4542=EDGE_CURVE('',#3580,#3577,#2021,.T.);
#4543=EDGE_CURVE('',#3574,#3571,#2022,.T.);
#4544=EDGE_CURVE('',#3590,#3588,#2023,.T.);
#4545=EDGE_CURVE('',#3584,#3590,#2024,.T.);
#4546=EDGE_CURVE('',#3591,#3570,#2025,.T.);
#4547=EDGE_CURVE('',#3566,#3591,#2026,.T.);
#4548=EDGE_CURVE('',#3592,#3576,#2027,.T.);
#4549=EDGE_CURVE('',#3572,#3592,#2028,.T.);
#4550=EDGE_CURVE('',#3593,#3582,#2029,.T.);
#4551=EDGE_CURVE('',#3578,#3593,#2030,.T.);
#4552=EDGE_CURVE('',#3594,#3595,#2031,.T.);
#4553=EDGE_CURVE('',#3596,#3594,#2032,.T.);
#4554=EDGE_CURVE('',#3597,#3596,#2033,.T.);
#4555=EDGE_CURVE('',#3595,#3597,#2034,.T.);
#4556=EDGE_CURVE('',#3598,#3594,#2035,.T.);
#4557=EDGE_CURVE('',#3599,#3598,#2036,.T.);
#4558=EDGE_CURVE('',#3599,#3596,#2037,.T.);
#4559=EDGE_CURVE('',#3600,#3600,#326,.T.);
#4560=EDGE_CURVE('',#3601,#3595,#2038,.T.);
#4561=EDGE_CURVE('',#3598,#3601,#2039,.T.);
#4562=EDGE_CURVE('',#3602,#3590,#2040,.T.);
#4563=EDGE_CURVE('',#3603,#3602,#2041,.T.);
#4564=EDGE_CURVE('',#3603,#3593,#2042,.T.);
#4565=EDGE_CURVE('',#3604,#3591,#2043,.T.);
#4566=EDGE_CURVE('',#3602,#3604,#2044,.T.);
#4567=EDGE_CURVE('',#3605,#3605,#327,.T.);
#4568=EDGE_CURVE('',#3606,#3597,#2045,.T.);
#4569=EDGE_CURVE('',#3601,#3606,#2046,.T.);
#4570=EDGE_CURVE('',#3607,#3607,#328,.T.);
#4571=EDGE_CURVE('',#3605,#3607,#2047,.T.);
#4572=EDGE_CURVE('',#3600,#3608,#2048,.T.);
#4573=EDGE_CURVE('',#3608,#3608,#329,.T.);
#4574=EDGE_CURVE('',#3609,#3592,#2049,.T.);
#4575=EDGE_CURVE('',#3604,#3609,#2050,.T.);
#4576=EDGE_CURVE('',#3609,#3603,#2051,.T.);
#4577=EDGE_CURVE('',#3606,#3599,#2052,.T.);
#4578=EDGE_CURVE('',#3610,#3611,#2053,.T.);
#4579=EDGE_CURVE('',#3611,#3612,#2054,.T.);
#4580=EDGE_CURVE('',#3613,#3612,#2055,.T.);
#4581=EDGE_CURVE('',#3610,#3613,#2056,.T.);
#4582=EDGE_CURVE('',#3614,#3610,#2057,.T.);
#4583=EDGE_CURVE('',#3615,#3613,#2058,.T.);
#4584=EDGE_CURVE('',#3614,#3615,#2059,.T.);
#4585=EDGE_CURVE('',#3616,#3614,#2060,.T.);
#4586=EDGE_CURVE('',#3617,#3615,#2061,.T.);
#4587=EDGE_CURVE('',#3616,#3617,#2062,.T.);
#4588=EDGE_CURVE('',#3611,#3616,#2063,.T.);
#4589=EDGE_CURVE('',#3612,#3617,#2064,.T.);
#4590=EDGE_CURVE('',#3618,#3619,#11,.T.);
#4591=EDGE_CURVE('',#3619,#3620,#2065,.T.);
#4592=EDGE_CURVE('',#3620,#3621,#12,.T.);
#4593=EDGE_CURVE('',#3621,#3618,#2066,.T.);
#4594=EDGE_CURVE('',#3622,#3620,#330,.T.);
#4595=EDGE_CURVE('',#3623,#3622,#13,.T.);
#4596=EDGE_CURVE('',#3624,#3623,#14,.T.);
#4597=EDGE_CURVE('',#3625,#3624,#2067,.T.);
#4598=EDGE_CURVE('',#3621,#3625,#15,.T.);
#4599=EDGE_CURVE('',#3626,#3626,#331,.T.);
#4600=EDGE_CURVE('',#3619,#3627,#332,.T.);
#4601=EDGE_CURVE('',#3622,#3627,#2068,.T.);
#4602=EDGE_CURVE('',#3627,#3628,#16,.T.);
#4603=EDGE_CURVE('',#3628,#3623,#2069,.T.);
#4604=EDGE_CURVE('',#3629,#3629,#333,.T.);
#4605=EDGE_CURVE('',#3626,#3629,#2070,.T.);
#4606=EDGE_CURVE('',#3630,#3630,#334,.T.);
#4607=EDGE_CURVE('',#3630,#3631,#2071,.T.);
#4608=EDGE_CURVE('',#3631,#3631,#335,.T.);
#4609=EDGE_CURVE('',#3632,#3618,#17,.T.);
#4610=EDGE_CURVE('',#3633,#3632,#2072,.T.);
#4611=EDGE_CURVE('',#3628,#3633,#18,.T.);
#4612=EDGE_CURVE('',#3625,#3632,#2073,.T.);
#4613=EDGE_CURVE('',#3624,#3633,#2074,.T.);
#4614=EDGE_CURVE('',#3634,#3635,#2075,.T.);
#4615=EDGE_CURVE('',#3634,#3636,#2076,.T.);
#4616=EDGE_CURVE('',#3637,#3636,#2077,.T.);
#4617=EDGE_CURVE('',#3635,#3637,#2078,.T.);
#4618=EDGE_CURVE('',#3635,#3638,#2079,.T.);
#4619=EDGE_CURVE('',#3639,#3637,#2080,.T.);
#4620=EDGE_CURVE('',#3638,#3639,#2081,.T.);
#4621=EDGE_CURVE('',#3638,#3640,#2082,.T.);
#4622=EDGE_CURVE('',#3641,#3639,#2083,.T.);
#4623=EDGE_CURVE('',#3640,#3641,#2084,.T.);
#4624=EDGE_CURVE('',#3640,#3634,#2085,.T.);
#4625=EDGE_CURVE('',#3636,#3641,#2086,.T.);
#4626=EDGE_CURVE('',#3642,#3642,#336,.T.);
#4627=EDGE_CURVE('',#3642,#3643,#2087,.T.);
#4628=EDGE_CURVE('',#3643,#3643,#337,.T.);
#4629=EDGE_CURVE('',#3644,#3644,#338,.T.);
#4630=EDGE_CURVE('',#3644,#3645,#2088,.T.);
#4631=EDGE_CURVE('',#3645,#3645,#339,.T.);
#4632=EDGE_CURVE('',#3646,#3646,#340,.T.);
#4633=EDGE_CURVE('',#3646,#3647,#2089,.T.);
#4634=EDGE_CURVE('',#3647,#3647,#341,.T.);
#4635=EDGE_CURVE('',#3648,#3648,#342,.T.);
#4636=EDGE_CURVE('',#3648,#3649,#2090,.T.);
#4637=EDGE_CURVE('',#3649,#3649,#343,.T.);
#4638=EDGE_CURVE('',#3650,#3651,#2091,.T.);
#4639=EDGE_CURVE('',#3651,#3652,#2092,.T.);
#4640=EDGE_CURVE('',#3653,#3652,#2093,.T.);
#4641=EDGE_CURVE('',#3650,#3653,#2094,.T.);
#4642=EDGE_CURVE('',#3651,#3654,#344,.T.);
#4643=EDGE_CURVE('',#3654,#3655,#2095,.T.);
#4644=EDGE_CURVE('',#3652,#3655,#345,.T.);
#4645=EDGE_CURVE('',#3654,#3656,#2096,.T.);
#4646=EDGE_CURVE('',#3656,#3657,#2097,.T.);
#4647=EDGE_CURVE('',#3655,#3657,#2098,.T.);
#4648=EDGE_CURVE('',#3656,#3658,#346,.T.);
#4649=EDGE_CURVE('',#3658,#3659,#2099,.T.);
#4650=EDGE_CURVE('',#3657,#3659,#347,.T.);
#4651=EDGE_CURVE('',#3658,#3660,#2100,.T.);
#4652=EDGE_CURVE('',#3660,#3661,#2101,.T.);
#4653=EDGE_CURVE('',#3659,#3661,#2102,.T.);
#4654=EDGE_CURVE('',#3660,#3662,#348,.T.);
#4655=EDGE_CURVE('',#3662,#3663,#2103,.T.);
#4656=EDGE_CURVE('',#3661,#3663,#349,.T.);
#4657=EDGE_CURVE('',#3662,#3664,#350,.T.);
#4658=EDGE_CURVE('',#3664,#3665,#2104,.T.);
#4659=EDGE_CURVE('',#3663,#3665,#351,.T.);
#4660=EDGE_CURVE('',#3664,#3666,#2105,.T.);
#4661=EDGE_CURVE('',#3666,#3667,#2106,.T.);
#4662=EDGE_CURVE('',#3665,#3667,#2107,.T.);
#4663=EDGE_CURVE('',#3666,#3650,#352,.T.);
#4664=EDGE_CURVE('',#3667,#3653,#353,.T.);
#4665=EDGE_CURVE('',#3668,#3668,#354,.T.);
#4666=EDGE_CURVE('',#3668,#3669,#2108,.T.);
#4667=EDGE_CURVE('',#3669,#3669,#355,.T.);
#4668=EDGE_CURVE('',#3670,#3670,#356,.T.);
#4669=EDGE_CURVE('',#3670,#3671,#2109,.T.);
#4670=EDGE_CURVE('',#3671,#3671,#357,.T.);
#4671=EDGE_CURVE('',#3672,#3672,#358,.T.);
#4672=EDGE_CURVE('',#3672,#3673,#2110,.T.);
#4673=EDGE_CURVE('',#3673,#3673,#359,.T.);
#4674=EDGE_CURVE('',#3674,#3674,#360,.T.);
#4675=EDGE_CURVE('',#3674,#3675,#2111,.T.);
#4676=EDGE_CURVE('',#3675,#3675,#361,.T.);
#4677=EDGE_CURVE('',#3676,#3677,#2112,.T.);
#4678=EDGE_CURVE('',#3677,#3678,#2113,.T.);
#4679=EDGE_CURVE('',#3678,#3679,#2114,.T.);
#4680=EDGE_CURVE('',#3679,#3676,#2115,.T.);
#4681=EDGE_CURVE('',#3680,#3681,#2116,.T.);
#4682=EDGE_CURVE('',#3681,#3682,#2117,.T.);
#4683=EDGE_CURVE('',#3682,#3683,#2118,.T.);
#4684=EDGE_CURVE('',#3683,#3680,#2119,.T.);
#4685=EDGE_CURVE('',#3681,#3676,#2120,.T.);
#4686=EDGE_CURVE('',#3682,#3679,#2121,.T.);
#4687=EDGE_CURVE('',#3680,#3677,#2122,.T.);
#4688=EDGE_CURVE('',#3683,#3678,#2123,.T.);
#4689=EDGE_CURVE('',#3684,#3685,#2124,.T.);
#4690=EDGE_CURVE('',#3686,#3684,#2125,.T.);
#4691=EDGE_CURVE('',#3687,#3686,#2126,.T.);
#4692=EDGE_CURVE('',#3687,#3685,#2127,.T.);
#4693=EDGE_CURVE('',#3688,#3689,#2128,.T.);
#4694=EDGE_CURVE('',#3688,#3690,#2129,.T.);
#4695=EDGE_CURVE('',#3691,#3690,#2130,.T.);
#4696=EDGE_CURVE('',#3689,#3691,#2131,.T.);
#4697=EDGE_CURVE('',#3692,#3684,#2132,.T.);
#4698=EDGE_CURVE('',#3693,#3692,#2133,.T.);
#4699=EDGE_CURVE('',#3686,#3693,#2134,.T.);
#4700=EDGE_CURVE('',#3689,#3694,#2135,.T.);
#4701=EDGE_CURVE('',#3695,#3691,#2136,.T.);
#4702=EDGE_CURVE('',#3694,#3695,#2137,.T.);
#4703=EDGE_CURVE('',#3685,#3696,#2138,.T.);
#4704=EDGE_CURVE('',#3697,#3687,#2139,.T.);
#4705=EDGE_CURVE('',#3697,#3696,#2140,.T.);
#4706=EDGE_CURVE('',#3696,#3692,#2141,.T.);
#4707=EDGE_CURVE('',#3693,#3697,#2142,.T.);
#4708=EDGE_CURVE('',#3694,#3698,#2143,.T.);
#4709=EDGE_CURVE('',#3699,#3695,#2144,.T.);
#4710=EDGE_CURVE('',#3698,#3699,#2145,.T.);
#4711=EDGE_CURVE('',#3698,#3688,#2146,.T.);
#4712=EDGE_CURVE('',#3690,#3699,#2147,.T.);
#4713=EDGE_CURVE('',#3700,#3701,#2148,.T.);
#4714=EDGE_CURVE('',#3702,#3700,#2149,.T.);
#4715=EDGE_CURVE('',#3703,#3702,#2150,.T.);
#4716=EDGE_CURVE('',#3703,#3701,#2151,.T.);
#4717=EDGE_CURVE('',#3704,#3705,#2152,.T.);
#4718=EDGE_CURVE('',#3704,#3706,#2153,.T.);
#4719=EDGE_CURVE('',#3707,#3706,#2154,.T.);
#4720=EDGE_CURVE('',#3705,#3707,#2155,.T.);
#4721=EDGE_CURVE('',#3708,#3700,#2156,.T.);
#4722=EDGE_CURVE('',#3709,#3708,#2157,.T.);
#4723=EDGE_CURVE('',#3702,#3709,#2158,.T.);
#4724=EDGE_CURVE('',#3705,#3710,#2159,.T.);
#4725=EDGE_CURVE('',#3711,#3707,#2160,.T.);
#4726=EDGE_CURVE('',#3710,#3711,#2161,.T.);
#4727=EDGE_CURVE('',#3701,#3712,#2162,.T.);
#4728=EDGE_CURVE('',#3713,#3703,#2163,.T.);
#4729=EDGE_CURVE('',#3713,#3712,#2164,.T.);
#4730=EDGE_CURVE('',#3712,#3708,#2165,.T.);
#4731=EDGE_CURVE('',#3709,#3713,#2166,.T.);
#4732=EDGE_CURVE('',#3710,#3714,#2167,.T.);
#4733=EDGE_CURVE('',#3715,#3711,#2168,.T.);
#4734=EDGE_CURVE('',#3714,#3715,#2169,.T.);
#4735=EDGE_CURVE('',#3714,#3704,#2170,.T.);
#4736=EDGE_CURVE('',#3706,#3715,#2171,.T.);
#4737=EDGE_CURVE('',#3716,#3717,#362,.T.);
#4738=EDGE_CURVE('',#3717,#3718,#2172,.T.);
#4739=EDGE_CURVE('',#3718,#3719,#2173,.T.);
#4740=EDGE_CURVE('',#3719,#3720,#2174,.T.);
#4741=EDGE_CURVE('',#3720,#3721,#2175,.T.);
#4742=EDGE_CURVE('',#3721,#3722,#363,.T.);
#4743=EDGE_CURVE('',#3722,#3723,#2176,.T.);
#4744=EDGE_CURVE('',#3723,#3724,#364,.T.);
#4745=EDGE_CURVE('',#3724,#3716,#2177,.T.);
#4746=EDGE_CURVE('',#3725,#3726,#365,.T.);
#4747=EDGE_CURVE('',#3726,#3727,#2178,.T.);
#4748=EDGE_CURVE('',#3728,#3727,#366,.T.);
#4749=EDGE_CURVE('',#3725,#3728,#2179,.T.);
#4750=EDGE_CURVE('',#3726,#3729,#367,.T.);
#4751=EDGE_CURVE('',#3729,#3730,#2180,.T.);
#4752=EDGE_CURVE('',#3727,#3730,#368,.T.);
#4753=EDGE_CURVE('',#3731,#3729,#2181,.T.);
#4754=EDGE_CURVE('',#3731,#3732,#2182,.T.);
#4755=EDGE_CURVE('',#3730,#3732,#2183,.T.);
#4756=EDGE_CURVE('',#3731,#3733,#369,.T.);
#4757=EDGE_CURVE('',#3733,#3734,#2184,.T.);
#4758=EDGE_CURVE('',#3732,#3734,#370,.T.);
#4759=EDGE_CURVE('',#3735,#3736,#2185,.T.);
#4760=EDGE_CURVE('',#3736,#3718,#2186,.T.);
#4761=EDGE_CURVE('',#3735,#3717,#2187,.T.);
#4762=EDGE_CURVE('',#3736,#3735,#371,.T.);
#4763=EDGE_CURVE('',#3716,#3737,#2188,.T.);
#4764=EDGE_CURVE('',#3738,#3737,#372,.T.);
#4765=EDGE_CURVE('',#3718,#3738,#2189,.T.);
#4766=EDGE_CURVE('',#3724,#3739,#2190,.T.);
#4767=EDGE_CURVE('',#3737,#3739,#2191,.T.);
#4768=EDGE_CURVE('',#3723,#3740,#2192,.T.);
#4769=EDGE_CURVE('',#3739,#3740,#373,.T.);
#4770=EDGE_CURVE('',#3741,#3738,#2193,.T.);
#4771=EDGE_CURVE('',#3719,#3741,#2194,.T.);
#4772=EDGE_CURVE('',#3720,#3742,#2195,.T.);
#4773=EDGE_CURVE('',#3743,#3742,#2196,.T.);
#4774=EDGE_CURVE('',#3721,#3743,#2197,.T.);
#4775=EDGE_CURVE('',#3744,#3743,#374,.T.);
#4776=EDGE_CURVE('',#3722,#3744,#2198,.T.);
#4777=EDGE_CURVE('',#3740,#3744,#2199,.T.);
#4778=EDGE_CURVE('',#3745,#3746,#375,.T.);
#4779=EDGE_CURVE('',#3745,#3733,#2200,.T.);
#4780=EDGE_CURVE('',#3725,#3747,#2201,.T.);
#4781=EDGE_CURVE('',#3748,#3747,#376,.T.);
#4782=EDGE_CURVE('',#3748,#3746,#2202,.T.);
#4783=EDGE_CURVE('',#3747,#3749,#2203,.T.);
#4784=EDGE_CURVE('',#3749,#3728,#2204,.T.);
#4785=EDGE_CURVE('',#3749,#3750,#377,.T.);
#4786=EDGE_CURVE('',#3750,#3748,#2205,.T.);
#4787=EDGE_CURVE('',#3751,#3752,#378,.T.);
#4788=EDGE_CURVE('',#3751,#3750,#2206,.T.);
#4789=EDGE_CURVE('',#3734,#3752,#2207,.T.);
#4790=EDGE_CURVE('',#3753,#3753,#379,.T.);
#4791=EDGE_CURVE('',#3754,#3754,#380,.T.);
#4792=EDGE_CURVE('',#3755,#3755,#381,.T.);
#4793=EDGE_CURVE('',#3742,#3741,#2208,.T.);
#4794=EDGE_CURVE('',#3752,#3745,#2209,.T.);
#4795=EDGE_CURVE('',#3746,#3751,#2210,.T.);
#4796=EDGE_CURVE('',#3756,#3756,#382,.T.);
#4797=EDGE_CURVE('',#3755,#3756,#2211,.T.);
#4798=EDGE_CURVE('',#3757,#3757,#383,.T.);
#4799=EDGE_CURVE('',#3754,#3757,#2212,.T.);
#4800=EDGE_CURVE('',#3758,#3758,#384,.T.);
#4801=EDGE_CURVE('',#3753,#3758,#2213,.T.);
#4802=EDGE_CURVE('',#3759,#3760,#2214,.T.);
#4803=EDGE_CURVE('',#3760,#3761,#385,.T.);
#4804=EDGE_CURVE('',#3761,#3762,#2215,.T.);
#4805=EDGE_CURVE('',#3762,#3763,#2216,.T.);
#4806=EDGE_CURVE('',#3763,#3764,#2217,.T.);
#4807=EDGE_CURVE('',#3764,#3765,#2218,.T.);
#4808=EDGE_CURVE('',#3765,#3766,#2219,.T.);
#4809=EDGE_CURVE('',#3766,#3759,#386,.T.);
#4810=EDGE_CURVE('',#3767,#3768,#2220,.T.);
#4811=EDGE_CURVE('',#3768,#3769,#387,.T.);
#4812=EDGE_CURVE('',#3769,#3770,#2221,.T.);
#4813=EDGE_CURVE('',#3770,#3771,#2222,.T.);
#4814=EDGE_CURVE('',#3771,#3772,#2223,.T.);
#4815=EDGE_CURVE('',#3772,#3773,#2224,.T.);
#4816=EDGE_CURVE('',#3773,#3774,#2225,.T.);
#4817=EDGE_CURVE('',#3774,#3767,#388,.T.);
#4818=EDGE_CURVE('',#3765,#3770,#2226,.T.);
#4819=EDGE_CURVE('',#3764,#3771,#2227,.T.);
#4820=EDGE_CURVE('',#3766,#3769,#2228,.T.);
#4821=EDGE_CURVE('',#3759,#3768,#2229,.T.);
#4822=EDGE_CURVE('',#3760,#3767,#2230,.T.);
#4823=EDGE_CURVE('',#3761,#3774,#2231,.T.);
#4824=EDGE_CURVE('',#3762,#3773,#2232,.T.);
#4825=EDGE_CURVE('',#3763,#3772,#2233,.T.);
#4826=ORIENTED_EDGE('',*,*,#3775,.T.);
#4827=ORIENTED_EDGE('',*,*,#3776,.F.);
#4828=ORIENTED_EDGE('',*,*,#3777,.F.);
#4829=ORIENTED_EDGE('',*,*,#3778,.T.);
#4830=ORIENTED_EDGE('',*,*,#3779,.T.);
#4831=ORIENTED_EDGE('',*,*,#3780,.F.);
#4832=ORIENTED_EDGE('',*,*,#3781,.F.);
#4833=ORIENTED_EDGE('',*,*,#3776,.T.);
#4834=ORIENTED_EDGE('',*,*,#3782,.T.);
#4835=ORIENTED_EDGE('',*,*,#3783,.F.);
#4836=ORIENTED_EDGE('',*,*,#3784,.F.);
#4837=ORIENTED_EDGE('',*,*,#3780,.T.);
#4838=ORIENTED_EDGE('',*,*,#3785,.T.);
#4839=ORIENTED_EDGE('',*,*,#3786,.F.);
#4840=ORIENTED_EDGE('',*,*,#3787,.F.);
#4841=ORIENTED_EDGE('',*,*,#3788,.T.);
#4842=ORIENTED_EDGE('',*,*,#3789,.T.);
#4843=ORIENTED_EDGE('',*,*,#3790,.F.);
#4844=ORIENTED_EDGE('',*,*,#3791,.F.);
#4845=ORIENTED_EDGE('',*,*,#3786,.T.);
#4846=ORIENTED_EDGE('',*,*,#3792,.T.);
#4847=ORIENTED_EDGE('',*,*,#3793,.F.);
#4848=ORIENTED_EDGE('',*,*,#3794,.F.);
#4849=ORIENTED_EDGE('',*,*,#3790,.T.);
#4850=ORIENTED_EDGE('',*,*,#3795,.T.);
#4851=ORIENTED_EDGE('',*,*,#3796,.F.);
#4852=ORIENTED_EDGE('',*,*,#3797,.F.);
#4853=ORIENTED_EDGE('',*,*,#3798,.T.);
#4854=ORIENTED_EDGE('',*,*,#3799,.T.);
#4855=ORIENTED_EDGE('',*,*,#3800,.F.);
#4856=ORIENTED_EDGE('',*,*,#3801,.F.);
#4857=ORIENTED_EDGE('',*,*,#3796,.T.);
#4858=ORIENTED_EDGE('',*,*,#3802,.T.);
#4859=ORIENTED_EDGE('',*,*,#3803,.F.);
#4860=ORIENTED_EDGE('',*,*,#3804,.F.);
#4861=ORIENTED_EDGE('',*,*,#3800,.T.);
#4862=ORIENTED_EDGE('',*,*,#3805,.F.);
#4863=ORIENTED_EDGE('',*,*,#3806,.F.);
#4864=ORIENTED_EDGE('',*,*,#3807,.T.);
#4865=ORIENTED_EDGE('',*,*,#3808,.T.);
#4866=ORIENTED_EDGE('',*,*,#3809,.F.);
#4867=ORIENTED_EDGE('',*,*,#3810,.F.);
#4868=ORIENTED_EDGE('',*,*,#3811,.T.);
#4869=ORIENTED_EDGE('',*,*,#3806,.T.);
#4870=ORIENTED_EDGE('',*,*,#3812,.F.);
#4871=ORIENTED_EDGE('',*,*,#3813,.F.);
#4872=ORIENTED_EDGE('',*,*,#3814,.T.);
#4873=ORIENTED_EDGE('',*,*,#3810,.T.);
#4874=ORIENTED_EDGE('',*,*,#3815,.F.);
#4875=ORIENTED_EDGE('',*,*,#3816,.F.);
#4876=ORIENTED_EDGE('',*,*,#3817,.T.);
#4877=ORIENTED_EDGE('',*,*,#3818,.T.);
#4878=ORIENTED_EDGE('',*,*,#3819,.F.);
#4879=ORIENTED_EDGE('',*,*,#3820,.F.);
#4880=ORIENTED_EDGE('',*,*,#3821,.T.);
#4881=ORIENTED_EDGE('',*,*,#3816,.T.);
#4882=ORIENTED_EDGE('',*,*,#3822,.F.);
#4883=ORIENTED_EDGE('',*,*,#3823,.F.);
#4884=ORIENTED_EDGE('',*,*,#3824,.T.);
#4885=ORIENTED_EDGE('',*,*,#3820,.T.);
#4886=ORIENTED_EDGE('',*,*,#3825,.F.);
#4887=ORIENTED_EDGE('',*,*,#3826,.F.);
#4888=ORIENTED_EDGE('',*,*,#3827,.T.);
#4889=ORIENTED_EDGE('',*,*,#3828,.T.);
#4890=ORIENTED_EDGE('',*,*,#3829,.F.);
#4891=ORIENTED_EDGE('',*,*,#3830,.F.);
#4892=ORIENTED_EDGE('',*,*,#3831,.T.);
#4893=ORIENTED_EDGE('',*,*,#3826,.T.);
#4894=ORIENTED_EDGE('',*,*,#3832,.F.);
#4895=ORIENTED_EDGE('',*,*,#3833,.F.);
#4896=ORIENTED_EDGE('',*,*,#3834,.T.);
#4897=ORIENTED_EDGE('',*,*,#3830,.T.);
#4898=ORIENTED_EDGE('',*,*,#3835,.T.);
#4899=ORIENTED_EDGE('',*,*,#3788,.F.);
#4900=ORIENTED_EDGE('',*,*,#3836,.F.);
#4901=ORIENTED_EDGE('',*,*,#3793,.T.);
#4902=ORIENTED_EDGE('',*,*,#3837,.T.);
#4903=ORIENTED_EDGE('',*,*,#3798,.F.);
#4904=ORIENTED_EDGE('',*,*,#3838,.F.);
#4905=ORIENTED_EDGE('',*,*,#3803,.T.);
#4906=ORIENTED_EDGE('',*,*,#3839,.F.);
#4907=ORIENTED_EDGE('',*,*,#3840,.T.);
#4908=ORIENTED_EDGE('',*,*,#3841,.T.);
#4909=ORIENTED_EDGE('',*,*,#3840,.F.);
#4910=ORIENTED_EDGE('',*,*,#3842,.F.);
#4911=ORIENTED_EDGE('',*,*,#3843,.T.);
#4912=ORIENTED_EDGE('',*,*,#3844,.T.);
#4913=ORIENTED_EDGE('',*,*,#3843,.F.);
#4914=ORIENTED_EDGE('',*,*,#3845,.F.);
#4915=ORIENTED_EDGE('',*,*,#3808,.F.);
#4916=ORIENTED_EDGE('',*,*,#3846,.T.);
#4917=ORIENTED_EDGE('',*,*,#3813,.T.);
#4918=ORIENTED_EDGE('',*,*,#3847,.F.);
#4919=ORIENTED_EDGE('',*,*,#3818,.F.);
#4920=ORIENTED_EDGE('',*,*,#3848,.T.);
#4921=ORIENTED_EDGE('',*,*,#3823,.T.);
#4922=ORIENTED_EDGE('',*,*,#3849,.F.);
#4923=ORIENTED_EDGE('',*,*,#3828,.F.);
#4924=ORIENTED_EDGE('',*,*,#3850,.T.);
#4925=ORIENTED_EDGE('',*,*,#3833,.T.);
#4926=ORIENTED_EDGE('',*,*,#3851,.F.);
#4927=ORIENTED_EDGE('',*,*,#3852,.T.);
#4928=ORIENTED_EDGE('',*,*,#3853,.T.);
#4929=ORIENTED_EDGE('',*,*,#3852,.F.);
#4930=ORIENTED_EDGE('',*,*,#3854,.F.);
#4931=ORIENTED_EDGE('',*,*,#3855,.T.);
#4932=ORIENTED_EDGE('',*,*,#3856,.T.);
#4933=ORIENTED_EDGE('',*,*,#3855,.F.);
#4934=ORIENTED_EDGE('',*,*,#3857,.T.);
#4935=ORIENTED_EDGE('',*,*,#3778,.F.);
#4936=ORIENTED_EDGE('',*,*,#3858,.F.);
#4937=ORIENTED_EDGE('',*,*,#3783,.T.);
#4938=ORIENTED_EDGE('',*,*,#3797,.T.);
#4939=ORIENTED_EDGE('',*,*,#3801,.T.);
#4940=ORIENTED_EDGE('',*,*,#3804,.T.);
#4941=ORIENTED_EDGE('',*,*,#3838,.T.);
#4942=ORIENTED_EDGE('',*,*,#3787,.T.);
#4943=ORIENTED_EDGE('',*,*,#3791,.T.);
#4944=ORIENTED_EDGE('',*,*,#3794,.T.);
#4945=ORIENTED_EDGE('',*,*,#3836,.T.);
#4946=ORIENTED_EDGE('',*,*,#3777,.T.);
#4947=ORIENTED_EDGE('',*,*,#3781,.T.);
#4948=ORIENTED_EDGE('',*,*,#3784,.T.);
#4949=ORIENTED_EDGE('',*,*,#3858,.T.);
#4950=ORIENTED_EDGE('',*,*,#3854,.T.);
#4951=ORIENTED_EDGE('',*,*,#3851,.T.);
#4952=ORIENTED_EDGE('',*,*,#3827,.F.);
#4953=ORIENTED_EDGE('',*,*,#3831,.F.);
#4954=ORIENTED_EDGE('',*,*,#3834,.F.);
#4955=ORIENTED_EDGE('',*,*,#3850,.F.);
#4956=ORIENTED_EDGE('',*,*,#3817,.F.);
#4957=ORIENTED_EDGE('',*,*,#3821,.F.);
#4958=ORIENTED_EDGE('',*,*,#3824,.F.);
#4959=ORIENTED_EDGE('',*,*,#3848,.F.);
#4960=ORIENTED_EDGE('',*,*,#3807,.F.);
#4961=ORIENTED_EDGE('',*,*,#3811,.F.);
#4962=ORIENTED_EDGE('',*,*,#3814,.F.);
#4963=ORIENTED_EDGE('',*,*,#3846,.F.);
#4964=ORIENTED_EDGE('',*,*,#3842,.T.);
#4965=ORIENTED_EDGE('',*,*,#3839,.T.);
#4966=ORIENTED_EDGE('',*,*,#3795,.F.);
#4967=ORIENTED_EDGE('',*,*,#3837,.F.);
#4968=ORIENTED_EDGE('',*,*,#3802,.F.);
#4969=ORIENTED_EDGE('',*,*,#3799,.F.);
#4970=ORIENTED_EDGE('',*,*,#3785,.F.);
#4971=ORIENTED_EDGE('',*,*,#3835,.F.);
#4972=ORIENTED_EDGE('',*,*,#3792,.F.);
#4973=ORIENTED_EDGE('',*,*,#3789,.F.);
#4974=ORIENTED_EDGE('',*,*,#3775,.F.);
#4975=ORIENTED_EDGE('',*,*,#3857,.F.);
#4976=ORIENTED_EDGE('',*,*,#3782,.F.);
#4977=ORIENTED_EDGE('',*,*,#3779,.F.);
#4978=ORIENTED_EDGE('',*,*,#3856,.F.);
#4979=ORIENTED_EDGE('',*,*,#3853,.F.);
#4980=ORIENTED_EDGE('',*,*,#3825,.T.);
#4981=ORIENTED_EDGE('',*,*,#3849,.T.);
#4982=ORIENTED_EDGE('',*,*,#3832,.T.);
#4983=ORIENTED_EDGE('',*,*,#3829,.T.);
#4984=ORIENTED_EDGE('',*,*,#3815,.T.);
#4985=ORIENTED_EDGE('',*,*,#3847,.T.);
#4986=ORIENTED_EDGE('',*,*,#3822,.T.);
#4987=ORIENTED_EDGE('',*,*,#3819,.T.);
#4988=ORIENTED_EDGE('',*,*,#3805,.T.);
#4989=ORIENTED_EDGE('',*,*,#3845,.T.);
#4990=ORIENTED_EDGE('',*,*,#3812,.T.);
#4991=ORIENTED_EDGE('',*,*,#3809,.T.);
#4992=ORIENTED_EDGE('',*,*,#3844,.F.);
#4993=ORIENTED_EDGE('',*,*,#3841,.F.);
#4994=ORIENTED_EDGE('',*,*,#3859,.T.);
#4995=ORIENTED_EDGE('',*,*,#3860,.T.);
#4996=ORIENTED_EDGE('',*,*,#3861,.F.);
#4997=ORIENTED_EDGE('',*,*,#3862,.T.);
#4998=ORIENTED_EDGE('',*,*,#3863,.T.);
#4999=ORIENTED_EDGE('',*,*,#3864,.T.);
#5000=ORIENTED_EDGE('',*,*,#3865,.F.);
#5001=ORIENTED_EDGE('',*,*,#3866,.T.);
#5002=ORIENTED_EDGE('',*,*,#3867,.T.);
#5003=ORIENTED_EDGE('',*,*,#3868,.T.);
#5004=ORIENTED_EDGE('',*,*,#3869,.F.);
#5005=ORIENTED_EDGE('',*,*,#3870,.T.);
#5006=ORIENTED_EDGE('',*,*,#3871,.F.);
#5007=ORIENTED_EDGE('',*,*,#3872,.T.);
#5008=ORIENTED_EDGE('',*,*,#3873,.T.);
#5009=ORIENTED_EDGE('',*,*,#3874,.T.);
#5010=ORIENTED_EDGE('',*,*,#3875,.F.);
#5011=ORIENTED_EDGE('',*,*,#3876,.T.);
#5012=ORIENTED_EDGE('',*,*,#3877,.T.);
#5013=ORIENTED_EDGE('',*,*,#3878,.T.);
#5014=ORIENTED_EDGE('',*,*,#3879,.T.);
#5015=ORIENTED_EDGE('',*,*,#3880,.T.);
#5016=ORIENTED_EDGE('',*,*,#3881,.F.);
#5017=ORIENTED_EDGE('',*,*,#3882,.T.);
#5018=ORIENTED_EDGE('',*,*,#3883,.T.);
#5019=ORIENTED_EDGE('',*,*,#3884,.T.);
#5020=ORIENTED_EDGE('',*,*,#3885,.T.);
#5021=ORIENTED_EDGE('',*,*,#3886,.T.);
#5022=ORIENTED_EDGE('',*,*,#3871,.T.);
#5023=ORIENTED_EDGE('',*,*,#3887,.T.);
#5024=ORIENTED_EDGE('',*,*,#3888,.F.);
#5025=ORIENTED_EDGE('',*,*,#3889,.T.);
#5026=ORIENTED_EDGE('',*,*,#3890,.F.);
#5027=ORIENTED_EDGE('',*,*,#3891,.T.);
#5028=ORIENTED_EDGE('',*,*,#3869,.T.);
#5029=ORIENTED_EDGE('',*,*,#3892,.T.);
#5030=ORIENTED_EDGE('',*,*,#3893,.F.);
#5031=ORIENTED_EDGE('',*,*,#3894,.T.);
#5032=ORIENTED_EDGE('',*,*,#3895,.F.);
#5033=ORIENTED_EDGE('',*,*,#3896,.T.);
#5034=ORIENTED_EDGE('',*,*,#3865,.T.);
#5035=ORIENTED_EDGE('',*,*,#3897,.T.);
#5036=ORIENTED_EDGE('',*,*,#3898,.F.);
#5037=ORIENTED_EDGE('',*,*,#3899,.T.);
#5038=ORIENTED_EDGE('',*,*,#3900,.F.);
#5039=ORIENTED_EDGE('',*,*,#3901,.T.);
#5040=ORIENTED_EDGE('',*,*,#3861,.T.);
#5041=ORIENTED_EDGE('',*,*,#3902,.T.);
#5042=ORIENTED_EDGE('',*,*,#3903,.F.);
#5043=ORIENTED_EDGE('',*,*,#3904,.T.);
#5044=ORIENTED_EDGE('',*,*,#3905,.F.);
#5045=ORIENTED_EDGE('',*,*,#3906,.T.);
#5046=ORIENTED_EDGE('',*,*,#3907,.T.);
#5047=ORIENTED_EDGE('',*,*,#3908,.T.);
#5048=ORIENTED_EDGE('',*,*,#3909,.T.);
#5049=ORIENTED_EDGE('',*,*,#3910,.T.);
#5050=ORIENTED_EDGE('',*,*,#3875,.T.);
#5051=ORIENTED_EDGE('',*,*,#3911,.T.);
#5052=ORIENTED_EDGE('',*,*,#3912,.F.);
#5053=ORIENTED_EDGE('',*,*,#3913,.T.);
#5054=ORIENTED_EDGE('',*,*,#3914,.F.);
#5055=ORIENTED_EDGE('',*,*,#3915,.T.);
#5056=ORIENTED_EDGE('',*,*,#3881,.T.);
#5057=ORIENTED_EDGE('',*,*,#3916,.T.);
#5058=ORIENTED_EDGE('',*,*,#3917,.T.);
#5059=ORIENTED_EDGE('',*,*,#3918,.T.);
#5060=ORIENTED_EDGE('',*,*,#3919,.T.);
#5061=ORIENTED_EDGE('',*,*,#3920,.T.);
#5062=ORIENTED_EDGE('',*,*,#3921,.T.);
#5063=ORIENTED_EDGE('',*,*,#3922,.T.);
#5064=ORIENTED_EDGE('',*,*,#3923,.F.);
#5065=ORIENTED_EDGE('',*,*,#3924,.T.);
#5066=ORIENTED_EDGE('',*,*,#3925,.F.);
#5067=ORIENTED_EDGE('',*,*,#3926,.T.);
#5068=ORIENTED_EDGE('',*,*,#3927,.T.);
#5069=ORIENTED_EDGE('',*,*,#3928,.T.);
#5070=ORIENTED_EDGE('',*,*,#3929,.T.);
#5071=ORIENTED_EDGE('',*,*,#3930,.T.);
#5072=ORIENTED_EDGE('',*,*,#3931,.T.);
#5073=ORIENTED_EDGE('',*,*,#3932,.T.);
#5074=ORIENTED_EDGE('',*,*,#3933,.F.);
#5075=ORIENTED_EDGE('',*,*,#3934,.F.);
#5076=ORIENTED_EDGE('',*,*,#3935,.F.);
#5077=ORIENTED_EDGE('',*,*,#3936,.F.);
#5078=ORIENTED_EDGE('',*,*,#3937,.F.);
#5079=ORIENTED_EDGE('',*,*,#3938,.F.);
#5080=ORIENTED_EDGE('',*,*,#3939,.F.);
#5081=ORIENTED_EDGE('',*,*,#3940,.F.);
#5082=ORIENTED_EDGE('',*,*,#3941,.F.);
#5083=ORIENTED_EDGE('',*,*,#3942,.F.);
#5084=ORIENTED_EDGE('',*,*,#3943,.F.);
#5085=ORIENTED_EDGE('',*,*,#3944,.F.);
#5086=ORIENTED_EDGE('',*,*,#3945,.F.);
#5087=ORIENTED_EDGE('',*,*,#3946,.F.);
#5088=ORIENTED_EDGE('',*,*,#3947,.F.);
#5089=ORIENTED_EDGE('',*,*,#3948,.F.);
#5090=ORIENTED_EDGE('',*,*,#3949,.F.);
#5091=ORIENTED_EDGE('',*,*,#3950,.F.);
#5092=ORIENTED_EDGE('',*,*,#3951,.F.);
#5093=ORIENTED_EDGE('',*,*,#3952,.F.);
#5094=ORIENTED_EDGE('',*,*,#3953,.F.);
#5095=ORIENTED_EDGE('',*,*,#3954,.T.);
#5096=ORIENTED_EDGE('',*,*,#3955,.F.);
#5097=ORIENTED_EDGE('',*,*,#3956,.T.);
#5098=ORIENTED_EDGE('',*,*,#3957,.F.);
#5099=ORIENTED_EDGE('',*,*,#3958,.T.);
#5100=ORIENTED_EDGE('',*,*,#3959,.F.);
#5101=ORIENTED_EDGE('',*,*,#3960,.T.);
#5102=ORIENTED_EDGE('',*,*,#3961,.F.);
#5103=ORIENTED_EDGE('',*,*,#3962,.T.);
#5104=ORIENTED_EDGE('',*,*,#3963,.T.);
#5105=ORIENTED_EDGE('',*,*,#3964,.T.);
#5106=ORIENTED_EDGE('',*,*,#3965,.T.);
#5107=ORIENTED_EDGE('',*,*,#3966,.T.);
#5108=ORIENTED_EDGE('',*,*,#3967,.F.);
#5109=ORIENTED_EDGE('',*,*,#3968,.T.);
#5110=ORIENTED_EDGE('',*,*,#3969,.F.);
#5111=ORIENTED_EDGE('',*,*,#3970,.T.);
#5112=ORIENTED_EDGE('',*,*,#3971,.F.);
#5113=ORIENTED_EDGE('',*,*,#3972,.T.);
#5114=ORIENTED_EDGE('',*,*,#3879,.F.);
#5115=ORIENTED_EDGE('',*,*,#3973,.T.);
#5116=ORIENTED_EDGE('',*,*,#3974,.T.);
#5117=ORIENTED_EDGE('',*,*,#3975,.T.);
#5118=ORIENTED_EDGE('',*,*,#3976,.T.);
#5119=ORIENTED_EDGE('',*,*,#3977,.T.);
#5120=ORIENTED_EDGE('',*,*,#3877,.F.);
#5121=ORIENTED_EDGE('',*,*,#3978,.T.);
#5122=ORIENTED_EDGE('',*,*,#3979,.F.);
#5123=ORIENTED_EDGE('',*,*,#3980,.T.);
#5124=ORIENTED_EDGE('',*,*,#3981,.F.);
#5125=ORIENTED_EDGE('',*,*,#3982,.T.);
#5126=ORIENTED_EDGE('',*,*,#3983,.T.);
#5127=ORIENTED_EDGE('',*,*,#3984,.T.);
#5128=ORIENTED_EDGE('',*,*,#3985,.T.);
#5129=ORIENTED_EDGE('',*,*,#3986,.T.);
#5130=ORIENTED_EDGE('',*,*,#3859,.F.);
#5131=ORIENTED_EDGE('',*,*,#3987,.T.);
#5132=ORIENTED_EDGE('',*,*,#3988,.T.);
#5133=ORIENTED_EDGE('',*,*,#3989,.T.);
#5134=ORIENTED_EDGE('',*,*,#3990,.T.);
#5135=ORIENTED_EDGE('',*,*,#3991,.T.);
#5136=ORIENTED_EDGE('',*,*,#3863,.F.);
#5137=ORIENTED_EDGE('',*,*,#3992,.T.);
#5138=ORIENTED_EDGE('',*,*,#3993,.T.);
#5139=ORIENTED_EDGE('',*,*,#3994,.T.);
#5140=ORIENTED_EDGE('',*,*,#3995,.T.);
#5141=ORIENTED_EDGE('',*,*,#3996,.T.);
#5142=ORIENTED_EDGE('',*,*,#3867,.F.);
#5143=ORIENTED_EDGE('',*,*,#3997,.T.);
#5144=ORIENTED_EDGE('',*,*,#3998,.T.);
#5145=ORIENTED_EDGE('',*,*,#3999,.T.);
#5146=ORIENTED_EDGE('',*,*,#4000,.T.);
#5147=ORIENTED_EDGE('',*,*,#4001,.T.);
#5148=ORIENTED_EDGE('',*,*,#3873,.F.);
#5149=ORIENTED_EDGE('',*,*,#4002,.T.);
#5150=ORIENTED_EDGE('',*,*,#4003,.T.);
#5151=ORIENTED_EDGE('',*,*,#4004,.T.);
#5152=ORIENTED_EDGE('',*,*,#4005,.T.);
#5153=ORIENTED_EDGE('',*,*,#4006,.T.);
#5154=ORIENTED_EDGE('',*,*,#4007,.T.);
#5155=ORIENTED_EDGE('',*,*,#4008,.T.);
#5156=ORIENTED_EDGE('',*,*,#4009,.T.);
#5157=ORIENTED_EDGE('',*,*,#4010,.T.);
#5158=ORIENTED_EDGE('',*,*,#4011,.T.);
#5159=ORIENTED_EDGE('',*,*,#4012,.T.);
#5160=ORIENTED_EDGE('',*,*,#4013,.T.);
#5161=ORIENTED_EDGE('',*,*,#4014,.T.);
#5162=ORIENTED_EDGE('',*,*,#4015,.T.);
#5163=ORIENTED_EDGE('',*,*,#4016,.T.);
#5164=ORIENTED_EDGE('',*,*,#4017,.T.);
#5165=ORIENTED_EDGE('',*,*,#4018,.T.);
#5166=ORIENTED_EDGE('',*,*,#4019,.T.);
#5167=ORIENTED_EDGE('',*,*,#4020,.T.);
#5168=ORIENTED_EDGE('',*,*,#4021,.T.);
#5169=ORIENTED_EDGE('',*,*,#4022,.T.);
#5170=ORIENTED_EDGE('',*,*,#3967,.T.);
#5171=ORIENTED_EDGE('',*,*,#4023,.T.);
#5172=ORIENTED_EDGE('',*,*,#3921,.F.);
#5173=ORIENTED_EDGE('',*,*,#4024,.T.);
#5174=ORIENTED_EDGE('',*,*,#3961,.T.);
#5175=ORIENTED_EDGE('',*,*,#4025,.T.);
#5176=ORIENTED_EDGE('',*,*,#3927,.F.);
#5177=ORIENTED_EDGE('',*,*,#4026,.T.);
#5178=ORIENTED_EDGE('',*,*,#3955,.T.);
#5179=ORIENTED_EDGE('',*,*,#4027,.T.);
#5180=ORIENTED_EDGE('',*,*,#3883,.F.);
#5181=ORIENTED_EDGE('',*,*,#4028,.T.);
#5182=ORIENTED_EDGE('',*,*,#3885,.F.);
#5183=ORIENTED_EDGE('',*,*,#4029,.T.);
#5184=ORIENTED_EDGE('',*,*,#3953,.T.);
#5185=ORIENTED_EDGE('',*,*,#4030,.T.);
#5186=ORIENTED_EDGE('',*,*,#3981,.T.);
#5187=ORIENTED_EDGE('',*,*,#4031,.T.);
#5188=ORIENTED_EDGE('',*,*,#3907,.F.);
#5189=ORIENTED_EDGE('',*,*,#4032,.T.);
#5190=ORIENTED_EDGE('',*,*,#3949,.T.);
#5191=ORIENTED_EDGE('',*,*,#4033,.F.);
#5192=ORIENTED_EDGE('',*,*,#4019,.F.);
#5193=ORIENTED_EDGE('',*,*,#4034,.T.);
#5194=ORIENTED_EDGE('',*,*,#3950,.T.);
#5195=ORIENTED_EDGE('',*,*,#4034,.F.);
#5196=ORIENTED_EDGE('',*,*,#4022,.F.);
#5197=ORIENTED_EDGE('',*,*,#4035,.T.);
#5198=ORIENTED_EDGE('',*,*,#3951,.T.);
#5199=ORIENTED_EDGE('',*,*,#4035,.F.);
#5200=ORIENTED_EDGE('',*,*,#4021,.F.);
#5201=ORIENTED_EDGE('',*,*,#4036,.T.);
#5202=ORIENTED_EDGE('',*,*,#3945,.T.);
#5203=ORIENTED_EDGE('',*,*,#4037,.F.);
#5204=ORIENTED_EDGE('',*,*,#4015,.F.);
#5205=ORIENTED_EDGE('',*,*,#4038,.T.);
#5206=ORIENTED_EDGE('',*,*,#3946,.T.);
#5207=ORIENTED_EDGE('',*,*,#4038,.F.);
#5208=ORIENTED_EDGE('',*,*,#4018,.F.);
#5209=ORIENTED_EDGE('',*,*,#4039,.T.);
#5210=ORIENTED_EDGE('',*,*,#3947,.T.);
#5211=ORIENTED_EDGE('',*,*,#4039,.F.);
#5212=ORIENTED_EDGE('',*,*,#4017,.F.);
#5213=ORIENTED_EDGE('',*,*,#4040,.T.);
#5214=ORIENTED_EDGE('',*,*,#3941,.T.);
#5215=ORIENTED_EDGE('',*,*,#4041,.F.);
#5216=ORIENTED_EDGE('',*,*,#4011,.F.);
#5217=ORIENTED_EDGE('',*,*,#4042,.T.);
#5218=ORIENTED_EDGE('',*,*,#3942,.T.);
#5219=ORIENTED_EDGE('',*,*,#4042,.F.);
#5220=ORIENTED_EDGE('',*,*,#4014,.F.);
#5221=ORIENTED_EDGE('',*,*,#4043,.T.);
#5222=ORIENTED_EDGE('',*,*,#3943,.T.);
#5223=ORIENTED_EDGE('',*,*,#4043,.F.);
#5224=ORIENTED_EDGE('',*,*,#4013,.F.);
#5225=ORIENTED_EDGE('',*,*,#4044,.T.);
#5226=ORIENTED_EDGE('',*,*,#3937,.T.);
#5227=ORIENTED_EDGE('',*,*,#4045,.F.);
#5228=ORIENTED_EDGE('',*,*,#4007,.F.);
#5229=ORIENTED_EDGE('',*,*,#4046,.T.);
#5230=ORIENTED_EDGE('',*,*,#3938,.T.);
#5231=ORIENTED_EDGE('',*,*,#4046,.F.);
#5232=ORIENTED_EDGE('',*,*,#4010,.F.);
#5233=ORIENTED_EDGE('',*,*,#4047,.T.);
#5234=ORIENTED_EDGE('',*,*,#3939,.T.);
#5235=ORIENTED_EDGE('',*,*,#4047,.F.);
#5236=ORIENTED_EDGE('',*,*,#4009,.F.);
#5237=ORIENTED_EDGE('',*,*,#4048,.T.);
#5238=ORIENTED_EDGE('',*,*,#3933,.T.);
#5239=ORIENTED_EDGE('',*,*,#4049,.F.);
#5240=ORIENTED_EDGE('',*,*,#4003,.F.);
#5241=ORIENTED_EDGE('',*,*,#4050,.T.);
#5242=ORIENTED_EDGE('',*,*,#3934,.T.);
#5243=ORIENTED_EDGE('',*,*,#4050,.F.);
#5244=ORIENTED_EDGE('',*,*,#4006,.F.);
#5245=ORIENTED_EDGE('',*,*,#4051,.T.);
#5246=ORIENTED_EDGE('',*,*,#3935,.T.);
#5247=ORIENTED_EDGE('',*,*,#4051,.F.);
#5248=ORIENTED_EDGE('',*,*,#4005,.F.);
#5249=ORIENTED_EDGE('',*,*,#4052,.T.);
#5250=ORIENTED_EDGE('',*,*,#3952,.T.);
#5251=ORIENTED_EDGE('',*,*,#4036,.F.);
#5252=ORIENTED_EDGE('',*,*,#4020,.F.);
#5253=ORIENTED_EDGE('',*,*,#4033,.T.);
#5254=ORIENTED_EDGE('',*,*,#3948,.T.);
#5255=ORIENTED_EDGE('',*,*,#4040,.F.);
#5256=ORIENTED_EDGE('',*,*,#4016,.F.);
#5257=ORIENTED_EDGE('',*,*,#4037,.T.);
#5258=ORIENTED_EDGE('',*,*,#3944,.T.);
#5259=ORIENTED_EDGE('',*,*,#4044,.F.);
#5260=ORIENTED_EDGE('',*,*,#4012,.F.);
#5261=ORIENTED_EDGE('',*,*,#4041,.T.);
#5262=ORIENTED_EDGE('',*,*,#3940,.T.);
#5263=ORIENTED_EDGE('',*,*,#4048,.F.);
#5264=ORIENTED_EDGE('',*,*,#4008,.F.);
#5265=ORIENTED_EDGE('',*,*,#4045,.T.);
#5266=ORIENTED_EDGE('',*,*,#3936,.T.);
#5267=ORIENTED_EDGE('',*,*,#4052,.F.);
#5268=ORIENTED_EDGE('',*,*,#4004,.F.);
#5269=ORIENTED_EDGE('',*,*,#4049,.T.);
#5270=ORIENTED_EDGE('',*,*,#3909,.F.);
#5271=ORIENTED_EDGE('',*,*,#4053,.T.);
#5272=ORIENTED_EDGE('',*,*,#3979,.T.);
#5273=ORIENTED_EDGE('',*,*,#4054,.T.);
#5274=ORIENTED_EDGE('',*,*,#3959,.T.);
#5275=ORIENTED_EDGE('',*,*,#4055,.T.);
#5276=ORIENTED_EDGE('',*,*,#3929,.F.);
#5277=ORIENTED_EDGE('',*,*,#4056,.T.);
#5278=ORIENTED_EDGE('',*,*,#3931,.F.);
#5279=ORIENTED_EDGE('',*,*,#4057,.T.);
#5280=ORIENTED_EDGE('',*,*,#3957,.T.);
#5281=ORIENTED_EDGE('',*,*,#4058,.T.);
#5282=ORIENTED_EDGE('',*,*,#3925,.T.);
#5283=ORIENTED_EDGE('',*,*,#4059,.T.);
#5284=ORIENTED_EDGE('',*,*,#3963,.F.);
#5285=ORIENTED_EDGE('',*,*,#4060,.T.);
#5286=ORIENTED_EDGE('',*,*,#3965,.F.);
#5287=ORIENTED_EDGE('',*,*,#4061,.T.);
#5288=ORIENTED_EDGE('',*,*,#3923,.T.);
#5289=ORIENTED_EDGE('',*,*,#4062,.T.);
#5290=ORIENTED_EDGE('',*,*,#3971,.T.);
#5291=ORIENTED_EDGE('',*,*,#4063,.T.);
#5292=ORIENTED_EDGE('',*,*,#3917,.F.);
#5293=ORIENTED_EDGE('',*,*,#4064,.T.);
#5294=ORIENTED_EDGE('',*,*,#3919,.F.);
#5295=ORIENTED_EDGE('',*,*,#4065,.T.);
#5296=ORIENTED_EDGE('',*,*,#3969,.T.);
#5297=ORIENTED_EDGE('',*,*,#4066,.T.);
#5298=ORIENTED_EDGE('',*,*,#3914,.T.);
#5299=ORIENTED_EDGE('',*,*,#4067,.T.);
#5300=ORIENTED_EDGE('',*,*,#3974,.F.);
#5301=ORIENTED_EDGE('',*,*,#4068,.T.);
#5302=ORIENTED_EDGE('',*,*,#3976,.F.);
#5303=ORIENTED_EDGE('',*,*,#4069,.T.);
#5304=ORIENTED_EDGE('',*,*,#3912,.T.);
#5305=ORIENTED_EDGE('',*,*,#4070,.T.);
#5306=ORIENTED_EDGE('',*,*,#3890,.T.);
#5307=ORIENTED_EDGE('',*,*,#4071,.T.);
#5308=ORIENTED_EDGE('',*,*,#3998,.F.);
#5309=ORIENTED_EDGE('',*,*,#4072,.T.);
#5310=ORIENTED_EDGE('',*,*,#4000,.F.);
#5311=ORIENTED_EDGE('',*,*,#4073,.T.);
#5312=ORIENTED_EDGE('',*,*,#3888,.T.);
#5313=ORIENTED_EDGE('',*,*,#4074,.T.);
#5314=ORIENTED_EDGE('',*,*,#3895,.T.);
#5315=ORIENTED_EDGE('',*,*,#4075,.T.);
#5316=ORIENTED_EDGE('',*,*,#3993,.F.);
#5317=ORIENTED_EDGE('',*,*,#4076,.T.);
#5318=ORIENTED_EDGE('',*,*,#3995,.F.);
#5319=ORIENTED_EDGE('',*,*,#4077,.T.);
#5320=ORIENTED_EDGE('',*,*,#3893,.T.);
#5321=ORIENTED_EDGE('',*,*,#4078,.T.);
#5322=ORIENTED_EDGE('',*,*,#3900,.T.);
#5323=ORIENTED_EDGE('',*,*,#4079,.T.);
#5324=ORIENTED_EDGE('',*,*,#3988,.F.);
#5325=ORIENTED_EDGE('',*,*,#4080,.T.);
#5326=ORIENTED_EDGE('',*,*,#3990,.F.);
#5327=ORIENTED_EDGE('',*,*,#4081,.T.);
#5328=ORIENTED_EDGE('',*,*,#3898,.T.);
#5329=ORIENTED_EDGE('',*,*,#4082,.T.);
#5330=ORIENTED_EDGE('',*,*,#3905,.T.);
#5331=ORIENTED_EDGE('',*,*,#4083,.T.);
#5332=ORIENTED_EDGE('',*,*,#3983,.F.);
#5333=ORIENTED_EDGE('',*,*,#4084,.T.);
#5334=ORIENTED_EDGE('',*,*,#3985,.F.);
#5335=ORIENTED_EDGE('',*,*,#4085,.T.);
#5336=ORIENTED_EDGE('',*,*,#3903,.T.);
#5337=ORIENTED_EDGE('',*,*,#4086,.T.);
#5338=ORIENTED_EDGE('',*,*,#3956,.F.);
#5339=ORIENTED_EDGE('',*,*,#4028,.F.);
#5340=ORIENTED_EDGE('',*,*,#3932,.F.);
#5341=ORIENTED_EDGE('',*,*,#4058,.F.);
#5342=ORIENTED_EDGE('',*,*,#3997,.F.);
#5343=ORIENTED_EDGE('',*,*,#3870,.F.);
#5344=ORIENTED_EDGE('',*,*,#3891,.F.);
#5345=ORIENTED_EDGE('',*,*,#4072,.F.);
#5346=ORIENTED_EDGE('',*,*,#4001,.F.);
#5347=ORIENTED_EDGE('',*,*,#4074,.F.);
#5348=ORIENTED_EDGE('',*,*,#3887,.F.);
#5349=ORIENTED_EDGE('',*,*,#3874,.F.);
#5350=ORIENTED_EDGE('',*,*,#3996,.F.);
#5351=ORIENTED_EDGE('',*,*,#4078,.F.);
#5352=ORIENTED_EDGE('',*,*,#3892,.F.);
#5353=ORIENTED_EDGE('',*,*,#3868,.F.);
#5354=ORIENTED_EDGE('',*,*,#3992,.F.);
#5355=ORIENTED_EDGE('',*,*,#3866,.F.);
#5356=ORIENTED_EDGE('',*,*,#3896,.F.);
#5357=ORIENTED_EDGE('',*,*,#4076,.F.);
#5358=ORIENTED_EDGE('',*,*,#3987,.F.);
#5359=ORIENTED_EDGE('',*,*,#3862,.F.);
#5360=ORIENTED_EDGE('',*,*,#3901,.F.);
#5361=ORIENTED_EDGE('',*,*,#4080,.F.);
#5362=ORIENTED_EDGE('',*,*,#3991,.F.);
#5363=ORIENTED_EDGE('',*,*,#4082,.F.);
#5364=ORIENTED_EDGE('',*,*,#3897,.F.);
#5365=ORIENTED_EDGE('',*,*,#3864,.F.);
#5366=ORIENTED_EDGE('',*,*,#3986,.F.);
#5367=ORIENTED_EDGE('',*,*,#4086,.F.);
#5368=ORIENTED_EDGE('',*,*,#3902,.F.);
#5369=ORIENTED_EDGE('',*,*,#3860,.F.);
#5370=ORIENTED_EDGE('',*,*,#3982,.F.);
#5371=ORIENTED_EDGE('',*,*,#4032,.F.);
#5372=ORIENTED_EDGE('',*,*,#3906,.F.);
#5373=ORIENTED_EDGE('',*,*,#4084,.F.);
#5374=ORIENTED_EDGE('',*,*,#3977,.F.);
#5375=ORIENTED_EDGE('',*,*,#4070,.F.);
#5376=ORIENTED_EDGE('',*,*,#3911,.F.);
#5377=ORIENTED_EDGE('',*,*,#3878,.F.);
#5378=ORIENTED_EDGE('',*,*,#3973,.F.);
#5379=ORIENTED_EDGE('',*,*,#3882,.F.);
#5380=ORIENTED_EDGE('',*,*,#3915,.F.);
#5381=ORIENTED_EDGE('',*,*,#4068,.F.);
#5382=ORIENTED_EDGE('',*,*,#3972,.F.);
#5383=ORIENTED_EDGE('',*,*,#4064,.F.);
#5384=ORIENTED_EDGE('',*,*,#3916,.F.);
#5385=ORIENTED_EDGE('',*,*,#3880,.F.);
#5386=ORIENTED_EDGE('',*,*,#3968,.F.);
#5387=ORIENTED_EDGE('',*,*,#4024,.F.);
#5388=ORIENTED_EDGE('',*,*,#3920,.F.);
#5389=ORIENTED_EDGE('',*,*,#4066,.F.);
#5390=ORIENTED_EDGE('',*,*,#3966,.F.);
#5391=ORIENTED_EDGE('',*,*,#4062,.F.);
#5392=ORIENTED_EDGE('',*,*,#3922,.F.);
#5393=ORIENTED_EDGE('',*,*,#4023,.F.);
#5394=ORIENTED_EDGE('',*,*,#3962,.F.);
#5395=ORIENTED_EDGE('',*,*,#4026,.F.);
#5396=ORIENTED_EDGE('',*,*,#3926,.F.);
#5397=ORIENTED_EDGE('',*,*,#4060,.F.);
#5398=ORIENTED_EDGE('',*,*,#3960,.F.);
#5399=ORIENTED_EDGE('',*,*,#4056,.F.);
#5400=ORIENTED_EDGE('',*,*,#3928,.F.);
#5401=ORIENTED_EDGE('',*,*,#4025,.F.);
#5402=ORIENTED_EDGE('',*,*,#3984,.F.);
#5403=ORIENTED_EDGE('',*,*,#4083,.F.);
#5404=ORIENTED_EDGE('',*,*,#3904,.F.);
#5405=ORIENTED_EDGE('',*,*,#4085,.F.);
#5406=ORIENTED_EDGE('',*,*,#3975,.F.);
#5407=ORIENTED_EDGE('',*,*,#4067,.F.);
#5408=ORIENTED_EDGE('',*,*,#3913,.F.);
#5409=ORIENTED_EDGE('',*,*,#4069,.F.);
#5410=ORIENTED_EDGE('',*,*,#3970,.F.);
#5411=ORIENTED_EDGE('',*,*,#4065,.F.);
#5412=ORIENTED_EDGE('',*,*,#3918,.F.);
#5413=ORIENTED_EDGE('',*,*,#4063,.F.);
#5414=ORIENTED_EDGE('',*,*,#3964,.F.);
#5415=ORIENTED_EDGE('',*,*,#4059,.F.);
#5416=ORIENTED_EDGE('',*,*,#3924,.F.);
#5417=ORIENTED_EDGE('',*,*,#4061,.F.);
#5418=ORIENTED_EDGE('',*,*,#3958,.F.);
#5419=ORIENTED_EDGE('',*,*,#4057,.F.);
#5420=ORIENTED_EDGE('',*,*,#3930,.F.);
#5421=ORIENTED_EDGE('',*,*,#4055,.F.);
#5422=ORIENTED_EDGE('',*,*,#3999,.F.);
#5423=ORIENTED_EDGE('',*,*,#4071,.F.);
#5424=ORIENTED_EDGE('',*,*,#3889,.F.);
#5425=ORIENTED_EDGE('',*,*,#4073,.F.);
#5426=ORIENTED_EDGE('',*,*,#3994,.F.);
#5427=ORIENTED_EDGE('',*,*,#4075,.F.);
#5428=ORIENTED_EDGE('',*,*,#3894,.F.);
#5429=ORIENTED_EDGE('',*,*,#4077,.F.);
#5430=ORIENTED_EDGE('',*,*,#3989,.F.);
#5431=ORIENTED_EDGE('',*,*,#4079,.F.);
#5432=ORIENTED_EDGE('',*,*,#3899,.F.);
#5433=ORIENTED_EDGE('',*,*,#4081,.F.);
#5434=ORIENTED_EDGE('',*,*,#3978,.F.);
#5435=ORIENTED_EDGE('',*,*,#3876,.F.);
#5436=ORIENTED_EDGE('',*,*,#3910,.F.);
#5437=ORIENTED_EDGE('',*,*,#4054,.F.);
#5438=ORIENTED_EDGE('',*,*,#3980,.F.);
#5439=ORIENTED_EDGE('',*,*,#4053,.F.);
#5440=ORIENTED_EDGE('',*,*,#3908,.F.);
#5441=ORIENTED_EDGE('',*,*,#4031,.F.);
#5442=ORIENTED_EDGE('',*,*,#4002,.F.);
#5443=ORIENTED_EDGE('',*,*,#3872,.F.);
#5444=ORIENTED_EDGE('',*,*,#3886,.F.);
#5445=ORIENTED_EDGE('',*,*,#4030,.F.);
#5446=ORIENTED_EDGE('',*,*,#3954,.F.);
#5447=ORIENTED_EDGE('',*,*,#4029,.F.);
#5448=ORIENTED_EDGE('',*,*,#3884,.F.);
#5449=ORIENTED_EDGE('',*,*,#4027,.F.);
#5450=ORIENTED_EDGE('',*,*,#4087,.T.);
#5451=ORIENTED_EDGE('',*,*,#4088,.F.);
#5452=ORIENTED_EDGE('',*,*,#4089,.F.);
#5453=ORIENTED_EDGE('',*,*,#4090,.T.);
#5454=ORIENTED_EDGE('',*,*,#4091,.T.);
#5455=ORIENTED_EDGE('',*,*,#4092,.F.);
#5456=ORIENTED_EDGE('',*,*,#4093,.F.);
#5457=ORIENTED_EDGE('',*,*,#4088,.T.);
#5458=ORIENTED_EDGE('',*,*,#4094,.T.);
#5459=ORIENTED_EDGE('',*,*,#4095,.F.);
#5460=ORIENTED_EDGE('',*,*,#4096,.F.);
#5461=ORIENTED_EDGE('',*,*,#4092,.T.);
#5462=ORIENTED_EDGE('',*,*,#4097,.T.);
#5463=ORIENTED_EDGE('',*,*,#4090,.F.);
#5464=ORIENTED_EDGE('',*,*,#4098,.F.);
#5465=ORIENTED_EDGE('',*,*,#4095,.T.);
#5466=ORIENTED_EDGE('',*,*,#4089,.T.);
#5467=ORIENTED_EDGE('',*,*,#4093,.T.);
#5468=ORIENTED_EDGE('',*,*,#4096,.T.);
#5469=ORIENTED_EDGE('',*,*,#4098,.T.);
#5470=ORIENTED_EDGE('',*,*,#4099,.F.);
#5471=ORIENTED_EDGE('',*,*,#4100,.F.);
#5472=ORIENTED_EDGE('',*,*,#4101,.F.);
#5473=ORIENTED_EDGE('',*,*,#4102,.F.);
#5474=ORIENTED_EDGE('',*,*,#4087,.F.);
#5475=ORIENTED_EDGE('',*,*,#4097,.F.);
#5476=ORIENTED_EDGE('',*,*,#4094,.F.);
#5477=ORIENTED_EDGE('',*,*,#4091,.F.);
#5478=ORIENTED_EDGE('',*,*,#4099,.T.);
#5479=ORIENTED_EDGE('',*,*,#4103,.F.);
#5480=ORIENTED_EDGE('',*,*,#4104,.F.);
#5481=ORIENTED_EDGE('',*,*,#4105,.T.);
#5482=ORIENTED_EDGE('',*,*,#4102,.T.);
#5483=ORIENTED_EDGE('',*,*,#4106,.F.);
#5484=ORIENTED_EDGE('',*,*,#4107,.F.);
#5485=ORIENTED_EDGE('',*,*,#4103,.T.);
#5486=ORIENTED_EDGE('',*,*,#4101,.T.);
#5487=ORIENTED_EDGE('',*,*,#4108,.F.);
#5488=ORIENTED_EDGE('',*,*,#4109,.F.);
#5489=ORIENTED_EDGE('',*,*,#4106,.T.);
#5490=ORIENTED_EDGE('',*,*,#4100,.T.);
#5491=ORIENTED_EDGE('',*,*,#4105,.F.);
#5492=ORIENTED_EDGE('',*,*,#4110,.F.);
#5493=ORIENTED_EDGE('',*,*,#4108,.T.);
#5494=ORIENTED_EDGE('',*,*,#4104,.T.);
#5495=ORIENTED_EDGE('',*,*,#4107,.T.);
#5496=ORIENTED_EDGE('',*,*,#4109,.T.);
#5497=ORIENTED_EDGE('',*,*,#4110,.T.);
#5498=ORIENTED_EDGE('',*,*,#4111,.T.);
#5499=ORIENTED_EDGE('',*,*,#4111,.F.);
#5500=ORIENTED_EDGE('',*,*,#4112,.T.);
#5501=ORIENTED_EDGE('',*,*,#4113,.T.);
#5502=ORIENTED_EDGE('',*,*,#4114,.T.);
#5503=ORIENTED_EDGE('',*,*,#4112,.F.);
#5504=ORIENTED_EDGE('',*,*,#4115,.T.);
#5505=ORIENTED_EDGE('',*,*,#4116,.T.);
#5506=ORIENTED_EDGE('',*,*,#4117,.T.);
#5507=ORIENTED_EDGE('',*,*,#4118,.T.);
#5508=ORIENTED_EDGE('',*,*,#4119,.T.);
#5509=ORIENTED_EDGE('',*,*,#4120,.T.);
#5510=ORIENTED_EDGE('',*,*,#4119,.F.);
#5511=ORIENTED_EDGE('',*,*,#4121,.T.);
#5512=ORIENTED_EDGE('',*,*,#4122,.T.);
#5513=ORIENTED_EDGE('',*,*,#4123,.T.);
#5514=ORIENTED_EDGE('',*,*,#4124,.T.);
#5515=ORIENTED_EDGE('',*,*,#4122,.F.);
#5516=ORIENTED_EDGE('',*,*,#4125,.T.);
#5517=ORIENTED_EDGE('',*,*,#4126,.F.);
#5518=ORIENTED_EDGE('',*,*,#4127,.F.);
#5519=ORIENTED_EDGE('',*,*,#4128,.F.);
#5520=ORIENTED_EDGE('',*,*,#4129,.F.);
#5521=ORIENTED_EDGE('',*,*,#4125,.F.);
#5522=ORIENTED_EDGE('',*,*,#4130,.T.);
#5523=ORIENTED_EDGE('',*,*,#4123,.F.);
#5524=ORIENTED_EDGE('',*,*,#4124,.F.);
#5525=ORIENTED_EDGE('',*,*,#4130,.F.);
#5526=ORIENTED_EDGE('',*,*,#4115,.F.);
#5527=ORIENTED_EDGE('',*,*,#4131,.T.);
#5528=ORIENTED_EDGE('',*,*,#4113,.F.);
#5529=ORIENTED_EDGE('',*,*,#4114,.F.);
#5530=ORIENTED_EDGE('',*,*,#4131,.F.);
#5531=ORIENTED_EDGE('',*,*,#4117,.F.);
#5532=ORIENTED_EDGE('',*,*,#4118,.F.);
#5533=ORIENTED_EDGE('',*,*,#4132,.T.);
#5534=ORIENTED_EDGE('',*,*,#4116,.F.);
#5535=ORIENTED_EDGE('',*,*,#4132,.F.);
#5536=ORIENTED_EDGE('',*,*,#4120,.F.);
#5537=ORIENTED_EDGE('',*,*,#4133,.T.);
#5538=ORIENTED_EDGE('',*,*,#4121,.F.);
#5539=ORIENTED_EDGE('',*,*,#4133,.F.);
#5540=ORIENTED_EDGE('',*,*,#4126,.T.);
#5541=ORIENTED_EDGE('',*,*,#4134,.F.);
#5542=ORIENTED_EDGE('',*,*,#4135,.F.);
#5543=ORIENTED_EDGE('',*,*,#4136,.T.);
#5544=ORIENTED_EDGE('',*,*,#4129,.T.);
#5545=ORIENTED_EDGE('',*,*,#4137,.F.);
#5546=ORIENTED_EDGE('',*,*,#4138,.F.);
#5547=ORIENTED_EDGE('',*,*,#4134,.T.);
#5548=ORIENTED_EDGE('',*,*,#4128,.T.);
#5549=ORIENTED_EDGE('',*,*,#4139,.F.);
#5550=ORIENTED_EDGE('',*,*,#4140,.F.);
#5551=ORIENTED_EDGE('',*,*,#4137,.T.);
#5552=ORIENTED_EDGE('',*,*,#4127,.T.);
#5553=ORIENTED_EDGE('',*,*,#4136,.F.);
#5554=ORIENTED_EDGE('',*,*,#4141,.F.);
#5555=ORIENTED_EDGE('',*,*,#4139,.T.);
#5556=ORIENTED_EDGE('',*,*,#4135,.T.);
#5557=ORIENTED_EDGE('',*,*,#4138,.T.);
#5558=ORIENTED_EDGE('',*,*,#4140,.T.);
#5559=ORIENTED_EDGE('',*,*,#4141,.T.);
#5560=ORIENTED_EDGE('',*,*,#4142,.T.);
#5561=ORIENTED_EDGE('',*,*,#4143,.F.);
#5562=ORIENTED_EDGE('',*,*,#4144,.F.);
#5563=ORIENTED_EDGE('',*,*,#4145,.T.);
#5564=ORIENTED_EDGE('',*,*,#4146,.T.);
#5565=ORIENTED_EDGE('',*,*,#4147,.F.);
#5566=ORIENTED_EDGE('',*,*,#4148,.F.);
#5567=ORIENTED_EDGE('',*,*,#4143,.T.);
#5568=ORIENTED_EDGE('',*,*,#4149,.T.);
#5569=ORIENTED_EDGE('',*,*,#4150,.F.);
#5570=ORIENTED_EDGE('',*,*,#4151,.F.);
#5571=ORIENTED_EDGE('',*,*,#4147,.T.);
#5572=ORIENTED_EDGE('',*,*,#4152,.T.);
#5573=ORIENTED_EDGE('',*,*,#4153,.T.);
#5574=ORIENTED_EDGE('',*,*,#4154,.F.);
#5575=ORIENTED_EDGE('',*,*,#4150,.T.);
#5576=ORIENTED_EDGE('',*,*,#4155,.T.);
#5577=ORIENTED_EDGE('',*,*,#4156,.T.);
#5578=ORIENTED_EDGE('',*,*,#4157,.T.);
#5579=ORIENTED_EDGE('',*,*,#4158,.T.);
#5580=ORIENTED_EDGE('',*,*,#4159,.F.);
#5581=ORIENTED_EDGE('',*,*,#4160,.T.);
#5582=ORIENTED_EDGE('',*,*,#4161,.T.);
#5583=ORIENTED_EDGE('',*,*,#4162,.F.);
#5584=ORIENTED_EDGE('',*,*,#4163,.T.);
#5585=ORIENTED_EDGE('',*,*,#4164,.F.);
#5586=ORIENTED_EDGE('',*,*,#4165,.F.);
#5587=ORIENTED_EDGE('',*,*,#4162,.T.);
#5588=ORIENTED_EDGE('',*,*,#4166,.T.);
#5589=ORIENTED_EDGE('',*,*,#4145,.F.);
#5590=ORIENTED_EDGE('',*,*,#4167,.F.);
#5591=ORIENTED_EDGE('',*,*,#4164,.T.);
#5592=ORIENTED_EDGE('',*,*,#4154,.T.);
#5593=ORIENTED_EDGE('',*,*,#4168,.T.);
#5594=ORIENTED_EDGE('',*,*,#4159,.T.);
#5595=ORIENTED_EDGE('',*,*,#4165,.T.);
#5596=ORIENTED_EDGE('',*,*,#4167,.T.);
#5597=ORIENTED_EDGE('',*,*,#4144,.T.);
#5598=ORIENTED_EDGE('',*,*,#4148,.T.);
#5599=ORIENTED_EDGE('',*,*,#4151,.T.);
#5600=ORIENTED_EDGE('',*,*,#4161,.F.);
#5601=ORIENTED_EDGE('',*,*,#4169,.T.);
#5602=ORIENTED_EDGE('',*,*,#4152,.F.);
#5603=ORIENTED_EDGE('',*,*,#4149,.F.);
#5604=ORIENTED_EDGE('',*,*,#4146,.F.);
#5605=ORIENTED_EDGE('',*,*,#4142,.F.);
#5606=ORIENTED_EDGE('',*,*,#4166,.F.);
#5607=ORIENTED_EDGE('',*,*,#4163,.F.);
#5608=ORIENTED_EDGE('',*,*,#4170,.F.);
#5609=ORIENTED_EDGE('',*,*,#4158,.F.);
#5610=ORIENTED_EDGE('',*,*,#4171,.F.);
#5611=ORIENTED_EDGE('',*,*,#4169,.F.);
#5612=ORIENTED_EDGE('',*,*,#4171,.T.);
#5613=ORIENTED_EDGE('',*,*,#4157,.F.);
#5614=ORIENTED_EDGE('',*,*,#4172,.F.);
#5615=ORIENTED_EDGE('',*,*,#4153,.F.);
#5616=ORIENTED_EDGE('',*,*,#4170,.T.);
#5617=ORIENTED_EDGE('',*,*,#4160,.F.);
#5618=ORIENTED_EDGE('',*,*,#4173,.F.);
#5619=ORIENTED_EDGE('',*,*,#4155,.F.);
#5620=ORIENTED_EDGE('',*,*,#4172,.T.);
#5621=ORIENTED_EDGE('',*,*,#4156,.F.);
#5622=ORIENTED_EDGE('',*,*,#4173,.T.);
#5623=ORIENTED_EDGE('',*,*,#4168,.F.);
#5624=ORIENTED_EDGE('',*,*,#4174,.T.);
#5625=ORIENTED_EDGE('',*,*,#4175,.T.);
#5626=ORIENTED_EDGE('',*,*,#4176,.T.);
#5627=ORIENTED_EDGE('',*,*,#4177,.T.);
#5628=ORIENTED_EDGE('',*,*,#4178,.T.);
#5629=ORIENTED_EDGE('',*,*,#4179,.T.);
#5630=ORIENTED_EDGE('',*,*,#4180,.T.);
#5631=ORIENTED_EDGE('',*,*,#4181,.T.);
#5632=ORIENTED_EDGE('',*,*,#4182,.T.);
#5633=ORIENTED_EDGE('',*,*,#4183,.T.);
#5634=ORIENTED_EDGE('',*,*,#4184,.T.);
#5635=ORIENTED_EDGE('',*,*,#4185,.T.);
#5636=ORIENTED_EDGE('',*,*,#4186,.T.);
#5637=ORIENTED_EDGE('',*,*,#4187,.T.);
#5638=ORIENTED_EDGE('',*,*,#4188,.F.);
#5639=ORIENTED_EDGE('',*,*,#4189,.T.);
#5640=ORIENTED_EDGE('',*,*,#4190,.F.);
#5641=ORIENTED_EDGE('',*,*,#4191,.F.);
#5642=ORIENTED_EDGE('',*,*,#4192,.F.);
#5643=ORIENTED_EDGE('',*,*,#4191,.T.);
#5644=ORIENTED_EDGE('',*,*,#4193,.F.);
#5645=ORIENTED_EDGE('',*,*,#4194,.F.);
#5646=ORIENTED_EDGE('',*,*,#4195,.F.);
#5647=ORIENTED_EDGE('',*,*,#4194,.T.);
#5648=ORIENTED_EDGE('',*,*,#4196,.F.);
#5649=ORIENTED_EDGE('',*,*,#4197,.F.);
#5650=ORIENTED_EDGE('',*,*,#4198,.F.);
#5651=ORIENTED_EDGE('',*,*,#4197,.T.);
#5652=ORIENTED_EDGE('',*,*,#4199,.F.);
#5653=ORIENTED_EDGE('',*,*,#4200,.F.);
#5654=ORIENTED_EDGE('',*,*,#4201,.F.);
#5655=ORIENTED_EDGE('',*,*,#4200,.T.);
#5656=ORIENTED_EDGE('',*,*,#4202,.F.);
#5657=ORIENTED_EDGE('',*,*,#4203,.F.);
#5658=ORIENTED_EDGE('',*,*,#4204,.F.);
#5659=ORIENTED_EDGE('',*,*,#4203,.T.);
#5660=ORIENTED_EDGE('',*,*,#4205,.F.);
#5661=ORIENTED_EDGE('',*,*,#4206,.F.);
#5662=ORIENTED_EDGE('',*,*,#4207,.F.);
#5663=ORIENTED_EDGE('',*,*,#4206,.T.);
#5664=ORIENTED_EDGE('',*,*,#4208,.F.);
#5665=ORIENTED_EDGE('',*,*,#4209,.F.);
#5666=ORIENTED_EDGE('',*,*,#4210,.F.);
#5667=ORIENTED_EDGE('',*,*,#4209,.T.);
#5668=ORIENTED_EDGE('',*,*,#4211,.F.);
#5669=ORIENTED_EDGE('',*,*,#4189,.F.);
#5670=ORIENTED_EDGE('',*,*,#4212,.F.);
#5671=ORIENTED_EDGE('',*,*,#4213,.T.);
#5672=ORIENTED_EDGE('',*,*,#4214,.F.);
#5673=ORIENTED_EDGE('',*,*,#4215,.F.);
#5674=ORIENTED_EDGE('',*,*,#4216,.F.);
#5675=ORIENTED_EDGE('',*,*,#4215,.T.);
#5676=ORIENTED_EDGE('',*,*,#4217,.F.);
#5677=ORIENTED_EDGE('',*,*,#4218,.F.);
#5678=ORIENTED_EDGE('',*,*,#4219,.F.);
#5679=ORIENTED_EDGE('',*,*,#4218,.T.);
#5680=ORIENTED_EDGE('',*,*,#4220,.F.);
#5681=ORIENTED_EDGE('',*,*,#4221,.F.);
#5682=ORIENTED_EDGE('',*,*,#4222,.F.);
#5683=ORIENTED_EDGE('',*,*,#4221,.T.);
#5684=ORIENTED_EDGE('',*,*,#4223,.F.);
#5685=ORIENTED_EDGE('',*,*,#4224,.F.);
#5686=ORIENTED_EDGE('',*,*,#4225,.F.);
#5687=ORIENTED_EDGE('',*,*,#4224,.T.);
#5688=ORIENTED_EDGE('',*,*,#4226,.F.);
#5689=ORIENTED_EDGE('',*,*,#4227,.F.);
#5690=ORIENTED_EDGE('',*,*,#4228,.F.);
#5691=ORIENTED_EDGE('',*,*,#4227,.T.);
#5692=ORIENTED_EDGE('',*,*,#4229,.F.);
#5693=ORIENTED_EDGE('',*,*,#4230,.F.);
#5694=ORIENTED_EDGE('',*,*,#4231,.F.);
#5695=ORIENTED_EDGE('',*,*,#4230,.T.);
#5696=ORIENTED_EDGE('',*,*,#4232,.F.);
#5697=ORIENTED_EDGE('',*,*,#4233,.F.);
#5698=ORIENTED_EDGE('',*,*,#4234,.F.);
#5699=ORIENTED_EDGE('',*,*,#4233,.T.);
#5700=ORIENTED_EDGE('',*,*,#4235,.F.);
#5701=ORIENTED_EDGE('',*,*,#4213,.F.);
#5702=ORIENTED_EDGE('',*,*,#4235,.T.);
#5703=ORIENTED_EDGE('',*,*,#4232,.T.);
#5704=ORIENTED_EDGE('',*,*,#4229,.T.);
#5705=ORIENTED_EDGE('',*,*,#4226,.T.);
#5706=ORIENTED_EDGE('',*,*,#4223,.T.);
#5707=ORIENTED_EDGE('',*,*,#4220,.T.);
#5708=ORIENTED_EDGE('',*,*,#4217,.T.);
#5709=ORIENTED_EDGE('',*,*,#4214,.T.);
#5710=ORIENTED_EDGE('',*,*,#4211,.T.);
#5711=ORIENTED_EDGE('',*,*,#4208,.T.);
#5712=ORIENTED_EDGE('',*,*,#4205,.T.);
#5713=ORIENTED_EDGE('',*,*,#4202,.T.);
#5714=ORIENTED_EDGE('',*,*,#4199,.T.);
#5715=ORIENTED_EDGE('',*,*,#4196,.T.);
#5716=ORIENTED_EDGE('',*,*,#4193,.T.);
#5717=ORIENTED_EDGE('',*,*,#4190,.T.);
#5718=ORIENTED_EDGE('',*,*,#4236,.T.);
#5719=ORIENTED_EDGE('',*,*,#4237,.T.);
#5720=ORIENTED_EDGE('',*,*,#4238,.T.);
#5721=ORIENTED_EDGE('',*,*,#4239,.T.);
#5722=ORIENTED_EDGE('',*,*,#4240,.T.);
#5723=ORIENTED_EDGE('',*,*,#4241,.T.);
#5724=ORIENTED_EDGE('',*,*,#4242,.T.);
#5725=ORIENTED_EDGE('',*,*,#4243,.T.);
#5726=ORIENTED_EDGE('',*,*,#4244,.T.);
#5727=ORIENTED_EDGE('',*,*,#4245,.T.);
#5728=ORIENTED_EDGE('',*,*,#4246,.T.);
#5729=ORIENTED_EDGE('',*,*,#4247,.T.);
#5730=ORIENTED_EDGE('',*,*,#4248,.T.);
#5731=ORIENTED_EDGE('',*,*,#4249,.T.);
#5732=ORIENTED_EDGE('',*,*,#4212,.T.);
#5733=ORIENTED_EDGE('',*,*,#4216,.T.);
#5734=ORIENTED_EDGE('',*,*,#4219,.T.);
#5735=ORIENTED_EDGE('',*,*,#4222,.T.);
#5736=ORIENTED_EDGE('',*,*,#4225,.T.);
#5737=ORIENTED_EDGE('',*,*,#4228,.T.);
#5738=ORIENTED_EDGE('',*,*,#4231,.T.);
#5739=ORIENTED_EDGE('',*,*,#4234,.T.);
#5740=ORIENTED_EDGE('',*,*,#4250,.T.);
#5741=ORIENTED_EDGE('',*,*,#4251,.T.);
#5742=ORIENTED_EDGE('',*,*,#4252,.T.);
#5743=ORIENTED_EDGE('',*,*,#4251,.F.);
#5744=ORIENTED_EDGE('',*,*,#4253,.T.);
#5745=ORIENTED_EDGE('',*,*,#4254,.T.);
#5746=ORIENTED_EDGE('',*,*,#4255,.T.);
#5747=ORIENTED_EDGE('',*,*,#4256,.T.);
#5748=ORIENTED_EDGE('',*,*,#4257,.T.);
#5749=ORIENTED_EDGE('',*,*,#4258,.T.);
#5750=ORIENTED_EDGE('',*,*,#4259,.T.);
#5751=ORIENTED_EDGE('',*,*,#4260,.T.);
#5752=ORIENTED_EDGE('',*,*,#4261,.T.);
#5753=ORIENTED_EDGE('',*,*,#4262,.T.);
#5754=ORIENTED_EDGE('',*,*,#4263,.T.);
#5755=ORIENTED_EDGE('',*,*,#4264,.F.);
#5756=ORIENTED_EDGE('',*,*,#4265,.F.);
#5757=ORIENTED_EDGE('',*,*,#4266,.T.);
#5758=ORIENTED_EDGE('',*,*,#4267,.T.);
#5759=ORIENTED_EDGE('',*,*,#4268,.T.);
#5760=ORIENTED_EDGE('',*,*,#4269,.T.);
#5761=ORIENTED_EDGE('',*,*,#4270,.T.);
#5762=ORIENTED_EDGE('',*,*,#4271,.T.);
#5763=ORIENTED_EDGE('',*,*,#4272,.T.);
#5764=ORIENTED_EDGE('',*,*,#4273,.T.);
#5765=ORIENTED_EDGE('',*,*,#4252,.F.);
#5766=ORIENTED_EDGE('',*,*,#4250,.F.);
#5767=ORIENTED_EDGE('',*,*,#4274,.T.);
#5768=ORIENTED_EDGE('',*,*,#4248,.F.);
#5769=ORIENTED_EDGE('',*,*,#4274,.F.);
#5770=ORIENTED_EDGE('',*,*,#4275,.T.);
#5771=ORIENTED_EDGE('',*,*,#4276,.T.);
#5772=ORIENTED_EDGE('',*,*,#4265,.T.);
#5773=ORIENTED_EDGE('',*,*,#4276,.F.);
#5774=ORIENTED_EDGE('',*,*,#4275,.F.);
#5775=ORIENTED_EDGE('',*,*,#4277,.T.);
#5776=ORIENTED_EDGE('',*,*,#4249,.F.);
#5777=ORIENTED_EDGE('',*,*,#4277,.F.);
#5778=ORIENTED_EDGE('',*,*,#4278,.F.);
#5779=ORIENTED_EDGE('',*,*,#4279,.F.);
#5780=ORIENTED_EDGE('',*,*,#4280,.F.);
#5781=ORIENTED_EDGE('',*,*,#4281,.F.);
#5782=ORIENTED_EDGE('',*,*,#4282,.F.);
#5783=ORIENTED_EDGE('',*,*,#4283,.F.);
#5784=ORIENTED_EDGE('',*,*,#4284,.F.);
#5785=ORIENTED_EDGE('',*,*,#4285,.F.);
#5786=ORIENTED_EDGE('',*,*,#4283,.T.);
#5787=ORIENTED_EDGE('',*,*,#4286,.T.);
#5788=ORIENTED_EDGE('',*,*,#4287,.F.);
#5789=ORIENTED_EDGE('',*,*,#4288,.F.);
#5790=ORIENTED_EDGE('',*,*,#4282,.T.);
#5791=ORIENTED_EDGE('',*,*,#4289,.T.);
#5792=ORIENTED_EDGE('',*,*,#4290,.F.);
#5793=ORIENTED_EDGE('',*,*,#4286,.F.);
#5794=ORIENTED_EDGE('',*,*,#4291,.T.);
#5795=ORIENTED_EDGE('',*,*,#4292,.F.);
#5796=ORIENTED_EDGE('',*,*,#4293,.T.);
#5797=ORIENTED_EDGE('',*,*,#4279,.T.);
#5798=ORIENTED_EDGE('',*,*,#4293,.F.);
#5799=ORIENTED_EDGE('',*,*,#4294,.F.);
#5800=ORIENTED_EDGE('',*,*,#4295,.T.);
#5801=ORIENTED_EDGE('',*,*,#4280,.T.);
#5802=ORIENTED_EDGE('',*,*,#4295,.F.);
#5803=ORIENTED_EDGE('',*,*,#4296,.F.);
#5804=ORIENTED_EDGE('',*,*,#4297,.T.);
#5805=ORIENTED_EDGE('',*,*,#4281,.T.);
#5806=ORIENTED_EDGE('',*,*,#4297,.F.);
#5807=ORIENTED_EDGE('',*,*,#4298,.F.);
#5808=ORIENTED_EDGE('',*,*,#4291,.F.);
#5809=ORIENTED_EDGE('',*,*,#4278,.T.);
#5810=ORIENTED_EDGE('',*,*,#4266,.F.);
#5811=ORIENTED_EDGE('',*,*,#4299,.T.);
#5812=ORIENTED_EDGE('',*,*,#4300,.F.);
#5813=ORIENTED_EDGE('',*,*,#4301,.F.);
#5814=ORIENTED_EDGE('',*,*,#4267,.F.);
#5815=ORIENTED_EDGE('',*,*,#4301,.T.);
#5816=ORIENTED_EDGE('',*,*,#4302,.F.);
#5817=ORIENTED_EDGE('',*,*,#4303,.F.);
#5818=ORIENTED_EDGE('',*,*,#4268,.F.);
#5819=ORIENTED_EDGE('',*,*,#4303,.T.);
#5820=ORIENTED_EDGE('',*,*,#4304,.F.);
#5821=ORIENTED_EDGE('',*,*,#4305,.F.);
#5822=ORIENTED_EDGE('',*,*,#4269,.F.);
#5823=ORIENTED_EDGE('',*,*,#4305,.T.);
#5824=ORIENTED_EDGE('',*,*,#4306,.F.);
#5825=ORIENTED_EDGE('',*,*,#4307,.F.);
#5826=ORIENTED_EDGE('',*,*,#4270,.F.);
#5827=ORIENTED_EDGE('',*,*,#4307,.T.);
#5828=ORIENTED_EDGE('',*,*,#4308,.F.);
#5829=ORIENTED_EDGE('',*,*,#4309,.F.);
#5830=ORIENTED_EDGE('',*,*,#4271,.F.);
#5831=ORIENTED_EDGE('',*,*,#4309,.T.);
#5832=ORIENTED_EDGE('',*,*,#4310,.F.);
#5833=ORIENTED_EDGE('',*,*,#4311,.F.);
#5834=ORIENTED_EDGE('',*,*,#4272,.F.);
#5835=ORIENTED_EDGE('',*,*,#4311,.T.);
#5836=ORIENTED_EDGE('',*,*,#4312,.F.);
#5837=ORIENTED_EDGE('',*,*,#4313,.F.);
#5838=ORIENTED_EDGE('',*,*,#4273,.F.);
#5839=ORIENTED_EDGE('',*,*,#4313,.T.);
#5840=ORIENTED_EDGE('',*,*,#4314,.F.);
#5841=ORIENTED_EDGE('',*,*,#4299,.F.);
#5842=ORIENTED_EDGE('',*,*,#4314,.T.);
#5843=ORIENTED_EDGE('',*,*,#4312,.T.);
#5844=ORIENTED_EDGE('',*,*,#4310,.T.);
#5845=ORIENTED_EDGE('',*,*,#4308,.T.);
#5846=ORIENTED_EDGE('',*,*,#4306,.T.);
#5847=ORIENTED_EDGE('',*,*,#4304,.T.);
#5848=ORIENTED_EDGE('',*,*,#4302,.T.);
#5849=ORIENTED_EDGE('',*,*,#4300,.T.);
#5850=ORIENTED_EDGE('',*,*,#4298,.T.);
#5851=ORIENTED_EDGE('',*,*,#4296,.T.);
#5852=ORIENTED_EDGE('',*,*,#4294,.T.);
#5853=ORIENTED_EDGE('',*,*,#4292,.T.);
#5854=ORIENTED_EDGE('',*,*,#4315,.T.);
#5855=ORIENTED_EDGE('',*,*,#4316,.T.);
#5856=ORIENTED_EDGE('',*,*,#4317,.T.);
#5857=ORIENTED_EDGE('',*,*,#4318,.T.);
#5858=ORIENTED_EDGE('',*,*,#4319,.T.);
#5859=ORIENTED_EDGE('',*,*,#4320,.T.);
#5860=ORIENTED_EDGE('',*,*,#4321,.T.);
#5861=ORIENTED_EDGE('',*,*,#4322,.T.);
#5862=ORIENTED_EDGE('',*,*,#4323,.T.);
#5863=ORIENTED_EDGE('',*,*,#4324,.T.);
#5864=ORIENTED_EDGE('',*,*,#4325,.T.);
#5865=ORIENTED_EDGE('',*,*,#4326,.T.);
#5866=ORIENTED_EDGE('',*,*,#4327,.T.);
#5867=ORIENTED_EDGE('',*,*,#4328,.T.);
#5868=ORIENTED_EDGE('',*,*,#4284,.T.);
#5869=ORIENTED_EDGE('',*,*,#4288,.T.);
#5870=ORIENTED_EDGE('',*,*,#4329,.F.);
#5871=ORIENTED_EDGE('',*,*,#4330,.F.);
#5872=ORIENTED_EDGE('',*,*,#4285,.T.);
#5873=ORIENTED_EDGE('',*,*,#4330,.T.);
#5874=ORIENTED_EDGE('',*,*,#4331,.F.);
#5875=ORIENTED_EDGE('',*,*,#4289,.F.);
#5876=ORIENTED_EDGE('',*,*,#4332,.F.);
#5877=ORIENTED_EDGE('',*,*,#4174,.F.);
#5878=ORIENTED_EDGE('',*,*,#4333,.T.);
#5879=ORIENTED_EDGE('',*,*,#4316,.F.);
#5880=ORIENTED_EDGE('',*,*,#4333,.F.);
#5881=ORIENTED_EDGE('',*,*,#4187,.F.);
#5882=ORIENTED_EDGE('',*,*,#4334,.T.);
#5883=ORIENTED_EDGE('',*,*,#4317,.F.);
#5884=ORIENTED_EDGE('',*,*,#4334,.F.);
#5885=ORIENTED_EDGE('',*,*,#4186,.F.);
#5886=ORIENTED_EDGE('',*,*,#4335,.T.);
#5887=ORIENTED_EDGE('',*,*,#4318,.F.);
#5888=ORIENTED_EDGE('',*,*,#4335,.F.);
#5889=ORIENTED_EDGE('',*,*,#4185,.F.);
#5890=ORIENTED_EDGE('',*,*,#4336,.T.);
#5891=ORIENTED_EDGE('',*,*,#4319,.F.);
#5892=ORIENTED_EDGE('',*,*,#4336,.F.);
#5893=ORIENTED_EDGE('',*,*,#4184,.F.);
#5894=ORIENTED_EDGE('',*,*,#4337,.T.);
#5895=ORIENTED_EDGE('',*,*,#4320,.F.);
#5896=ORIENTED_EDGE('',*,*,#4337,.F.);
#5897=ORIENTED_EDGE('',*,*,#4183,.F.);
#5898=ORIENTED_EDGE('',*,*,#4338,.T.);
#5899=ORIENTED_EDGE('',*,*,#4321,.F.);
#5900=ORIENTED_EDGE('',*,*,#4338,.F.);
#5901=ORIENTED_EDGE('',*,*,#4182,.F.);
#5902=ORIENTED_EDGE('',*,*,#4339,.T.);
#5903=ORIENTED_EDGE('',*,*,#4322,.F.);
#5904=ORIENTED_EDGE('',*,*,#4339,.F.);
#5905=ORIENTED_EDGE('',*,*,#4181,.F.);
#5906=ORIENTED_EDGE('',*,*,#4340,.T.);
#5907=ORIENTED_EDGE('',*,*,#4323,.F.);
#5908=ORIENTED_EDGE('',*,*,#4340,.F.);
#5909=ORIENTED_EDGE('',*,*,#4180,.F.);
#5910=ORIENTED_EDGE('',*,*,#4341,.T.);
#5911=ORIENTED_EDGE('',*,*,#4324,.F.);
#5912=ORIENTED_EDGE('',*,*,#4341,.F.);
#5913=ORIENTED_EDGE('',*,*,#4179,.F.);
#5914=ORIENTED_EDGE('',*,*,#4342,.T.);
#5915=ORIENTED_EDGE('',*,*,#4325,.F.);
#5916=ORIENTED_EDGE('',*,*,#4342,.F.);
#5917=ORIENTED_EDGE('',*,*,#4178,.F.);
#5918=ORIENTED_EDGE('',*,*,#4343,.T.);
#5919=ORIENTED_EDGE('',*,*,#4326,.F.);
#5920=ORIENTED_EDGE('',*,*,#4343,.F.);
#5921=ORIENTED_EDGE('',*,*,#4177,.F.);
#5922=ORIENTED_EDGE('',*,*,#4344,.T.);
#5923=ORIENTED_EDGE('',*,*,#4327,.F.);
#5924=ORIENTED_EDGE('',*,*,#4344,.F.);
#5925=ORIENTED_EDGE('',*,*,#4176,.F.);
#5926=ORIENTED_EDGE('',*,*,#4345,.F.);
#5927=ORIENTED_EDGE('',*,*,#4328,.F.);
#5928=ORIENTED_EDGE('',*,*,#4345,.T.);
#5929=ORIENTED_EDGE('',*,*,#4175,.F.);
#5930=ORIENTED_EDGE('',*,*,#4332,.T.);
#5931=ORIENTED_EDGE('',*,*,#4315,.F.);
#5932=ORIENTED_EDGE('',*,*,#4254,.F.);
#5933=ORIENTED_EDGE('',*,*,#4346,.T.);
#5934=ORIENTED_EDGE('',*,*,#4247,.F.);
#5935=ORIENTED_EDGE('',*,*,#4347,.F.);
#5936=ORIENTED_EDGE('',*,*,#4255,.F.);
#5937=ORIENTED_EDGE('',*,*,#4347,.T.);
#5938=ORIENTED_EDGE('',*,*,#4246,.F.);
#5939=ORIENTED_EDGE('',*,*,#4348,.F.);
#5940=ORIENTED_EDGE('',*,*,#4256,.F.);
#5941=ORIENTED_EDGE('',*,*,#4348,.T.);
#5942=ORIENTED_EDGE('',*,*,#4245,.F.);
#5943=ORIENTED_EDGE('',*,*,#4349,.F.);
#5944=ORIENTED_EDGE('',*,*,#4257,.F.);
#5945=ORIENTED_EDGE('',*,*,#4349,.T.);
#5946=ORIENTED_EDGE('',*,*,#4244,.F.);
#5947=ORIENTED_EDGE('',*,*,#4350,.F.);
#5948=ORIENTED_EDGE('',*,*,#4258,.F.);
#5949=ORIENTED_EDGE('',*,*,#4350,.T.);
#5950=ORIENTED_EDGE('',*,*,#4243,.F.);
#5951=ORIENTED_EDGE('',*,*,#4351,.F.);
#5952=ORIENTED_EDGE('',*,*,#4259,.F.);
#5953=ORIENTED_EDGE('',*,*,#4351,.T.);
#5954=ORIENTED_EDGE('',*,*,#4242,.F.);
#5955=ORIENTED_EDGE('',*,*,#4352,.F.);
#5956=ORIENTED_EDGE('',*,*,#4260,.F.);
#5957=ORIENTED_EDGE('',*,*,#4352,.T.);
#5958=ORIENTED_EDGE('',*,*,#4241,.F.);
#5959=ORIENTED_EDGE('',*,*,#4353,.F.);
#5960=ORIENTED_EDGE('',*,*,#4261,.F.);
#5961=ORIENTED_EDGE('',*,*,#4353,.T.);
#5962=ORIENTED_EDGE('',*,*,#4240,.F.);
#5963=ORIENTED_EDGE('',*,*,#4354,.F.);
#5964=ORIENTED_EDGE('',*,*,#4262,.F.);
#5965=ORIENTED_EDGE('',*,*,#4354,.T.);
#5966=ORIENTED_EDGE('',*,*,#4239,.F.);
#5967=ORIENTED_EDGE('',*,*,#4355,.F.);
#5968=ORIENTED_EDGE('',*,*,#4263,.F.);
#5969=ORIENTED_EDGE('',*,*,#4355,.T.);
#5970=ORIENTED_EDGE('',*,*,#4238,.F.);
#5971=ORIENTED_EDGE('',*,*,#4356,.F.);
#5972=ORIENTED_EDGE('',*,*,#4264,.T.);
#5973=ORIENTED_EDGE('',*,*,#4356,.T.);
#5974=ORIENTED_EDGE('',*,*,#4237,.F.);
#5975=ORIENTED_EDGE('',*,*,#4357,.F.);
#5976=ORIENTED_EDGE('',*,*,#4253,.F.);
#5977=ORIENTED_EDGE('',*,*,#4357,.T.);
#5978=ORIENTED_EDGE('',*,*,#4236,.F.);
#5979=ORIENTED_EDGE('',*,*,#4346,.F.);
#5980=ORIENTED_EDGE('',*,*,#4188,.T.);
#5981=ORIENTED_EDGE('',*,*,#4192,.T.);
#5982=ORIENTED_EDGE('',*,*,#4195,.T.);
#5983=ORIENTED_EDGE('',*,*,#4198,.T.);
#5984=ORIENTED_EDGE('',*,*,#4201,.T.);
#5985=ORIENTED_EDGE('',*,*,#4204,.T.);
#5986=ORIENTED_EDGE('',*,*,#4207,.T.);
#5987=ORIENTED_EDGE('',*,*,#4210,.T.);
#5988=ORIENTED_EDGE('',*,*,#4290,.T.);
#5989=ORIENTED_EDGE('',*,*,#4331,.T.);
#5990=ORIENTED_EDGE('',*,*,#4329,.T.);
#5991=ORIENTED_EDGE('',*,*,#4287,.T.);
#5992=ORIENTED_EDGE('',*,*,#4358,.T.);
#5993=ORIENTED_EDGE('',*,*,#4359,.T.);
#5994=ORIENTED_EDGE('',*,*,#4360,.T.);
#5995=ORIENTED_EDGE('',*,*,#4361,.T.);
#5996=ORIENTED_EDGE('',*,*,#4362,.T.);
#5997=ORIENTED_EDGE('',*,*,#4363,.T.);
#5998=ORIENTED_EDGE('',*,*,#4364,.T.);
#5999=ORIENTED_EDGE('',*,*,#4365,.T.);
#6000=ORIENTED_EDGE('',*,*,#4366,.T.);
#6001=ORIENTED_EDGE('',*,*,#4363,.F.);
#6002=ORIENTED_EDGE('',*,*,#4367,.T.);
#6003=ORIENTED_EDGE('',*,*,#4368,.T.);
#6004=ORIENTED_EDGE('',*,*,#4369,.T.);
#6005=ORIENTED_EDGE('',*,*,#4368,.F.);
#6006=ORIENTED_EDGE('',*,*,#4370,.T.);
#6007=ORIENTED_EDGE('',*,*,#4371,.T.);
#6008=ORIENTED_EDGE('',*,*,#4372,.T.);
#6009=ORIENTED_EDGE('',*,*,#4365,.F.);
#6010=ORIENTED_EDGE('',*,*,#4373,.T.);
#6011=ORIENTED_EDGE('',*,*,#4361,.F.);
#6012=ORIENTED_EDGE('',*,*,#4374,.T.);
#6013=ORIENTED_EDGE('',*,*,#4371,.F.);
#6014=ORIENTED_EDGE('',*,*,#4375,.T.);
#6015=ORIENTED_EDGE('',*,*,#4359,.F.);
#6016=ORIENTED_EDGE('',*,*,#4358,.F.);
#6017=ORIENTED_EDGE('',*,*,#4376,.F.);
#6018=ORIENTED_EDGE('',*,*,#4377,.F.);
#6019=ORIENTED_EDGE('',*,*,#4378,.F.);
#6020=ORIENTED_EDGE('',*,*,#4373,.F.);
#6021=ORIENTED_EDGE('',*,*,#4379,.T.);
#6022=ORIENTED_EDGE('',*,*,#4380,.F.);
#6023=ORIENTED_EDGE('',*,*,#4376,.T.);
#6024=ORIENTED_EDGE('',*,*,#4364,.F.);
#6025=ORIENTED_EDGE('',*,*,#4381,.F.);
#6026=ORIENTED_EDGE('',*,*,#4382,.F.);
#6027=ORIENTED_EDGE('',*,*,#4379,.F.);
#6028=ORIENTED_EDGE('',*,*,#4362,.F.);
#6029=ORIENTED_EDGE('',*,*,#4372,.F.);
#6030=ORIENTED_EDGE('',*,*,#4360,.F.);
#6031=ORIENTED_EDGE('',*,*,#4375,.F.);
#6032=ORIENTED_EDGE('',*,*,#4370,.F.);
#6033=ORIENTED_EDGE('',*,*,#4367,.F.);
#6034=ORIENTED_EDGE('',*,*,#4383,.T.);
#6035=ORIENTED_EDGE('',*,*,#4384,.T.);
#6036=ORIENTED_EDGE('',*,*,#4377,.T.);
#6037=ORIENTED_EDGE('',*,*,#4385,.T.);
#6038=ORIENTED_EDGE('',*,*,#4386,.T.);
#6039=ORIENTED_EDGE('',*,*,#4387,.T.);
#6040=ORIENTED_EDGE('',*,*,#4388,.T.);
#6041=ORIENTED_EDGE('',*,*,#4384,.F.);
#6042=ORIENTED_EDGE('',*,*,#4382,.T.);
#6043=ORIENTED_EDGE('',*,*,#4389,.T.);
#6044=ORIENTED_EDGE('',*,*,#4390,.T.);
#6045=ORIENTED_EDGE('',*,*,#4391,.T.);
#6046=ORIENTED_EDGE('',*,*,#4392,.T.);
#6047=ORIENTED_EDGE('',*,*,#4393,.T.);
#6048=ORIENTED_EDGE('',*,*,#4394,.T.);
#6049=ORIENTED_EDGE('',*,*,#4387,.F.);
#6050=ORIENTED_EDGE('',*,*,#4395,.T.);
#6051=ORIENTED_EDGE('',*,*,#4393,.F.);
#6052=ORIENTED_EDGE('',*,*,#4396,.T.);
#6053=ORIENTED_EDGE('',*,*,#4389,.F.);
#6054=ORIENTED_EDGE('',*,*,#4380,.T.);
#6055=ORIENTED_EDGE('',*,*,#4391,.F.);
#6056=ORIENTED_EDGE('',*,*,#4397,.T.);
#6057=ORIENTED_EDGE('',*,*,#4385,.F.);
#6058=ORIENTED_EDGE('',*,*,#4369,.F.);
#6059=ORIENTED_EDGE('',*,*,#4398,.F.);
#6060=ORIENTED_EDGE('',*,*,#4394,.F.);
#6061=ORIENTED_EDGE('',*,*,#4399,.F.);
#6062=ORIENTED_EDGE('',*,*,#4366,.F.);
#6063=ORIENTED_EDGE('',*,*,#4399,.T.);
#6064=ORIENTED_EDGE('',*,*,#4395,.F.);
#6065=ORIENTED_EDGE('',*,*,#4381,.T.);
#6066=ORIENTED_EDGE('',*,*,#4390,.F.);
#6067=ORIENTED_EDGE('',*,*,#4396,.F.);
#6068=ORIENTED_EDGE('',*,*,#4392,.F.);
#6069=ORIENTED_EDGE('',*,*,#4386,.F.);
#6070=ORIENTED_EDGE('',*,*,#4383,.F.);
#6071=ORIENTED_EDGE('',*,*,#4397,.F.);
#6072=ORIENTED_EDGE('',*,*,#4374,.F.);
#6073=ORIENTED_EDGE('',*,*,#4378,.T.);
#6074=ORIENTED_EDGE('',*,*,#4388,.F.);
#6075=ORIENTED_EDGE('',*,*,#4398,.T.);
#6076=ORIENTED_EDGE('',*,*,#4400,.T.);
#6077=ORIENTED_EDGE('',*,*,#4401,.T.);
#6078=ORIENTED_EDGE('',*,*,#4402,.T.);
#6079=ORIENTED_EDGE('',*,*,#4403,.T.);
#6080=ORIENTED_EDGE('',*,*,#4404,.T.);
#6081=ORIENTED_EDGE('',*,*,#4405,.T.);
#6082=ORIENTED_EDGE('',*,*,#4406,.T.);
#6083=ORIENTED_EDGE('',*,*,#4407,.T.);
#6084=ORIENTED_EDGE('',*,*,#4408,.T.);
#6085=ORIENTED_EDGE('',*,*,#4405,.F.);
#6086=ORIENTED_EDGE('',*,*,#4409,.T.);
#6087=ORIENTED_EDGE('',*,*,#4410,.T.);
#6088=ORIENTED_EDGE('',*,*,#4411,.T.);
#6089=ORIENTED_EDGE('',*,*,#4410,.F.);
#6090=ORIENTED_EDGE('',*,*,#4412,.T.);
#6091=ORIENTED_EDGE('',*,*,#4413,.T.);
#6092=ORIENTED_EDGE('',*,*,#4414,.T.);
#6093=ORIENTED_EDGE('',*,*,#4407,.F.);
#6094=ORIENTED_EDGE('',*,*,#4415,.T.);
#6095=ORIENTED_EDGE('',*,*,#4403,.F.);
#6096=ORIENTED_EDGE('',*,*,#4416,.T.);
#6097=ORIENTED_EDGE('',*,*,#4413,.F.);
#6098=ORIENTED_EDGE('',*,*,#4417,.T.);
#6099=ORIENTED_EDGE('',*,*,#4401,.F.);
#6100=ORIENTED_EDGE('',*,*,#4400,.F.);
#6101=ORIENTED_EDGE('',*,*,#4418,.F.);
#6102=ORIENTED_EDGE('',*,*,#4419,.F.);
#6103=ORIENTED_EDGE('',*,*,#4420,.F.);
#6104=ORIENTED_EDGE('',*,*,#4415,.F.);
#6105=ORIENTED_EDGE('',*,*,#4421,.T.);
#6106=ORIENTED_EDGE('',*,*,#4422,.F.);
#6107=ORIENTED_EDGE('',*,*,#4418,.T.);
#6108=ORIENTED_EDGE('',*,*,#4406,.F.);
#6109=ORIENTED_EDGE('',*,*,#4423,.F.);
#6110=ORIENTED_EDGE('',*,*,#4424,.F.);
#6111=ORIENTED_EDGE('',*,*,#4421,.F.);
#6112=ORIENTED_EDGE('',*,*,#4404,.F.);
#6113=ORIENTED_EDGE('',*,*,#4414,.F.);
#6114=ORIENTED_EDGE('',*,*,#4402,.F.);
#6115=ORIENTED_EDGE('',*,*,#4417,.F.);
#6116=ORIENTED_EDGE('',*,*,#4412,.F.);
#6117=ORIENTED_EDGE('',*,*,#4409,.F.);
#6118=ORIENTED_EDGE('',*,*,#4425,.T.);
#6119=ORIENTED_EDGE('',*,*,#4426,.T.);
#6120=ORIENTED_EDGE('',*,*,#4419,.T.);
#6121=ORIENTED_EDGE('',*,*,#4427,.T.);
#6122=ORIENTED_EDGE('',*,*,#4428,.T.);
#6123=ORIENTED_EDGE('',*,*,#4429,.T.);
#6124=ORIENTED_EDGE('',*,*,#4430,.T.);
#6125=ORIENTED_EDGE('',*,*,#4426,.F.);
#6126=ORIENTED_EDGE('',*,*,#4424,.T.);
#6127=ORIENTED_EDGE('',*,*,#4431,.T.);
#6128=ORIENTED_EDGE('',*,*,#4432,.T.);
#6129=ORIENTED_EDGE('',*,*,#4433,.T.);
#6130=ORIENTED_EDGE('',*,*,#4434,.T.);
#6131=ORIENTED_EDGE('',*,*,#4435,.T.);
#6132=ORIENTED_EDGE('',*,*,#4436,.T.);
#6133=ORIENTED_EDGE('',*,*,#4429,.F.);
#6134=ORIENTED_EDGE('',*,*,#4437,.T.);
#6135=ORIENTED_EDGE('',*,*,#4435,.F.);
#6136=ORIENTED_EDGE('',*,*,#4438,.T.);
#6137=ORIENTED_EDGE('',*,*,#4431,.F.);
#6138=ORIENTED_EDGE('',*,*,#4422,.T.);
#6139=ORIENTED_EDGE('',*,*,#4433,.F.);
#6140=ORIENTED_EDGE('',*,*,#4439,.T.);
#6141=ORIENTED_EDGE('',*,*,#4427,.F.);
#6142=ORIENTED_EDGE('',*,*,#4411,.F.);
#6143=ORIENTED_EDGE('',*,*,#4440,.F.);
#6144=ORIENTED_EDGE('',*,*,#4436,.F.);
#6145=ORIENTED_EDGE('',*,*,#4441,.F.);
#6146=ORIENTED_EDGE('',*,*,#4408,.F.);
#6147=ORIENTED_EDGE('',*,*,#4441,.T.);
#6148=ORIENTED_EDGE('',*,*,#4437,.F.);
#6149=ORIENTED_EDGE('',*,*,#4423,.T.);
#6150=ORIENTED_EDGE('',*,*,#4432,.F.);
#6151=ORIENTED_EDGE('',*,*,#4438,.F.);
#6152=ORIENTED_EDGE('',*,*,#4434,.F.);
#6153=ORIENTED_EDGE('',*,*,#4428,.F.);
#6154=ORIENTED_EDGE('',*,*,#4425,.F.);
#6155=ORIENTED_EDGE('',*,*,#4439,.F.);
#6156=ORIENTED_EDGE('',*,*,#4416,.F.);
#6157=ORIENTED_EDGE('',*,*,#4420,.T.);
#6158=ORIENTED_EDGE('',*,*,#4430,.F.);
#6159=ORIENTED_EDGE('',*,*,#4440,.T.);
#6160=ORIENTED_EDGE('',*,*,#4442,.T.);
#6161=ORIENTED_EDGE('',*,*,#4443,.T.);
#6162=ORIENTED_EDGE('',*,*,#4444,.T.);
#6163=ORIENTED_EDGE('',*,*,#4445,.T.);
#6164=ORIENTED_EDGE('',*,*,#4446,.T.);
#6165=ORIENTED_EDGE('',*,*,#4447,.T.);
#6166=ORIENTED_EDGE('',*,*,#4448,.T.);
#6167=ORIENTED_EDGE('',*,*,#4449,.T.);
#6168=ORIENTED_EDGE('',*,*,#4450,.T.);
#6169=ORIENTED_EDGE('',*,*,#4447,.F.);
#6170=ORIENTED_EDGE('',*,*,#4451,.T.);
#6171=ORIENTED_EDGE('',*,*,#4452,.T.);
#6172=ORIENTED_EDGE('',*,*,#4453,.T.);
#6173=ORIENTED_EDGE('',*,*,#4452,.F.);
#6174=ORIENTED_EDGE('',*,*,#4454,.T.);
#6175=ORIENTED_EDGE('',*,*,#4455,.T.);
#6176=ORIENTED_EDGE('',*,*,#4456,.T.);
#6177=ORIENTED_EDGE('',*,*,#4449,.F.);
#6178=ORIENTED_EDGE('',*,*,#4457,.T.);
#6179=ORIENTED_EDGE('',*,*,#4445,.F.);
#6180=ORIENTED_EDGE('',*,*,#4458,.T.);
#6181=ORIENTED_EDGE('',*,*,#4455,.F.);
#6182=ORIENTED_EDGE('',*,*,#4459,.T.);
#6183=ORIENTED_EDGE('',*,*,#4443,.F.);
#6184=ORIENTED_EDGE('',*,*,#4442,.F.);
#6185=ORIENTED_EDGE('',*,*,#4460,.F.);
#6186=ORIENTED_EDGE('',*,*,#4461,.F.);
#6187=ORIENTED_EDGE('',*,*,#4462,.F.);
#6188=ORIENTED_EDGE('',*,*,#4457,.F.);
#6189=ORIENTED_EDGE('',*,*,#4463,.T.);
#6190=ORIENTED_EDGE('',*,*,#4464,.F.);
#6191=ORIENTED_EDGE('',*,*,#4460,.T.);
#6192=ORIENTED_EDGE('',*,*,#4448,.F.);
#6193=ORIENTED_EDGE('',*,*,#4465,.F.);
#6194=ORIENTED_EDGE('',*,*,#4466,.F.);
#6195=ORIENTED_EDGE('',*,*,#4463,.F.);
#6196=ORIENTED_EDGE('',*,*,#4446,.F.);
#6197=ORIENTED_EDGE('',*,*,#4456,.F.);
#6198=ORIENTED_EDGE('',*,*,#4444,.F.);
#6199=ORIENTED_EDGE('',*,*,#4459,.F.);
#6200=ORIENTED_EDGE('',*,*,#4454,.F.);
#6201=ORIENTED_EDGE('',*,*,#4451,.F.);
#6202=ORIENTED_EDGE('',*,*,#4467,.T.);
#6203=ORIENTED_EDGE('',*,*,#4468,.T.);
#6204=ORIENTED_EDGE('',*,*,#4461,.T.);
#6205=ORIENTED_EDGE('',*,*,#4469,.T.);
#6206=ORIENTED_EDGE('',*,*,#4470,.T.);
#6207=ORIENTED_EDGE('',*,*,#4471,.T.);
#6208=ORIENTED_EDGE('',*,*,#4472,.T.);
#6209=ORIENTED_EDGE('',*,*,#4468,.F.);
#6210=ORIENTED_EDGE('',*,*,#4466,.T.);
#6211=ORIENTED_EDGE('',*,*,#4473,.T.);
#6212=ORIENTED_EDGE('',*,*,#4474,.T.);
#6213=ORIENTED_EDGE('',*,*,#4475,.T.);
#6214=ORIENTED_EDGE('',*,*,#4476,.T.);
#6215=ORIENTED_EDGE('',*,*,#4477,.T.);
#6216=ORIENTED_EDGE('',*,*,#4478,.T.);
#6217=ORIENTED_EDGE('',*,*,#4471,.F.);
#6218=ORIENTED_EDGE('',*,*,#4479,.T.);
#6219=ORIENTED_EDGE('',*,*,#4477,.F.);
#6220=ORIENTED_EDGE('',*,*,#4480,.T.);
#6221=ORIENTED_EDGE('',*,*,#4473,.F.);
#6222=ORIENTED_EDGE('',*,*,#4464,.T.);
#6223=ORIENTED_EDGE('',*,*,#4475,.F.);
#6224=ORIENTED_EDGE('',*,*,#4481,.T.);
#6225=ORIENTED_EDGE('',*,*,#4469,.F.);
#6226=ORIENTED_EDGE('',*,*,#4453,.F.);
#6227=ORIENTED_EDGE('',*,*,#4482,.F.);
#6228=ORIENTED_EDGE('',*,*,#4478,.F.);
#6229=ORIENTED_EDGE('',*,*,#4483,.F.);
#6230=ORIENTED_EDGE('',*,*,#4450,.F.);
#6231=ORIENTED_EDGE('',*,*,#4483,.T.);
#6232=ORIENTED_EDGE('',*,*,#4479,.F.);
#6233=ORIENTED_EDGE('',*,*,#4465,.T.);
#6234=ORIENTED_EDGE('',*,*,#4474,.F.);
#6235=ORIENTED_EDGE('',*,*,#4480,.F.);
#6236=ORIENTED_EDGE('',*,*,#4476,.F.);
#6237=ORIENTED_EDGE('',*,*,#4470,.F.);
#6238=ORIENTED_EDGE('',*,*,#4467,.F.);
#6239=ORIENTED_EDGE('',*,*,#4481,.F.);
#6240=ORIENTED_EDGE('',*,*,#4458,.F.);
#6241=ORIENTED_EDGE('',*,*,#4462,.T.);
#6242=ORIENTED_EDGE('',*,*,#4472,.F.);
#6243=ORIENTED_EDGE('',*,*,#4482,.T.);
#6244=ORIENTED_EDGE('',*,*,#4484,.F.);
#6245=ORIENTED_EDGE('',*,*,#4485,.T.);
#6246=ORIENTED_EDGE('',*,*,#4486,.F.);
#6247=ORIENTED_EDGE('',*,*,#4487,.F.);
#6248=ORIENTED_EDGE('',*,*,#4488,.T.);
#6249=ORIENTED_EDGE('',*,*,#4489,.T.);
#6250=ORIENTED_EDGE('',*,*,#4486,.T.);
#6251=ORIENTED_EDGE('',*,*,#4490,.T.);
#6252=ORIENTED_EDGE('',*,*,#4484,.T.);
#6253=ORIENTED_EDGE('',*,*,#4491,.T.);
#6254=ORIENTED_EDGE('',*,*,#4492,.T.);
#6255=ORIENTED_EDGE('',*,*,#4493,.T.);
#6256=ORIENTED_EDGE('',*,*,#4494,.T.);
#6257=ORIENTED_EDGE('',*,*,#4495,.T.);
#6258=ORIENTED_EDGE('',*,*,#4496,.T.);
#6259=ORIENTED_EDGE('',*,*,#4497,.T.);
#6260=ORIENTED_EDGE('',*,*,#4490,.F.);
#6261=ORIENTED_EDGE('',*,*,#4485,.F.);
#6262=ORIENTED_EDGE('',*,*,#4498,.F.);
#6263=ORIENTED_EDGE('',*,*,#4499,.F.);
#6264=ORIENTED_EDGE('',*,*,#4498,.T.);
#6265=ORIENTED_EDGE('',*,*,#4495,.F.);
#6266=ORIENTED_EDGE('',*,*,#4500,.F.);
#6267=ORIENTED_EDGE('',*,*,#4501,.F.);
#6268=ORIENTED_EDGE('',*,*,#4500,.T.);
#6269=ORIENTED_EDGE('',*,*,#4494,.F.);
#6270=ORIENTED_EDGE('',*,*,#4502,.F.);
#6271=ORIENTED_EDGE('',*,*,#4503,.T.);
#6272=ORIENTED_EDGE('',*,*,#4502,.T.);
#6273=ORIENTED_EDGE('',*,*,#4493,.F.);
#6274=ORIENTED_EDGE('',*,*,#4504,.F.);
#6275=ORIENTED_EDGE('',*,*,#4505,.T.);
#6276=ORIENTED_EDGE('',*,*,#4504,.T.);
#6277=ORIENTED_EDGE('',*,*,#4492,.F.);
#6278=ORIENTED_EDGE('',*,*,#4506,.F.);
#6279=ORIENTED_EDGE('',*,*,#4507,.F.);
#6280=ORIENTED_EDGE('',*,*,#4506,.T.);
#6281=ORIENTED_EDGE('',*,*,#4491,.F.);
#6282=ORIENTED_EDGE('',*,*,#4508,.F.);
#6283=ORIENTED_EDGE('',*,*,#4509,.T.);
#6284=ORIENTED_EDGE('',*,*,#4508,.T.);
#6285=ORIENTED_EDGE('',*,*,#4487,.T.);
#6286=ORIENTED_EDGE('',*,*,#4489,.F.);
#6287=ORIENTED_EDGE('',*,*,#4510,.F.);
#6288=ORIENTED_EDGE('',*,*,#4511,.F.);
#6289=ORIENTED_EDGE('',*,*,#4510,.T.);
#6290=ORIENTED_EDGE('',*,*,#4488,.F.);
#6291=ORIENTED_EDGE('',*,*,#4497,.F.);
#6292=ORIENTED_EDGE('',*,*,#4499,.T.);
#6293=ORIENTED_EDGE('',*,*,#4501,.T.);
#6294=ORIENTED_EDGE('',*,*,#4503,.F.);
#6295=ORIENTED_EDGE('',*,*,#4505,.F.);
#6296=ORIENTED_EDGE('',*,*,#4507,.T.);
#6297=ORIENTED_EDGE('',*,*,#4509,.F.);
#6298=ORIENTED_EDGE('',*,*,#4511,.T.);
#6299=ORIENTED_EDGE('',*,*,#4496,.F.);
#6300=ORIENTED_EDGE('',*,*,#4512,.F.);
#6301=ORIENTED_EDGE('',*,*,#4513,.T.);
#6302=ORIENTED_EDGE('',*,*,#4514,.F.);
#6303=ORIENTED_EDGE('',*,*,#4515,.F.);
#6304=ORIENTED_EDGE('',*,*,#4516,.F.);
#6305=ORIENTED_EDGE('',*,*,#4515,.T.);
#6306=ORIENTED_EDGE('',*,*,#4517,.F.);
#6307=ORIENTED_EDGE('',*,*,#4518,.F.);
#6308=ORIENTED_EDGE('',*,*,#4519,.F.);
#6309=ORIENTED_EDGE('',*,*,#4520,.T.);
#6310=ORIENTED_EDGE('',*,*,#4521,.F.);
#6311=ORIENTED_EDGE('',*,*,#4522,.F.);
#6312=ORIENTED_EDGE('',*,*,#4523,.F.);
#6313=ORIENTED_EDGE('',*,*,#4522,.T.);
#6314=ORIENTED_EDGE('',*,*,#4524,.F.);
#6315=ORIENTED_EDGE('',*,*,#4525,.F.);
#6316=ORIENTED_EDGE('',*,*,#4526,.F.);
#6317=ORIENTED_EDGE('',*,*,#4527,.T.);
#6318=ORIENTED_EDGE('',*,*,#4528,.F.);
#6319=ORIENTED_EDGE('',*,*,#4529,.F.);
#6320=ORIENTED_EDGE('',*,*,#4530,.F.);
#6321=ORIENTED_EDGE('',*,*,#4529,.T.);
#6322=ORIENTED_EDGE('',*,*,#4531,.F.);
#6323=ORIENTED_EDGE('',*,*,#4532,.F.);
#6324=ORIENTED_EDGE('',*,*,#4533,.F.);
#6325=ORIENTED_EDGE('',*,*,#4534,.T.);
#6326=ORIENTED_EDGE('',*,*,#4535,.F.);
#6327=ORIENTED_EDGE('',*,*,#4536,.F.);
#6328=ORIENTED_EDGE('',*,*,#4537,.F.);
#6329=ORIENTED_EDGE('',*,*,#4536,.T.);
#6330=ORIENTED_EDGE('',*,*,#4538,.F.);
#6331=ORIENTED_EDGE('',*,*,#4539,.F.);
#6332=ORIENTED_EDGE('',*,*,#4540,.T.);
#6333=ORIENTED_EDGE('',*,*,#4538,.T.);
#6334=ORIENTED_EDGE('',*,*,#4535,.T.);
#6335=ORIENTED_EDGE('',*,*,#4541,.T.);
#6336=ORIENTED_EDGE('',*,*,#4531,.T.);
#6337=ORIENTED_EDGE('',*,*,#4528,.T.);
#6338=ORIENTED_EDGE('',*,*,#4542,.T.);
#6339=ORIENTED_EDGE('',*,*,#4524,.T.);
#6340=ORIENTED_EDGE('',*,*,#4521,.T.);
#6341=ORIENTED_EDGE('',*,*,#4543,.T.);
#6342=ORIENTED_EDGE('',*,*,#4517,.T.);
#6343=ORIENTED_EDGE('',*,*,#4514,.T.);
#6344=ORIENTED_EDGE('',*,*,#4533,.T.);
#6345=ORIENTED_EDGE('',*,*,#4537,.T.);
#6346=ORIENTED_EDGE('',*,*,#4544,.F.);
#6347=ORIENTED_EDGE('',*,*,#4545,.F.);
#6348=ORIENTED_EDGE('',*,*,#4516,.T.);
#6349=ORIENTED_EDGE('',*,*,#4546,.F.);
#6350=ORIENTED_EDGE('',*,*,#4547,.F.);
#6351=ORIENTED_EDGE('',*,*,#4512,.T.);
#6352=ORIENTED_EDGE('',*,*,#4523,.T.);
#6353=ORIENTED_EDGE('',*,*,#4548,.F.);
#6354=ORIENTED_EDGE('',*,*,#4549,.F.);
#6355=ORIENTED_EDGE('',*,*,#4519,.T.);
#6356=ORIENTED_EDGE('',*,*,#4526,.T.);
#6357=ORIENTED_EDGE('',*,*,#4530,.T.);
#6358=ORIENTED_EDGE('',*,*,#4550,.F.);
#6359=ORIENTED_EDGE('',*,*,#4551,.F.);
#6360=ORIENTED_EDGE('',*,*,#4552,.F.);
#6361=ORIENTED_EDGE('',*,*,#4553,.F.);
#6362=ORIENTED_EDGE('',*,*,#4554,.F.);
#6363=ORIENTED_EDGE('',*,*,#4555,.F.);
#6364=ORIENTED_EDGE('',*,*,#4553,.T.);
#6365=ORIENTED_EDGE('',*,*,#4556,.F.);
#6366=ORIENTED_EDGE('',*,*,#4557,.F.);
#6367=ORIENTED_EDGE('',*,*,#4558,.T.);
#6368=ORIENTED_EDGE('',*,*,#4559,.T.);
#6369=ORIENTED_EDGE('',*,*,#4552,.T.);
#6370=ORIENTED_EDGE('',*,*,#4560,.F.);
#6371=ORIENTED_EDGE('',*,*,#4561,.F.);
#6372=ORIENTED_EDGE('',*,*,#4556,.T.);
#6373=ORIENTED_EDGE('',*,*,#4550,.T.);
#6374=ORIENTED_EDGE('',*,*,#4532,.T.);
#6375=ORIENTED_EDGE('',*,*,#4541,.F.);
#6376=ORIENTED_EDGE('',*,*,#4534,.F.);
#6377=ORIENTED_EDGE('',*,*,#4545,.T.);
#6378=ORIENTED_EDGE('',*,*,#4562,.F.);
#6379=ORIENTED_EDGE('',*,*,#4563,.F.);
#6380=ORIENTED_EDGE('',*,*,#4564,.T.);
#6381=ORIENTED_EDGE('',*,*,#4544,.T.);
#6382=ORIENTED_EDGE('',*,*,#4539,.T.);
#6383=ORIENTED_EDGE('',*,*,#4540,.F.);
#6384=ORIENTED_EDGE('',*,*,#4513,.F.);
#6385=ORIENTED_EDGE('',*,*,#4547,.T.);
#6386=ORIENTED_EDGE('',*,*,#4565,.F.);
#6387=ORIENTED_EDGE('',*,*,#4566,.F.);
#6388=ORIENTED_EDGE('',*,*,#4562,.T.);
#6389=ORIENTED_EDGE('',*,*,#4567,.T.);
#6390=ORIENTED_EDGE('',*,*,#4555,.T.);
#6391=ORIENTED_EDGE('',*,*,#4568,.F.);
#6392=ORIENTED_EDGE('',*,*,#4569,.F.);
#6393=ORIENTED_EDGE('',*,*,#4560,.T.);
#6394=ORIENTED_EDGE('',*,*,#4570,.T.);
#6395=ORIENTED_EDGE('',*,*,#4567,.F.);
#6396=ORIENTED_EDGE('',*,*,#4571,.T.);
#6397=ORIENTED_EDGE('',*,*,#4570,.F.);
#6398=ORIENTED_EDGE('',*,*,#4571,.F.);
#6399=ORIENTED_EDGE('',*,*,#4559,.F.);
#6400=ORIENTED_EDGE('',*,*,#4572,.T.);
#6401=ORIENTED_EDGE('',*,*,#4573,.F.);
#6402=ORIENTED_EDGE('',*,*,#4572,.F.);
#6403=ORIENTED_EDGE('',*,*,#4546,.T.);
#6404=ORIENTED_EDGE('',*,*,#4518,.T.);
#6405=ORIENTED_EDGE('',*,*,#4543,.F.);
#6406=ORIENTED_EDGE('',*,*,#4520,.F.);
#6407=ORIENTED_EDGE('',*,*,#4549,.T.);
#6408=ORIENTED_EDGE('',*,*,#4574,.F.);
#6409=ORIENTED_EDGE('',*,*,#4575,.F.);
#6410=ORIENTED_EDGE('',*,*,#4565,.T.);
#6411=ORIENTED_EDGE('',*,*,#4548,.T.);
#6412=ORIENTED_EDGE('',*,*,#4525,.T.);
#6413=ORIENTED_EDGE('',*,*,#4542,.F.);
#6414=ORIENTED_EDGE('',*,*,#4527,.F.);
#6415=ORIENTED_EDGE('',*,*,#4551,.T.);
#6416=ORIENTED_EDGE('',*,*,#4564,.F.);
#6417=ORIENTED_EDGE('',*,*,#4576,.F.);
#6418=ORIENTED_EDGE('',*,*,#4574,.T.);
#6419=ORIENTED_EDGE('',*,*,#4573,.T.);
#6420=ORIENTED_EDGE('',*,*,#4554,.T.);
#6421=ORIENTED_EDGE('',*,*,#4558,.F.);
#6422=ORIENTED_EDGE('',*,*,#4577,.F.);
#6423=ORIENTED_EDGE('',*,*,#4568,.T.);
#6424=ORIENTED_EDGE('',*,*,#4578,.T.);
#6425=ORIENTED_EDGE('',*,*,#4579,.T.);
#6426=ORIENTED_EDGE('',*,*,#4580,.F.);
#6427=ORIENTED_EDGE('',*,*,#4581,.F.);
#6428=ORIENTED_EDGE('',*,*,#4582,.T.);
#6429=ORIENTED_EDGE('',*,*,#4581,.T.);
#6430=ORIENTED_EDGE('',*,*,#4583,.F.);
#6431=ORIENTED_EDGE('',*,*,#4584,.F.);
#6432=ORIENTED_EDGE('',*,*,#4585,.T.);
#6433=ORIENTED_EDGE('',*,*,#4584,.T.);
#6434=ORIENTED_EDGE('',*,*,#4586,.F.);
#6435=ORIENTED_EDGE('',*,*,#4587,.F.);
#6436=ORIENTED_EDGE('',*,*,#4588,.T.);
#6437=ORIENTED_EDGE('',*,*,#4587,.T.);
#6438=ORIENTED_EDGE('',*,*,#4589,.F.);
#6439=ORIENTED_EDGE('',*,*,#4579,.F.);
#6440=ORIENTED_EDGE('',*,*,#4588,.F.);
#6441=ORIENTED_EDGE('',*,*,#4578,.F.);
#6442=ORIENTED_EDGE('',*,*,#4582,.F.);
#6443=ORIENTED_EDGE('',*,*,#4585,.F.);
#6444=ORIENTED_EDGE('',*,*,#4569,.T.);
#6445=ORIENTED_EDGE('',*,*,#4577,.T.);
#6446=ORIENTED_EDGE('',*,*,#4557,.T.);
#6447=ORIENTED_EDGE('',*,*,#4561,.T.);
#6448=ORIENTED_EDGE('',*,*,#4589,.T.);
#6449=ORIENTED_EDGE('',*,*,#4586,.T.);
#6450=ORIENTED_EDGE('',*,*,#4583,.T.);
#6451=ORIENTED_EDGE('',*,*,#4580,.T.);
#6452=ORIENTED_EDGE('',*,*,#4575,.T.);
#6453=ORIENTED_EDGE('',*,*,#4576,.T.);
#6454=ORIENTED_EDGE('',*,*,#4563,.T.);
#6455=ORIENTED_EDGE('',*,*,#4566,.T.);
#6456=ORIENTED_EDGE('',*,*,#4590,.T.);
#6457=ORIENTED_EDGE('',*,*,#4591,.T.);
#6458=ORIENTED_EDGE('',*,*,#4592,.T.);
#6459=ORIENTED_EDGE('',*,*,#4593,.T.);
#6460=ORIENTED_EDGE('',*,*,#4592,.F.);
#6461=ORIENTED_EDGE('',*,*,#4594,.F.);
#6462=ORIENTED_EDGE('',*,*,#4595,.F.);
#6463=ORIENTED_EDGE('',*,*,#4596,.F.);
#6464=ORIENTED_EDGE('',*,*,#4597,.F.);
#6465=ORIENTED_EDGE('',*,*,#4598,.F.);
#6466=ORIENTED_EDGE('',*,*,#4599,.T.);
#6467=ORIENTED_EDGE('',*,*,#4591,.F.);
#6468=ORIENTED_EDGE('',*,*,#4600,.T.);
#6469=ORIENTED_EDGE('',*,*,#4601,.F.);
#6470=ORIENTED_EDGE('',*,*,#4594,.T.);
#6471=ORIENTED_EDGE('',*,*,#4602,.T.);
#6472=ORIENTED_EDGE('',*,*,#4603,.T.);
#6473=ORIENTED_EDGE('',*,*,#4595,.T.);
#6474=ORIENTED_EDGE('',*,*,#4601,.T.);
#6475=ORIENTED_EDGE('',*,*,#4604,.F.);
#6476=ORIENTED_EDGE('',*,*,#4599,.F.);
#6477=ORIENTED_EDGE('',*,*,#4605,.T.);
#6478=ORIENTED_EDGE('',*,*,#4604,.T.);
#6479=ORIENTED_EDGE('',*,*,#4605,.F.);
#6480=ORIENTED_EDGE('',*,*,#4606,.F.);
#6481=ORIENTED_EDGE('',*,*,#4607,.T.);
#6482=ORIENTED_EDGE('',*,*,#4608,.F.);
#6483=ORIENTED_EDGE('',*,*,#4607,.F.);
#6484=ORIENTED_EDGE('',*,*,#4606,.T.);
#6485=ORIENTED_EDGE('',*,*,#4590,.F.);
#6486=ORIENTED_EDGE('',*,*,#4609,.F.);
#6487=ORIENTED_EDGE('',*,*,#4610,.F.);
#6488=ORIENTED_EDGE('',*,*,#4611,.F.);
#6489=ORIENTED_EDGE('',*,*,#4602,.F.);
#6490=ORIENTED_EDGE('',*,*,#4600,.F.);
#6491=ORIENTED_EDGE('',*,*,#4608,.T.);
#6492=ORIENTED_EDGE('',*,*,#4610,.T.);
#6493=ORIENTED_EDGE('',*,*,#4612,.F.);
#6494=ORIENTED_EDGE('',*,*,#4597,.T.);
#6495=ORIENTED_EDGE('',*,*,#4613,.T.);
#6496=ORIENTED_EDGE('',*,*,#4593,.F.);
#6497=ORIENTED_EDGE('',*,*,#4598,.T.);
#6498=ORIENTED_EDGE('',*,*,#4612,.T.);
#6499=ORIENTED_EDGE('',*,*,#4609,.T.);
#6500=ORIENTED_EDGE('',*,*,#4603,.F.);
#6501=ORIENTED_EDGE('',*,*,#4611,.T.);
#6502=ORIENTED_EDGE('',*,*,#4613,.F.);
#6503=ORIENTED_EDGE('',*,*,#4596,.T.);
#6504=ORIENTED_EDGE('',*,*,#4614,.F.);
#6505=ORIENTED_EDGE('',*,*,#4615,.T.);
#6506=ORIENTED_EDGE('',*,*,#4616,.F.);
#6507=ORIENTED_EDGE('',*,*,#4617,.F.);
#6508=ORIENTED_EDGE('',*,*,#4618,.F.);
#6509=ORIENTED_EDGE('',*,*,#4617,.T.);
#6510=ORIENTED_EDGE('',*,*,#4619,.F.);
#6511=ORIENTED_EDGE('',*,*,#4620,.F.);
#6512=ORIENTED_EDGE('',*,*,#4621,.F.);
#6513=ORIENTED_EDGE('',*,*,#4620,.T.);
#6514=ORIENTED_EDGE('',*,*,#4622,.F.);
#6515=ORIENTED_EDGE('',*,*,#4623,.F.);
#6516=ORIENTED_EDGE('',*,*,#4624,.F.);
#6517=ORIENTED_EDGE('',*,*,#4623,.T.);
#6518=ORIENTED_EDGE('',*,*,#4625,.F.);
#6519=ORIENTED_EDGE('',*,*,#4615,.F.);
#6520=ORIENTED_EDGE('',*,*,#4621,.T.);
#6521=ORIENTED_EDGE('',*,*,#4624,.T.);
#6522=ORIENTED_EDGE('',*,*,#4614,.T.);
#6523=ORIENTED_EDGE('',*,*,#4618,.T.);
#6524=ORIENTED_EDGE('',*,*,#4622,.T.);
#6525=ORIENTED_EDGE('',*,*,#4619,.T.);
#6526=ORIENTED_EDGE('',*,*,#4616,.T.);
#6527=ORIENTED_EDGE('',*,*,#4625,.T.);
#6528=ORIENTED_EDGE('',*,*,#4626,.F.);
#6529=ORIENTED_EDGE('',*,*,#4627,.T.);
#6530=ORIENTED_EDGE('',*,*,#4628,.F.);
#6531=ORIENTED_EDGE('',*,*,#4627,.F.);
#6532=ORIENTED_EDGE('',*,*,#4629,.F.);
#6533=ORIENTED_EDGE('',*,*,#4630,.T.);
#6534=ORIENTED_EDGE('',*,*,#4631,.F.);
#6535=ORIENTED_EDGE('',*,*,#4630,.F.);
#6536=ORIENTED_EDGE('',*,*,#4632,.F.);
#6537=ORIENTED_EDGE('',*,*,#4633,.T.);
#6538=ORIENTED_EDGE('',*,*,#4634,.F.);
#6539=ORIENTED_EDGE('',*,*,#4633,.F.);
#6540=ORIENTED_EDGE('',*,*,#4635,.F.);
#6541=ORIENTED_EDGE('',*,*,#4636,.T.);
#6542=ORIENTED_EDGE('',*,*,#4637,.F.);
#6543=ORIENTED_EDGE('',*,*,#4636,.F.);
#6544=ORIENTED_EDGE('',*,*,#4638,.T.);
#6545=ORIENTED_EDGE('',*,*,#4639,.T.);
#6546=ORIENTED_EDGE('',*,*,#4640,.F.);
#6547=ORIENTED_EDGE('',*,*,#4641,.F.);
#6548=ORIENTED_EDGE('',*,*,#4642,.T.);
#6549=ORIENTED_EDGE('',*,*,#4643,.T.);
#6550=ORIENTED_EDGE('',*,*,#4644,.F.);
#6551=ORIENTED_EDGE('',*,*,#4639,.F.);
#6552=ORIENTED_EDGE('',*,*,#4645,.T.);
#6553=ORIENTED_EDGE('',*,*,#4646,.T.);
#6554=ORIENTED_EDGE('',*,*,#4647,.F.);
#6555=ORIENTED_EDGE('',*,*,#4643,.F.);
#6556=ORIENTED_EDGE('',*,*,#4648,.T.);
#6557=ORIENTED_EDGE('',*,*,#4649,.T.);
#6558=ORIENTED_EDGE('',*,*,#4650,.F.);
#6559=ORIENTED_EDGE('',*,*,#4646,.F.);
#6560=ORIENTED_EDGE('',*,*,#4651,.T.);
#6561=ORIENTED_EDGE('',*,*,#4652,.T.);
#6562=ORIENTED_EDGE('',*,*,#4653,.F.);
#6563=ORIENTED_EDGE('',*,*,#4649,.F.);
#6564=ORIENTED_EDGE('',*,*,#4654,.T.);
#6565=ORIENTED_EDGE('',*,*,#4655,.T.);
#6566=ORIENTED_EDGE('',*,*,#4656,.F.);
#6567=ORIENTED_EDGE('',*,*,#4652,.F.);
#6568=ORIENTED_EDGE('',*,*,#4657,.T.);
#6569=ORIENTED_EDGE('',*,*,#4658,.T.);
#6570=ORIENTED_EDGE('',*,*,#4659,.F.);
#6571=ORIENTED_EDGE('',*,*,#4655,.F.);
#6572=ORIENTED_EDGE('',*,*,#4660,.T.);
#6573=ORIENTED_EDGE('',*,*,#4661,.T.);
#6574=ORIENTED_EDGE('',*,*,#4662,.F.);
#6575=ORIENTED_EDGE('',*,*,#4658,.F.);
#6576=ORIENTED_EDGE('',*,*,#4663,.T.);
#6577=ORIENTED_EDGE('',*,*,#4641,.T.);
#6578=ORIENTED_EDGE('',*,*,#4664,.F.);
#6579=ORIENTED_EDGE('',*,*,#4661,.F.);
#6580=ORIENTED_EDGE('',*,*,#4665,.F.);
#6581=ORIENTED_EDGE('',*,*,#4666,.T.);
#6582=ORIENTED_EDGE('',*,*,#4667,.F.);
#6583=ORIENTED_EDGE('',*,*,#4666,.F.);
#6584=ORIENTED_EDGE('',*,*,#4668,.F.);
#6585=ORIENTED_EDGE('',*,*,#4669,.T.);
#6586=ORIENTED_EDGE('',*,*,#4670,.F.);
#6587=ORIENTED_EDGE('',*,*,#4669,.F.);
#6588=ORIENTED_EDGE('',*,*,#4671,.F.);
#6589=ORIENTED_EDGE('',*,*,#4672,.T.);
#6590=ORIENTED_EDGE('',*,*,#4673,.F.);
#6591=ORIENTED_EDGE('',*,*,#4672,.F.);
#6592=ORIENTED_EDGE('',*,*,#4674,.F.);
#6593=ORIENTED_EDGE('',*,*,#4675,.T.);
#6594=ORIENTED_EDGE('',*,*,#4676,.F.);
#6595=ORIENTED_EDGE('',*,*,#4675,.F.);
#6596=ORIENTED_EDGE('',*,*,#4638,.F.);
#6597=ORIENTED_EDGE('',*,*,#4663,.F.);
#6598=ORIENTED_EDGE('',*,*,#4660,.F.);
#6599=ORIENTED_EDGE('',*,*,#4657,.F.);
#6600=ORIENTED_EDGE('',*,*,#4654,.F.);
#6601=ORIENTED_EDGE('',*,*,#4651,.F.);
#6602=ORIENTED_EDGE('',*,*,#4648,.F.);
#6603=ORIENTED_EDGE('',*,*,#4645,.F.);
#6604=ORIENTED_EDGE('',*,*,#4642,.F.);
#6605=ORIENTED_EDGE('',*,*,#4677,.T.);
#6606=ORIENTED_EDGE('',*,*,#4678,.T.);
#6607=ORIENTED_EDGE('',*,*,#4679,.T.);
#6608=ORIENTED_EDGE('',*,*,#4680,.T.);
#6609=ORIENTED_EDGE('',*,*,#4676,.T.);
#6610=ORIENTED_EDGE('',*,*,#4673,.T.);
#6611=ORIENTED_EDGE('',*,*,#4670,.T.);
#6612=ORIENTED_EDGE('',*,*,#4667,.T.);
#6613=ORIENTED_EDGE('',*,*,#4635,.T.);
#6614=ORIENTED_EDGE('',*,*,#4632,.T.);
#6615=ORIENTED_EDGE('',*,*,#4629,.T.);
#6616=ORIENTED_EDGE('',*,*,#4626,.T.);
#6617=ORIENTED_EDGE('',*,*,#4640,.T.);
#6618=ORIENTED_EDGE('',*,*,#4644,.T.);
#6619=ORIENTED_EDGE('',*,*,#4647,.T.);
#6620=ORIENTED_EDGE('',*,*,#4650,.T.);
#6621=ORIENTED_EDGE('',*,*,#4653,.T.);
#6622=ORIENTED_EDGE('',*,*,#4656,.T.);
#6623=ORIENTED_EDGE('',*,*,#4659,.T.);
#6624=ORIENTED_EDGE('',*,*,#4662,.T.);
#6625=ORIENTED_EDGE('',*,*,#4664,.T.);
#6626=ORIENTED_EDGE('',*,*,#4681,.T.);
#6627=ORIENTED_EDGE('',*,*,#4682,.T.);
#6628=ORIENTED_EDGE('',*,*,#4683,.T.);
#6629=ORIENTED_EDGE('',*,*,#4684,.T.);
#6630=ORIENTED_EDGE('',*,*,#4674,.T.);
#6631=ORIENTED_EDGE('',*,*,#4671,.T.);
#6632=ORIENTED_EDGE('',*,*,#4668,.T.);
#6633=ORIENTED_EDGE('',*,*,#4665,.T.);
#6634=ORIENTED_EDGE('',*,*,#4637,.T.);
#6635=ORIENTED_EDGE('',*,*,#4634,.T.);
#6636=ORIENTED_EDGE('',*,*,#4631,.T.);
#6637=ORIENTED_EDGE('',*,*,#4628,.T.);
#6638=ORIENTED_EDGE('',*,*,#4682,.F.);
#6639=ORIENTED_EDGE('',*,*,#4685,.T.);
#6640=ORIENTED_EDGE('',*,*,#4680,.F.);
#6641=ORIENTED_EDGE('',*,*,#4686,.F.);
#6642=ORIENTED_EDGE('',*,*,#4681,.F.);
#6643=ORIENTED_EDGE('',*,*,#4687,.T.);
#6644=ORIENTED_EDGE('',*,*,#4677,.F.);
#6645=ORIENTED_EDGE('',*,*,#4685,.F.);
#6646=ORIENTED_EDGE('',*,*,#4684,.F.);
#6647=ORIENTED_EDGE('',*,*,#4688,.T.);
#6648=ORIENTED_EDGE('',*,*,#4678,.F.);
#6649=ORIENTED_EDGE('',*,*,#4687,.F.);
#6650=ORIENTED_EDGE('',*,*,#4683,.F.);
#6651=ORIENTED_EDGE('',*,*,#4686,.T.);
#6652=ORIENTED_EDGE('',*,*,#4679,.F.);
#6653=ORIENTED_EDGE('',*,*,#4688,.F.);
#6654=ORIENTED_EDGE('',*,*,#4689,.F.);
#6655=ORIENTED_EDGE('',*,*,#4690,.F.);
#6656=ORIENTED_EDGE('',*,*,#4691,.F.);
#6657=ORIENTED_EDGE('',*,*,#4692,.T.);
#6658=ORIENTED_EDGE('',*,*,#4693,.F.);
#6659=ORIENTED_EDGE('',*,*,#4694,.T.);
#6660=ORIENTED_EDGE('',*,*,#4695,.F.);
#6661=ORIENTED_EDGE('',*,*,#4696,.F.);
#6662=ORIENTED_EDGE('',*,*,#4697,.F.);
#6663=ORIENTED_EDGE('',*,*,#4698,.F.);
#6664=ORIENTED_EDGE('',*,*,#4699,.F.);
#6665=ORIENTED_EDGE('',*,*,#4690,.T.);
#6666=ORIENTED_EDGE('',*,*,#4700,.F.);
#6667=ORIENTED_EDGE('',*,*,#4696,.T.);
#6668=ORIENTED_EDGE('',*,*,#4701,.F.);
#6669=ORIENTED_EDGE('',*,*,#4702,.F.);
#6670=ORIENTED_EDGE('',*,*,#4703,.F.);
#6671=ORIENTED_EDGE('',*,*,#4692,.F.);
#6672=ORIENTED_EDGE('',*,*,#4704,.F.);
#6673=ORIENTED_EDGE('',*,*,#4705,.T.);
#6674=ORIENTED_EDGE('',*,*,#4706,.F.);
#6675=ORIENTED_EDGE('',*,*,#4705,.F.);
#6676=ORIENTED_EDGE('',*,*,#4707,.F.);
#6677=ORIENTED_EDGE('',*,*,#4698,.T.);
#6678=ORIENTED_EDGE('',*,*,#4708,.F.);
#6679=ORIENTED_EDGE('',*,*,#4702,.T.);
#6680=ORIENTED_EDGE('',*,*,#4709,.F.);
#6681=ORIENTED_EDGE('',*,*,#4710,.F.);
#6682=ORIENTED_EDGE('',*,*,#4711,.F.);
#6683=ORIENTED_EDGE('',*,*,#4710,.T.);
#6684=ORIENTED_EDGE('',*,*,#4712,.F.);
#6685=ORIENTED_EDGE('',*,*,#4694,.F.);
#6686=ORIENTED_EDGE('',*,*,#4713,.F.);
#6687=ORIENTED_EDGE('',*,*,#4714,.F.);
#6688=ORIENTED_EDGE('',*,*,#4715,.F.);
#6689=ORIENTED_EDGE('',*,*,#4716,.T.);
#6690=ORIENTED_EDGE('',*,*,#4717,.F.);
#6691=ORIENTED_EDGE('',*,*,#4718,.T.);
#6692=ORIENTED_EDGE('',*,*,#4719,.F.);
#6693=ORIENTED_EDGE('',*,*,#4720,.F.);
#6694=ORIENTED_EDGE('',*,*,#4721,.F.);
#6695=ORIENTED_EDGE('',*,*,#4722,.F.);
#6696=ORIENTED_EDGE('',*,*,#4723,.F.);
#6697=ORIENTED_EDGE('',*,*,#4714,.T.);
#6698=ORIENTED_EDGE('',*,*,#4724,.F.);
#6699=ORIENTED_EDGE('',*,*,#4720,.T.);
#6700=ORIENTED_EDGE('',*,*,#4725,.F.);
#6701=ORIENTED_EDGE('',*,*,#4726,.F.);
#6702=ORIENTED_EDGE('',*,*,#4727,.F.);
#6703=ORIENTED_EDGE('',*,*,#4716,.F.);
#6704=ORIENTED_EDGE('',*,*,#4728,.F.);
#6705=ORIENTED_EDGE('',*,*,#4729,.T.);
#6706=ORIENTED_EDGE('',*,*,#4730,.F.);
#6707=ORIENTED_EDGE('',*,*,#4729,.F.);
#6708=ORIENTED_EDGE('',*,*,#4731,.F.);
#6709=ORIENTED_EDGE('',*,*,#4722,.T.);
#6710=ORIENTED_EDGE('',*,*,#4732,.F.);
#6711=ORIENTED_EDGE('',*,*,#4726,.T.);
#6712=ORIENTED_EDGE('',*,*,#4733,.F.);
#6713=ORIENTED_EDGE('',*,*,#4734,.F.);
#6714=ORIENTED_EDGE('',*,*,#4735,.F.);
#6715=ORIENTED_EDGE('',*,*,#4734,.T.);
#6716=ORIENTED_EDGE('',*,*,#4736,.F.);
#6717=ORIENTED_EDGE('',*,*,#4718,.F.);
#6718=ORIENTED_EDGE('',*,*,#4737,.T.);
#6719=ORIENTED_EDGE('',*,*,#4738,.T.);
#6720=ORIENTED_EDGE('',*,*,#4739,.T.);
#6721=ORIENTED_EDGE('',*,*,#4740,.T.);
#6722=ORIENTED_EDGE('',*,*,#4741,.T.);
#6723=ORIENTED_EDGE('',*,*,#4742,.T.);
#6724=ORIENTED_EDGE('',*,*,#4743,.T.);
#6725=ORIENTED_EDGE('',*,*,#4744,.T.);
#6726=ORIENTED_EDGE('',*,*,#4745,.T.);
#6727=ORIENTED_EDGE('',*,*,#4746,.T.);
#6728=ORIENTED_EDGE('',*,*,#4747,.T.);
#6729=ORIENTED_EDGE('',*,*,#4748,.F.);
#6730=ORIENTED_EDGE('',*,*,#4749,.F.);
#6731=ORIENTED_EDGE('',*,*,#4750,.T.);
#6732=ORIENTED_EDGE('',*,*,#4751,.T.);
#6733=ORIENTED_EDGE('',*,*,#4752,.F.);
#6734=ORIENTED_EDGE('',*,*,#4747,.F.);
#6735=ORIENTED_EDGE('',*,*,#4753,.F.);
#6736=ORIENTED_EDGE('',*,*,#4754,.T.);
#6737=ORIENTED_EDGE('',*,*,#4755,.F.);
#6738=ORIENTED_EDGE('',*,*,#4751,.F.);
#6739=ORIENTED_EDGE('',*,*,#4756,.T.);
#6740=ORIENTED_EDGE('',*,*,#4757,.T.);
#6741=ORIENTED_EDGE('',*,*,#4758,.F.);
#6742=ORIENTED_EDGE('',*,*,#4754,.F.);
#6743=ORIENTED_EDGE('',*,*,#4759,.T.);
#6744=ORIENTED_EDGE('',*,*,#4760,.T.);
#6745=ORIENTED_EDGE('',*,*,#4738,.F.);
#6746=ORIENTED_EDGE('',*,*,#4761,.F.);
#6747=ORIENTED_EDGE('',*,*,#4762,.T.);
#6748=ORIENTED_EDGE('',*,*,#4761,.T.);
#6749=ORIENTED_EDGE('',*,*,#4737,.F.);
#6750=ORIENTED_EDGE('',*,*,#4763,.T.);
#6751=ORIENTED_EDGE('',*,*,#4764,.F.);
#6752=ORIENTED_EDGE('',*,*,#4765,.F.);
#6753=ORIENTED_EDGE('',*,*,#4760,.F.);
#6754=ORIENTED_EDGE('',*,*,#4745,.F.);
#6755=ORIENTED_EDGE('',*,*,#4766,.T.);
#6756=ORIENTED_EDGE('',*,*,#4767,.F.);
#6757=ORIENTED_EDGE('',*,*,#4763,.F.);
#6758=ORIENTED_EDGE('',*,*,#4744,.F.);
#6759=ORIENTED_EDGE('',*,*,#4768,.T.);
#6760=ORIENTED_EDGE('',*,*,#4769,.F.);
#6761=ORIENTED_EDGE('',*,*,#4766,.F.);
#6762=ORIENTED_EDGE('',*,*,#4739,.F.);
#6763=ORIENTED_EDGE('',*,*,#4765,.T.);
#6764=ORIENTED_EDGE('',*,*,#4770,.F.);
#6765=ORIENTED_EDGE('',*,*,#4771,.F.);
#6766=ORIENTED_EDGE('',*,*,#4708,.T.);
#6767=ORIENTED_EDGE('',*,*,#4711,.T.);
#6768=ORIENTED_EDGE('',*,*,#4693,.T.);
#6769=ORIENTED_EDGE('',*,*,#4700,.T.);
#6770=ORIENTED_EDGE('',*,*,#4732,.T.);
#6771=ORIENTED_EDGE('',*,*,#4735,.T.);
#6772=ORIENTED_EDGE('',*,*,#4717,.T.);
#6773=ORIENTED_EDGE('',*,*,#4724,.T.);
#6774=ORIENTED_EDGE('',*,*,#4741,.F.);
#6775=ORIENTED_EDGE('',*,*,#4772,.T.);
#6776=ORIENTED_EDGE('',*,*,#4773,.F.);
#6777=ORIENTED_EDGE('',*,*,#4774,.F.);
#6778=ORIENTED_EDGE('',*,*,#4706,.T.);
#6779=ORIENTED_EDGE('',*,*,#4697,.T.);
#6780=ORIENTED_EDGE('',*,*,#4689,.T.);
#6781=ORIENTED_EDGE('',*,*,#4703,.T.);
#6782=ORIENTED_EDGE('',*,*,#4730,.T.);
#6783=ORIENTED_EDGE('',*,*,#4721,.T.);
#6784=ORIENTED_EDGE('',*,*,#4713,.T.);
#6785=ORIENTED_EDGE('',*,*,#4727,.T.);
#6786=ORIENTED_EDGE('',*,*,#4742,.F.);
#6787=ORIENTED_EDGE('',*,*,#4774,.T.);
#6788=ORIENTED_EDGE('',*,*,#4775,.F.);
#6789=ORIENTED_EDGE('',*,*,#4776,.F.);
#6790=ORIENTED_EDGE('',*,*,#4743,.F.);
#6791=ORIENTED_EDGE('',*,*,#4776,.T.);
#6792=ORIENTED_EDGE('',*,*,#4777,.F.);
#6793=ORIENTED_EDGE('',*,*,#4768,.F.);
#6794=ORIENTED_EDGE('',*,*,#4778,.F.);
#6795=ORIENTED_EDGE('',*,*,#4779,.T.);
#6796=ORIENTED_EDGE('',*,*,#4756,.F.);
#6797=ORIENTED_EDGE('',*,*,#4753,.T.);
#6798=ORIENTED_EDGE('',*,*,#4750,.F.);
#6799=ORIENTED_EDGE('',*,*,#4746,.F.);
#6800=ORIENTED_EDGE('',*,*,#4780,.T.);
#6801=ORIENTED_EDGE('',*,*,#4781,.F.);
#6802=ORIENTED_EDGE('',*,*,#4782,.T.);
#6803=ORIENTED_EDGE('',*,*,#4762,.F.);
#6804=ORIENTED_EDGE('',*,*,#4759,.F.);
#6805=ORIENTED_EDGE('',*,*,#4783,.F.);
#6806=ORIENTED_EDGE('',*,*,#4780,.F.);
#6807=ORIENTED_EDGE('',*,*,#4749,.T.);
#6808=ORIENTED_EDGE('',*,*,#4784,.F.);
#6809=ORIENTED_EDGE('',*,*,#4707,.T.);
#6810=ORIENTED_EDGE('',*,*,#4704,.T.);
#6811=ORIENTED_EDGE('',*,*,#4691,.T.);
#6812=ORIENTED_EDGE('',*,*,#4699,.T.);
#6813=ORIENTED_EDGE('',*,*,#4731,.T.);
#6814=ORIENTED_EDGE('',*,*,#4728,.T.);
#6815=ORIENTED_EDGE('',*,*,#4715,.T.);
#6816=ORIENTED_EDGE('',*,*,#4723,.T.);
#6817=ORIENTED_EDGE('',*,*,#4785,.T.);
#6818=ORIENTED_EDGE('',*,*,#4786,.T.);
#6819=ORIENTED_EDGE('',*,*,#4781,.T.);
#6820=ORIENTED_EDGE('',*,*,#4783,.T.);
#6821=ORIENTED_EDGE('',*,*,#4787,.F.);
#6822=ORIENTED_EDGE('',*,*,#4788,.T.);
#6823=ORIENTED_EDGE('',*,*,#4785,.F.);
#6824=ORIENTED_EDGE('',*,*,#4784,.T.);
#6825=ORIENTED_EDGE('',*,*,#4748,.T.);
#6826=ORIENTED_EDGE('',*,*,#4752,.T.);
#6827=ORIENTED_EDGE('',*,*,#4755,.T.);
#6828=ORIENTED_EDGE('',*,*,#4758,.T.);
#6829=ORIENTED_EDGE('',*,*,#4789,.T.);
#6830=ORIENTED_EDGE('',*,*,#4790,.T.);
#6831=ORIENTED_EDGE('',*,*,#4791,.T.);
#6832=ORIENTED_EDGE('',*,*,#4792,.T.);
#6833=ORIENTED_EDGE('',*,*,#4773,.T.);
#6834=ORIENTED_EDGE('',*,*,#4793,.T.);
#6835=ORIENTED_EDGE('',*,*,#4770,.T.);
#6836=ORIENTED_EDGE('',*,*,#4764,.T.);
#6837=ORIENTED_EDGE('',*,*,#4767,.T.);
#6838=ORIENTED_EDGE('',*,*,#4769,.T.);
#6839=ORIENTED_EDGE('',*,*,#4777,.T.);
#6840=ORIENTED_EDGE('',*,*,#4775,.T.);
#6841=ORIENTED_EDGE('',*,*,#4794,.F.);
#6842=ORIENTED_EDGE('',*,*,#4789,.F.);
#6843=ORIENTED_EDGE('',*,*,#4757,.F.);
#6844=ORIENTED_EDGE('',*,*,#4779,.F.);
#6845=ORIENTED_EDGE('',*,*,#4709,.T.);
#6846=ORIENTED_EDGE('',*,*,#4701,.T.);
#6847=ORIENTED_EDGE('',*,*,#4695,.T.);
#6848=ORIENTED_EDGE('',*,*,#4712,.T.);
#6849=ORIENTED_EDGE('',*,*,#4733,.T.);
#6850=ORIENTED_EDGE('',*,*,#4725,.T.);
#6851=ORIENTED_EDGE('',*,*,#4719,.T.);
#6852=ORIENTED_EDGE('',*,*,#4736,.T.);
#6853=ORIENTED_EDGE('',*,*,#4787,.T.);
#6854=ORIENTED_EDGE('',*,*,#4794,.T.);
#6855=ORIENTED_EDGE('',*,*,#4778,.T.);
#6856=ORIENTED_EDGE('',*,*,#4795,.T.);
#6857=ORIENTED_EDGE('',*,*,#4796,.F.);
#6858=ORIENTED_EDGE('',*,*,#4792,.F.);
#6859=ORIENTED_EDGE('',*,*,#4797,.T.);
#6860=ORIENTED_EDGE('',*,*,#4796,.T.);
#6861=ORIENTED_EDGE('',*,*,#4797,.F.);
#6862=ORIENTED_EDGE('',*,*,#4798,.F.);
#6863=ORIENTED_EDGE('',*,*,#4791,.F.);
#6864=ORIENTED_EDGE('',*,*,#4799,.T.);
#6865=ORIENTED_EDGE('',*,*,#4798,.T.);
#6866=ORIENTED_EDGE('',*,*,#4799,.F.);
#6867=ORIENTED_EDGE('',*,*,#4800,.F.);
#6868=ORIENTED_EDGE('',*,*,#4790,.F.);
#6869=ORIENTED_EDGE('',*,*,#4801,.T.);
#6870=ORIENTED_EDGE('',*,*,#4800,.T.);
#6871=ORIENTED_EDGE('',*,*,#4801,.F.);
#6872=ORIENTED_EDGE('',*,*,#4795,.F.);
#6873=ORIENTED_EDGE('',*,*,#4782,.F.);
#6874=ORIENTED_EDGE('',*,*,#4786,.F.);
#6875=ORIENTED_EDGE('',*,*,#4788,.F.);
#6876=ORIENTED_EDGE('',*,*,#4802,.T.);
#6877=ORIENTED_EDGE('',*,*,#4803,.T.);
#6878=ORIENTED_EDGE('',*,*,#4804,.T.);
#6879=ORIENTED_EDGE('',*,*,#4805,.T.);
#6880=ORIENTED_EDGE('',*,*,#4806,.T.);
#6881=ORIENTED_EDGE('',*,*,#4807,.T.);
#6882=ORIENTED_EDGE('',*,*,#4808,.T.);
#6883=ORIENTED_EDGE('',*,*,#4809,.T.);
#6884=ORIENTED_EDGE('',*,*,#4740,.F.);
#6885=ORIENTED_EDGE('',*,*,#4771,.T.);
#6886=ORIENTED_EDGE('',*,*,#4793,.F.);
#6887=ORIENTED_EDGE('',*,*,#4772,.F.);
#6888=ORIENTED_EDGE('',*,*,#4810,.T.);
#6889=ORIENTED_EDGE('',*,*,#4811,.T.);
#6890=ORIENTED_EDGE('',*,*,#4812,.T.);
#6891=ORIENTED_EDGE('',*,*,#4813,.T.);
#6892=ORIENTED_EDGE('',*,*,#4814,.T.);
#6893=ORIENTED_EDGE('',*,*,#4815,.T.);
#6894=ORIENTED_EDGE('',*,*,#4816,.T.);
#6895=ORIENTED_EDGE('',*,*,#4817,.T.);
#6896=ORIENTED_EDGE('',*,*,#4813,.F.);
#6897=ORIENTED_EDGE('',*,*,#4818,.F.);
#6898=ORIENTED_EDGE('',*,*,#4807,.F.);
#6899=ORIENTED_EDGE('',*,*,#4819,.T.);
#6900=ORIENTED_EDGE('',*,*,#4812,.F.);
#6901=ORIENTED_EDGE('',*,*,#4820,.F.);
#6902=ORIENTED_EDGE('',*,*,#4808,.F.);
#6903=ORIENTED_EDGE('',*,*,#4818,.T.);
#6904=ORIENTED_EDGE('',*,*,#4811,.F.);
#6905=ORIENTED_EDGE('',*,*,#4821,.F.);
#6906=ORIENTED_EDGE('',*,*,#4809,.F.);
#6907=ORIENTED_EDGE('',*,*,#4820,.T.);
#6908=ORIENTED_EDGE('',*,*,#4810,.F.);
#6909=ORIENTED_EDGE('',*,*,#4822,.F.);
#6910=ORIENTED_EDGE('',*,*,#4802,.F.);
#6911=ORIENTED_EDGE('',*,*,#4821,.T.);
#6912=ORIENTED_EDGE('',*,*,#4817,.F.);
#6913=ORIENTED_EDGE('',*,*,#4823,.F.);
#6914=ORIENTED_EDGE('',*,*,#4803,.F.);
#6915=ORIENTED_EDGE('',*,*,#4822,.T.);
#6916=ORIENTED_EDGE('',*,*,#4816,.F.);
#6917=ORIENTED_EDGE('',*,*,#4824,.F.);
#6918=ORIENTED_EDGE('',*,*,#4804,.F.);
#6919=ORIENTED_EDGE('',*,*,#4823,.T.);
#6920=ORIENTED_EDGE('',*,*,#4815,.F.);
#6921=ORIENTED_EDGE('',*,*,#4825,.F.);
#6922=ORIENTED_EDGE('',*,*,#4805,.F.);
#6923=ORIENTED_EDGE('',*,*,#4824,.T.);
#6924=ORIENTED_EDGE('',*,*,#4814,.F.);
#6925=ORIENTED_EDGE('',*,*,#4819,.F.);
#6926=ORIENTED_EDGE('',*,*,#4806,.F.);
#6927=ORIENTED_EDGE('',*,*,#4825,.T.);
#6928=PLANE('',#7739);
#6929=PLANE('',#7740);
#6930=PLANE('',#7741);
#6931=PLANE('',#7742);
#6932=PLANE('',#7743);
#6933=PLANE('',#7744);
#6934=PLANE('',#7745);
#6935=PLANE('',#7746);
#6936=PLANE('',#7747);
#6937=PLANE('',#7748);
#6938=PLANE('',#7749);
#6939=PLANE('',#7750);
#6940=PLANE('',#7751);
#6941=PLANE('',#7752);
#6942=PLANE('',#7753);
#6943=PLANE('',#7754);
#6944=PLANE('',#7755);
#6945=PLANE('',#7756);
#6946=PLANE('',#7757);
#6947=PLANE('',#7758);
#6948=PLANE('',#7765);
#6949=PLANE('',#7766);
#6950=PLANE('',#7767);
#6951=PLANE('',#7774);
#6952=PLANE('',#7775);
#6953=PLANE('',#7776);
#6954=PLANE('',#7778);
#6955=PLANE('',#7779);
#6956=PLANE('',#7780);
#6957=PLANE('',#7781);
#6958=PLANE('',#7782);
#6959=PLANE('',#7783);
#6960=PLANE('',#7784);
#6961=PLANE('',#7813);
#6962=PLANE('',#7842);
#6963=PLANE('',#7843);
#6964=PLANE('',#7844);
#6965=PLANE('',#7845);
#6966=PLANE('',#7846);
#6967=PLANE('',#7847);
#6968=PLANE('',#7848);
#6969=PLANE('',#7849);
#6970=PLANE('',#7850);
#6971=PLANE('',#7851);
#6972=PLANE('',#7852);
#6973=PLANE('',#7853);
#6974=PLANE('',#7854);
#6975=PLANE('',#7855);
#6976=PLANE('',#7856);
#6977=PLANE('',#7857);
#6978=PLANE('',#7858);
#6979=PLANE('',#7859);
#6980=PLANE('',#7860);
#6981=PLANE('',#7861);
#6982=PLANE('',#7862);
#6983=PLANE('',#7863);
#6984=PLANE('',#7864);
#6985=PLANE('',#7865);
#6986=PLANE('',#7866);
#6987=PLANE('',#7867);
#6988=PLANE('',#7868);
#6989=PLANE('',#7869);
#6990=PLANE('',#7870);
#6991=PLANE('',#7871);
#6992=PLANE('',#7872);
#6993=PLANE('',#7873);
#6994=PLANE('',#7874);
#6995=PLANE('',#7875);
#6996=PLANE('',#7876);
#6997=PLANE('',#7877);
#6998=PLANE('',#7878);
#6999=PLANE('',#7879);
#7000=PLANE('',#7880);
#7001=PLANE('',#7881);
#7002=PLANE('',#7882);
#7003=PLANE('',#7883);
#7004=PLANE('',#7913);
#7005=PLANE('',#7914);
#7006=PLANE('',#7915);
#7007=PLANE('',#7916);
#7008=PLANE('',#7917);
#7009=PLANE('',#7918);
#7010=PLANE('',#7919);
#7011=PLANE('',#7920);
#7012=PLANE('',#7921);
#7013=PLANE('',#7922);
#7014=PLANE('',#7923);
#7015=PLANE('',#7925);
#7016=PLANE('',#7931);
#7017=PLANE('',#7942);
#7018=PLANE('',#7952);
#7019=PLANE('',#7953);
#7020=PLANE('',#7954);
#7021=PLANE('',#7955);
#7022=PLANE('',#7956);
#7023=PLANE('',#7958);
#7024=PLANE('',#7959);
#7025=PLANE('',#7963);
#7026=PLANE('',#7964);
#7027=PLANE('',#7965);
#7028=PLANE('',#7969);
#7029=PLANE('',#7970);
#7030=PLANE('',#7971);
#7031=PLANE('',#7972);
#7032=PLANE('',#7973);
#7033=PLANE('',#7974);
#7034=PLANE('',#7975);
#7035=PLANE('',#7986);
#7036=PLANE('',#7987);
#7037=PLANE('',#7991);
#7038=PLANE('',#7995);
#7039=PLANE('',#7999);
#7040=PLANE('',#8003);
#7041=PLANE('',#8007);
#7042=PLANE('',#8008);
#7043=PLANE('',#8009);
#7044=PLANE('',#8010);
#7045=PLANE('',#8011);
#7046=PLANE('',#8015);
#7047=PLANE('',#8016);
#7048=PLANE('',#8028);
#7049=PLANE('',#8044);
#7050=PLANE('',#8045);
#7051=PLANE('',#8046);
#7052=PLANE('',#8047);
#7053=PLANE('',#8048);
#7054=PLANE('',#8049);
#7055=PLANE('',#8050);
#7056=PLANE('',#8051);
#7057=PLANE('',#8054);
#7058=PLANE('',#8057);
#7059=PLANE('',#8060);
#7060=PLANE('',#8063);
#7061=PLANE('',#8064);
#7062=PLANE('',#8065);
#7063=PLANE('',#8066);
#7064=PLANE('',#8067);
#7065=PLANE('',#8068);
#7066=PLANE('',#8069);
#7067=PLANE('',#8070);
#7068=PLANE('',#8071);
#7069=PLANE('',#8072);
#7070=PLANE('',#8073);
#7071=PLANE('',#8074);
#7072=PLANE('',#8075);
#7073=PLANE('',#8076);
#7074=PLANE('',#8077);
#7075=PLANE('',#8078);
#7076=PLANE('',#8079);
#7077=PLANE('',#8080);
#7078=PLANE('',#8082);
#7079=PLANE('',#8084);
#7080=PLANE('',#8086);
#7081=PLANE('',#8088);
#7082=PLANE('',#8090);
#7083=PLANE('',#8092);
#7084=PLANE('',#8093);
#7085=PLANE('',#8094);
#7086=PLANE('',#8095);
#7087=PLANE('',#8096);
#7088=PLANE('',#8097);
#7089=PLANE('',#8098);
#7090=PLANE('',#8099);
#7091=PLANE('',#8100);
#7092=PLANE('',#8101);
#7093=PLANE('',#8102);
#7094=PLANE('',#8103);
#7095=PLANE('',#8104);
#7096=PLANE('',#8105);
#7097=PLANE('',#8106);
#7098=PLANE('',#8107);
#7099=PLANE('',#8108);
#7100=PLANE('',#8109);
#7101=PLANE('',#8110);
#7102=PLANE('',#8111);
#7103=PLANE('',#8112);
#7104=PLANE('',#8113);
#7105=PLANE('',#8114);
#7106=PLANE('',#8115);
#7107=PLANE('',#8116);
#7108=PLANE('',#8117);
#7109=PLANE('',#8118);
#7110=PLANE('',#8119);
#7111=PLANE('',#8120);
#7112=PLANE('',#8121);
#7113=PLANE('',#8122);
#7114=PLANE('',#8123);
#7115=PLANE('',#8124);
#7116=PLANE('',#8125);
#7117=PLANE('',#8126);
#7118=PLANE('',#8127);
#7119=PLANE('',#8128);
#7120=PLANE('',#8129);
#7121=PLANE('',#8130);
#7122=PLANE('',#8131);
#7123=PLANE('',#8132);
#7124=PLANE('',#8133);
#7125=PLANE('',#8134);
#7126=PLANE('',#8135);
#7127=PLANE('',#8136);
#7128=PLANE('',#8137);
#7129=PLANE('',#8138);
#7130=PLANE('',#8139);
#7131=PLANE('',#8140);
#7132=PLANE('',#8141);
#7133=PLANE('',#8142);
#7134=PLANE('',#8143);
#7135=PLANE('',#8144);
#7136=PLANE('',#8145);
#7137=PLANE('',#8146);
#7138=PLANE('',#8147);
#7139=PLANE('',#8148);
#7140=PLANE('',#8149);
#7141=PLANE('',#8150);
#7142=PLANE('',#8151);
#7143=PLANE('',#8152);
#7144=PLANE('',#8153);
#7145=PLANE('',#8154);
#7146=PLANE('',#8155);
#7147=PLANE('',#8156);
#7148=PLANE('',#8157);
#7149=PLANE('',#8158);
#7150=PLANE('',#8159);
#7151=PLANE('',#8160);
#7152=PLANE('',#8161);
#7153=PLANE('',#8162);
#7154=PLANE('',#8163);
#7155=PLANE('',#8164);
#7156=PLANE('',#8165);
#7157=PLANE('',#8166);
#7158=PLANE('',#8167);
#7159=PLANE('',#8168);
#7160=PLANE('',#8169);
#7161=PLANE('',#8170);
#7162=PLANE('',#8171);
#7163=PLANE('',#8172);
#7164=PLANE('',#8173);
#7165=PLANE('',#8174);
#7166=PLANE('',#8175);
#7167=PLANE('',#8176);
#7168=PLANE('',#8177);
#7169=PLANE('',#8178);
#7170=PLANE('',#8179);
#7171=PLANE('',#8181);
#7172=PLANE('',#8182);
#7173=PLANE('',#8183);
#7174=PLANE('',#8185);
#7175=PLANE('',#8190);
#7176=PLANE('',#8191);
#7177=PLANE('',#8192);
#7178=PLANE('',#8193);
#7179=PLANE('',#8194);
#7180=PLANE('',#8195);
#7181=PLANE('',#8196);
#7182=PLANE('',#8197);
#7183=PLANE('',#8198);
#7184=PLANE('',#8199);
#7185=PLANE('',#8204);
#7186=PLANE('',#8210);
#7187=PLANE('',#8211);
#7188=PLANE('',#8212);
#7189=PLANE('',#8213);
#7190=PLANE('',#8214);
#7191=PLANE('',#8215);
#7192=PLANE('',#8216);
#7193=PLANE('',#8217);
#7194=PLANE('',#8218);
#7195=PLANE('',#8231);
#7196=PLANE('',#8235);
#7197=PLANE('',#8239);
#7198=PLANE('',#8246);
#7199=PLANE('',#8262);
#7200=PLANE('',#8263);
#7201=PLANE('',#8264);
#7202=PLANE('',#8265);
#7203=PLANE('',#8266);
#7204=PLANE('',#8267);
#7205=PLANE('',#8268);
#7206=PLANE('',#8269);
#7207=PLANE('',#8270);
#7208=PLANE('',#8271);
#7209=PLANE('',#8272);
#7210=PLANE('',#8273);
#7211=PLANE('',#8274);
#7212=PLANE('',#8275);
#7213=PLANE('',#8276);
#7214=PLANE('',#8277);
#7215=PLANE('',#8278);
#7216=PLANE('',#8279);
#7217=PLANE('',#8280);
#7218=PLANE('',#8281);
#7219=PLANE('',#8282);
#7220=PLANE('',#8283);
#7221=PLANE('',#8284);
#7222=PLANE('',#8294);
#7223=PLANE('',#8298);
#7224=PLANE('',#8302);
#7225=PLANE('',#8305);
#7226=PLANE('',#8306);
#7227=PLANE('',#8309);
#7228=PLANE('',#8310);
#7229=PLANE('',#8313);
#7230=PLANE('',#8316);
#7231=PLANE('',#8321);
#7232=PLANE('',#8323);
#7233=PLANE('',#8326);
#7234=PLANE('',#8329);
#7235=PLANE('',#8332);
#7236=PLANE('',#8335);
#7237=PLANE('',#8338);
#7238=PLANE('',#8339);
#7239=PLANE('',#8341);
#7240=PLANE('',#8343);
#7241=PLANE('',#8344);
#7242=PLANE('',#8345);
#7243=ADVANCED_FACE('',(#473),#6928,.F.);
#7244=ADVANCED_FACE('',(#474),#6929,.F.);
#7245=ADVANCED_FACE('',(#475),#6930,.F.);
#7246=ADVANCED_FACE('',(#476),#6931,.F.);
#7247=ADVANCED_FACE('',(#477),#6932,.F.);
#7248=ADVANCED_FACE('',(#478),#6933,.F.);
#7249=ADVANCED_FACE('',(#479),#6934,.F.);
#7250=ADVANCED_FACE('',(#480),#6935,.F.);
#7251=ADVANCED_FACE('',(#481),#6936,.F.);
#7252=ADVANCED_FACE('',(#482),#6937,.T.);
#7253=ADVANCED_FACE('',(#483),#6938,.T.);
#7254=ADVANCED_FACE('',(#484),#6939,.T.);
#7255=ADVANCED_FACE('',(#485),#6940,.T.);
#7256=ADVANCED_FACE('',(#486),#6941,.T.);
#7257=ADVANCED_FACE('',(#487),#6942,.T.);
#7258=ADVANCED_FACE('',(#488),#6943,.T.);
#7259=ADVANCED_FACE('',(#489),#6944,.T.);
#7260=ADVANCED_FACE('',(#490),#6945,.T.);
#7261=ADVANCED_FACE('',(#491),#6946,.F.);
#7262=ADVANCED_FACE('',(#492),#6947,.F.);
#7263=ADVANCED_FACE('',(#493),#389,.F.);
#7264=ADVANCED_FACE('',(#494),#390,.F.);
#7265=ADVANCED_FACE('',(#495),#6948,.T.);
#7266=ADVANCED_FACE('',(#496),#6949,.T.);
#7267=ADVANCED_FACE('',(#497),#6950,.T.);
#7268=ADVANCED_FACE('',(#498),#391,.F.);
#7269=ADVANCED_FACE('',(#499),#392,.F.);
#7270=ADVANCED_FACE('',(#500),#6951,.F.);
#7271=ADVANCED_FACE('',(#501,#119,#120,#121,#122,#123,#124,#125,#126,#127),
#6952,.T.);
#7272=ADVANCED_FACE('',(#502,#128,#129,#130,#131,#132,#133,#134,#135,#136),
#6953,.F.);
#7273=ADVANCED_FACE('',(#503),#6954,.T.);
#7274=ADVANCED_FACE('',(#504),#6955,.T.);
#7275=ADVANCED_FACE('',(#505),#6956,.T.);
#7276=ADVANCED_FACE('',(#506),#6957,.T.);
#7277=ADVANCED_FACE('',(#507),#6958,.T.);
#7278=ADVANCED_FACE('',(#508),#6959,.T.);
#7279=ADVANCED_FACE('',(#509,#137,#138,#139,#140,#141),#6960,.T.);
#7280=ADVANCED_FACE('',(#510,#142,#143,#144,#145,#146),#6961,.F.);
#7281=ADVANCED_FACE('',(#511),#6962,.T.);
#7282=ADVANCED_FACE('',(#512),#6963,.T.);
#7283=ADVANCED_FACE('',(#513),#6964,.T.);
#7284=ADVANCED_FACE('',(#514),#6965,.T.);
#7285=ADVANCED_FACE('',(#515),#6966,.T.);
#7286=ADVANCED_FACE('',(#516),#6967,.F.);
#7287=ADVANCED_FACE('',(#517),#6968,.F.);
#7288=ADVANCED_FACE('',(#518),#6969,.F.);
#7289=ADVANCED_FACE('',(#519),#6970,.F.);
#7290=ADVANCED_FACE('',(#520),#6971,.F.);
#7291=ADVANCED_FACE('',(#521),#6972,.F.);
#7292=ADVANCED_FACE('',(#522),#6973,.F.);
#7293=ADVANCED_FACE('',(#523),#6974,.F.);
#7294=ADVANCED_FACE('',(#524),#6975,.F.);
#7295=ADVANCED_FACE('',(#525),#6976,.F.);
#7296=ADVANCED_FACE('',(#526),#6977,.F.);
#7297=ADVANCED_FACE('',(#527),#6978,.F.);
#7298=ADVANCED_FACE('',(#528),#6979,.F.);
#7299=ADVANCED_FACE('',(#529),#6980,.F.);
#7300=ADVANCED_FACE('',(#530),#6981,.F.);
#7301=ADVANCED_FACE('',(#531),#6982,.F.);
#7302=ADVANCED_FACE('',(#532),#6983,.F.);
#7303=ADVANCED_FACE('',(#533),#6984,.F.);
#7304=ADVANCED_FACE('',(#534),#6985,.F.);
#7305=ADVANCED_FACE('',(#535),#6986,.F.);
#7306=ADVANCED_FACE('',(#536),#6987,.T.);
#7307=ADVANCED_FACE('',(#537),#6988,.T.);
#7308=ADVANCED_FACE('',(#538),#6989,.T.);
#7309=ADVANCED_FACE('',(#539),#6990,.F.);
#7310=ADVANCED_FACE('',(#540),#6991,.F.);
#7311=ADVANCED_FACE('',(#541),#6992,.T.);
#7312=ADVANCED_FACE('',(#542),#6993,.T.);
#7313=ADVANCED_FACE('',(#543),#6994,.F.);
#7314=ADVANCED_FACE('',(#544),#6995,.F.);
#7315=ADVANCED_FACE('',(#545),#6996,.F.);
#7316=ADVANCED_FACE('',(#546),#6997,.F.);
#7317=ADVANCED_FACE('',(#547),#6998,.F.);
#7318=ADVANCED_FACE('',(#548),#6999,.F.);
#7319=ADVANCED_FACE('',(#549),#7000,.F.);
#7320=ADVANCED_FACE('',(#550),#7001,.F.);
#7321=ADVANCED_FACE('',(#551),#7002,.F.);
#7322=ADVANCED_FACE('',(#552),#7003,.F.);
#7323=ADVANCED_FACE('',(#553),#393,.T.);
#7324=ADVANCED_FACE('',(#554),#394,.T.);
#7325=ADVANCED_FACE('',(#555),#395,.T.);
#7326=ADVANCED_FACE('',(#556),#396,.T.);
#7327=ADVANCED_FACE('',(#557),#397,.T.);
#7328=ADVANCED_FACE('',(#558),#398,.T.);
#7329=ADVANCED_FACE('',(#559),#399,.T.);
#7330=ADVANCED_FACE('',(#560),#400,.T.);
#7331=ADVANCED_FACE('',(#561),#401,.T.);
#7332=ADVANCED_FACE('',(#562),#402,.T.);
#7333=ADVANCED_FACE('',(#563),#403,.T.);
#7334=ADVANCED_FACE('',(#564),#404,.T.);
#7335=ADVANCED_FACE('',(#565),#405,.T.);
#7336=ADVANCED_FACE('',(#566),#406,.T.);
#7337=ADVANCED_FACE('',(#567),#407,.T.);
#7338=ADVANCED_FACE('',(#568),#408,.T.);
#7339=ADVANCED_FACE('',(#569),#409,.F.);
#7340=ADVANCED_FACE('',(#570),#410,.F.);
#7341=ADVANCED_FACE('',(#571),#411,.F.);
#7342=ADVANCED_FACE('',(#572),#412,.F.);
#7343=ADVANCED_FACE('',(#573),#413,.F.);
#7344=ADVANCED_FACE('',(#574),#414,.F.);
#7345=ADVANCED_FACE('',(#575),#415,.F.);
#7346=ADVANCED_FACE('',(#576),#416,.F.);
#7347=ADVANCED_FACE('',(#577),#417,.T.);
#7348=ADVANCED_FACE('',(#578),#418,.T.);
#7349=ADVANCED_FACE('',(#579),#419,.T.);
#7350=ADVANCED_FACE('',(#580),#420,.T.);
#7351=ADVANCED_FACE('',(#581),#7004,.F.);
#7352=ADVANCED_FACE('',(#582),#7005,.F.);
#7353=ADVANCED_FACE('',(#583),#7006,.F.);
#7354=ADVANCED_FACE('',(#584),#7007,.F.);
#7355=ADVANCED_FACE('',(#585,#147),#7008,.T.);
#7356=ADVANCED_FACE('',(#586),#7009,.F.);
#7357=ADVANCED_FACE('',(#587),#7010,.F.);
#7358=ADVANCED_FACE('',(#588),#7011,.F.);
#7359=ADVANCED_FACE('',(#589),#7012,.F.);
#7360=ADVANCED_FACE('',(#590),#7013,.F.);
#7361=ADVANCED_FACE('',(#591),#7014,.T.);
#7362=ADVANCED_FACE('',(#592),#7015,.T.);
#7363=ADVANCED_FACE('',(#593),#70,.T.);
#7364=ADVANCED_FACE('',(#594,#148),#7016,.T.);
#7365=ADVANCED_FACE('',(#595),#421,.T.);
#7366=ADVANCED_FACE('',(#596),#69,.F.);
#7367=ADVANCED_FACE('',(#597,#149),#7017,.T.);
#7368=ADVANCED_FACE('',(#598),#71,.T.);
#7369=ADVANCED_FACE('',(#599),#72,.T.);
#7370=ADVANCED_FACE('',(#600),#73,.F.);
#7371=ADVANCED_FACE('',(#601),#74,.F.);
#7372=ADVANCED_FACE('',(#602),#7018,.F.);
#7373=ADVANCED_FACE('',(#603),#7019,.F.);
#7374=ADVANCED_FACE('',(#604),#7020,.F.);
#7375=ADVANCED_FACE('',(#605),#7021,.F.);
#7376=ADVANCED_FACE('',(#606),#7022,.T.);
#7377=ADVANCED_FACE('',(#607),#7023,.F.);
#7378=ADVANCED_FACE('',(#608),#7024,.F.);
#7379=ADVANCED_FACE('',(#609),#422,.F.);
#7380=ADVANCED_FACE('',(#610),#7025,.F.);
#7381=ADVANCED_FACE('',(#611),#7026,.F.);
#7382=ADVANCED_FACE('',(#612),#7027,.F.);
#7383=ADVANCED_FACE('',(#613),#423,.T.);
#7384=ADVANCED_FACE('',(#614),#7028,.F.);
#7385=ADVANCED_FACE('',(#615),#7029,.F.);
#7386=ADVANCED_FACE('',(#616),#7030,.T.);
#7387=ADVANCED_FACE('',(#617),#7031,.T.);
#7388=ADVANCED_FACE('',(#618),#7032,.F.);
#7389=ADVANCED_FACE('',(#619),#7033,.F.);
#7390=ADVANCED_FACE('',(#620),#7034,.F.);
#7391=ADVANCED_FACE('',(#621),#7035,.F.);
#7392=ADVANCED_FACE('',(#622),#7036,.T.);
#7393=ADVANCED_FACE('',(#623),#424,.F.);
#7394=ADVANCED_FACE('',(#624),#7037,.T.);
#7395=ADVANCED_FACE('',(#625),#425,.F.);
#7396=ADVANCED_FACE('',(#626),#7038,.T.);
#7397=ADVANCED_FACE('',(#627),#426,.F.);
#7398=ADVANCED_FACE('',(#628),#7039,.T.);
#7399=ADVANCED_FACE('',(#629),#427,.F.);
#7400=ADVANCED_FACE('',(#630),#7040,.T.);
#7401=ADVANCED_FACE('',(#631),#428,.T.);
#7402=ADVANCED_FACE('',(#632),#7041,.T.);
#7403=ADVANCED_FACE('',(#633),#7042,.T.);
#7404=ADVANCED_FACE('',(#634),#7043,.T.);
#7405=ADVANCED_FACE('',(#635),#7044,.T.);
#7406=ADVANCED_FACE('',(#636),#7045,.T.);
#7407=ADVANCED_FACE('',(#637),#429,.T.);
#7408=ADVANCED_FACE('',(#638,#150),#7046,.T.);
#7409=ADVANCED_FACE('',(#639,#151,#152,#153),#7047,.F.);
#7410=ADVANCED_FACE('',(#640),#23,.F.);
#7411=ADVANCED_FACE('',(#641,#154,#155,#156),#7048,.T.);
#7412=ADVANCED_FACE('',(#642),#430,.F.);
#7413=ADVANCED_FACE('',(#643),#24,.F.);
#7414=ADVANCED_FACE('',(#644),#431,.F.);
#7415=ADVANCED_FACE('',(#645,#157),#7049,.F.);
#7416=ADVANCED_FACE('',(#646),#7050,.T.);
#7417=ADVANCED_FACE('',(#647),#7051,.T.);
#7418=ADVANCED_FACE('',(#648),#7052,.T.);
#7419=ADVANCED_FACE('',(#649),#7053,.T.);
#7420=ADVANCED_FACE('',(#650),#7054,.T.);
#7421=ADVANCED_FACE('',(#651),#7055,.T.);
#7422=ADVANCED_FACE('',(#652),#7056,.T.);
#7423=ADVANCED_FACE('',(#653),#432,.T.);
#7424=ADVANCED_FACE('',(#654),#7057,.T.);
#7425=ADVANCED_FACE('',(#655),#433,.T.);
#7426=ADVANCED_FACE('',(#656),#7058,.T.);
#7427=ADVANCED_FACE('',(#657),#434,.T.);
#7428=ADVANCED_FACE('',(#658),#7059,.T.);
#7429=ADVANCED_FACE('',(#659),#435,.T.);
#7430=ADVANCED_FACE('',(#660,#158,#159),#7060,.T.);
#7431=ADVANCED_FACE('',(#661),#7061,.T.);
#7432=ADVANCED_FACE('',(#662),#7062,.T.);
#7433=ADVANCED_FACE('',(#663),#7063,.T.);
#7434=ADVANCED_FACE('',(#664),#7064,.T.);
#7435=ADVANCED_FACE('',(#665),#7065,.T.);
#7436=ADVANCED_FACE('',(#666),#7066,.T.);
#7437=ADVANCED_FACE('',(#667),#7067,.T.);
#7438=ADVANCED_FACE('',(#668),#7068,.T.);
#7439=ADVANCED_FACE('',(#669),#7069,.T.);
#7440=ADVANCED_FACE('',(#670),#7070,.T.);
#7441=ADVANCED_FACE('',(#671),#7071,.T.);
#7442=ADVANCED_FACE('',(#672),#7072,.T.);
#7443=ADVANCED_FACE('',(#673),#7073,.T.);
#7444=ADVANCED_FACE('',(#674),#7074,.T.);
#7445=ADVANCED_FACE('',(#675),#7075,.T.);
#7446=ADVANCED_FACE('',(#676),#7076,.T.);
#7447=ADVANCED_FACE('',(#677),#7077,.T.);
#7448=ADVANCED_FACE('',(#678),#436,.T.);
#7449=ADVANCED_FACE('',(#679),#7078,.T.);
#7450=ADVANCED_FACE('',(#680),#437,.T.);
#7451=ADVANCED_FACE('',(#681),#7079,.T.);
#7452=ADVANCED_FACE('',(#682),#438,.T.);
#7453=ADVANCED_FACE('',(#683),#7080,.T.);
#7454=ADVANCED_FACE('',(#684),#439,.T.);
#7455=ADVANCED_FACE('',(#685),#7081,.T.);
#7456=ADVANCED_FACE('',(#686),#440,.T.);
#7457=ADVANCED_FACE('',(#687),#7082,.T.);
#7458=ADVANCED_FACE('',(#688),#441,.T.);
#7459=ADVANCED_FACE('',(#689,#160),#7083,.F.);
#7460=ADVANCED_FACE('',(#690),#7084,.T.);
#7461=ADVANCED_FACE('',(#691),#7085,.T.);
#7462=ADVANCED_FACE('',(#692),#7086,.T.);
#7463=ADVANCED_FACE('',(#693),#7087,.T.);
#7464=ADVANCED_FACE('',(#694),#7088,.T.);
#7465=ADVANCED_FACE('',(#695),#7089,.T.);
#7466=ADVANCED_FACE('',(#696),#7090,.T.);
#7467=ADVANCED_FACE('',(#697),#7091,.T.);
#7468=ADVANCED_FACE('',(#698),#7092,.T.);
#7469=ADVANCED_FACE('',(#699),#7093,.T.);
#7470=ADVANCED_FACE('',(#700),#7094,.T.);
#7471=ADVANCED_FACE('',(#701),#7095,.T.);
#7472=ADVANCED_FACE('',(#702),#7096,.T.);
#7473=ADVANCED_FACE('',(#703),#7097,.T.);
#7474=ADVANCED_FACE('',(#704),#7098,.T.);
#7475=ADVANCED_FACE('',(#705),#7099,.T.);
#7476=ADVANCED_FACE('',(#706),#7100,.F.);
#7477=ADVANCED_FACE('',(#707),#7101,.T.);
#7478=ADVANCED_FACE('',(#708),#7102,.T.);
#7479=ADVANCED_FACE('',(#709),#7103,.T.);
#7480=ADVANCED_FACE('',(#710),#7104,.T.);
#7481=ADVANCED_FACE('',(#711),#7105,.T.);
#7482=ADVANCED_FACE('',(#712),#7106,.T.);
#7483=ADVANCED_FACE('',(#713),#7107,.T.);
#7484=ADVANCED_FACE('',(#714),#7108,.T.);
#7485=ADVANCED_FACE('',(#715),#7109,.T.);
#7486=ADVANCED_FACE('',(#716),#7110,.T.);
#7487=ADVANCED_FACE('',(#717),#7111,.T.);
#7488=ADVANCED_FACE('',(#718),#7112,.T.);
#7489=ADVANCED_FACE('',(#719),#7113,.T.);
#7490=ADVANCED_FACE('',(#720),#7114,.T.);
#7491=ADVANCED_FACE('',(#721),#7115,.T.);
#7492=ADVANCED_FACE('',(#722),#7116,.T.);
#7493=ADVANCED_FACE('',(#723),#7117,.T.);
#7494=ADVANCED_FACE('',(#724),#7118,.T.);
#7495=ADVANCED_FACE('',(#725),#7119,.T.);
#7496=ADVANCED_FACE('',(#726),#7120,.F.);
#7497=ADVANCED_FACE('',(#727),#7121,.T.);
#7498=ADVANCED_FACE('',(#728),#7122,.T.);
#7499=ADVANCED_FACE('',(#729),#7123,.T.);
#7500=ADVANCED_FACE('',(#730),#7124,.T.);
#7501=ADVANCED_FACE('',(#731),#7125,.T.);
#7502=ADVANCED_FACE('',(#732),#7126,.T.);
#7503=ADVANCED_FACE('',(#733),#7127,.T.);
#7504=ADVANCED_FACE('',(#734),#7128,.T.);
#7505=ADVANCED_FACE('',(#735),#7129,.T.);
#7506=ADVANCED_FACE('',(#736),#7130,.T.);
#7507=ADVANCED_FACE('',(#737),#7131,.T.);
#7508=ADVANCED_FACE('',(#738),#7132,.T.);
#7509=ADVANCED_FACE('',(#739),#7133,.T.);
#7510=ADVANCED_FACE('',(#740),#7134,.T.);
#7511=ADVANCED_FACE('',(#741),#7135,.T.);
#7512=ADVANCED_FACE('',(#742),#7136,.T.);
#7513=ADVANCED_FACE('',(#743),#7137,.T.);
#7514=ADVANCED_FACE('',(#744),#7138,.T.);
#7515=ADVANCED_FACE('',(#745),#7139,.T.);
#7516=ADVANCED_FACE('',(#746),#7140,.F.);
#7517=ADVANCED_FACE('',(#747),#7141,.T.);
#7518=ADVANCED_FACE('',(#748),#7142,.T.);
#7519=ADVANCED_FACE('',(#749),#7143,.T.);
#7520=ADVANCED_FACE('',(#750),#7144,.T.);
#7521=ADVANCED_FACE('',(#751),#7145,.T.);
#7522=ADVANCED_FACE('',(#752),#7146,.T.);
#7523=ADVANCED_FACE('',(#753),#7147,.T.);
#7524=ADVANCED_FACE('',(#754),#7148,.T.);
#7525=ADVANCED_FACE('',(#755),#7149,.T.);
#7526=ADVANCED_FACE('',(#756),#7150,.T.);
#7527=ADVANCED_FACE('',(#757),#7151,.T.);
#7528=ADVANCED_FACE('',(#758),#7152,.T.);
#7529=ADVANCED_FACE('',(#759),#7153,.T.);
#7530=ADVANCED_FACE('',(#760),#7154,.T.);
#7531=ADVANCED_FACE('',(#761),#7155,.T.);
#7532=ADVANCED_FACE('',(#762),#7156,.T.);
#7533=ADVANCED_FACE('',(#763),#7157,.T.);
#7534=ADVANCED_FACE('',(#764),#7158,.T.);
#7535=ADVANCED_FACE('',(#765),#7159,.T.);
#7536=ADVANCED_FACE('',(#766),#7160,.T.);
#7537=ADVANCED_FACE('',(#767),#7161,.T.);
#7538=ADVANCED_FACE('',(#768),#7162,.T.);
#7539=ADVANCED_FACE('',(#769),#7163,.T.);
#7540=ADVANCED_FACE('',(#770),#7164,.T.);
#7541=ADVANCED_FACE('',(#771),#7165,.F.);
#7542=ADVANCED_FACE('',(#772),#7166,.F.);
#7543=ADVANCED_FACE('',(#773),#7167,.F.);
#7544=ADVANCED_FACE('',(#774),#7168,.F.);
#7545=ADVANCED_FACE('',(#775),#7169,.T.);
#7546=ADVANCED_FACE('',(#776,#161),#7170,.T.);
#7547=ADVANCED_FACE('',(#777),#7171,.T.);
#7548=ADVANCED_FACE('',(#778),#7172,.T.);
#7549=ADVANCED_FACE('',(#779,#162),#7173,.T.);
#7550=ADVANCED_FACE('',(#780,#163),#7174,.T.);
#7551=ADVANCED_FACE('',(#781),#442,.F.);
#7552=ADVANCED_FACE('',(#782),#443,.F.);
#7553=ADVANCED_FACE('',(#783),#7175,.T.);
#7554=ADVANCED_FACE('',(#784,#164),#7176,.T.);
#7555=ADVANCED_FACE('',(#785),#7177,.T.);
#7556=ADVANCED_FACE('',(#786),#7178,.T.);
#7557=ADVANCED_FACE('',(#787),#7179,.T.);
#7558=ADVANCED_FACE('',(#788),#7180,.T.);
#7559=ADVANCED_FACE('',(#789),#7181,.T.);
#7560=ADVANCED_FACE('',(#790,#165),#7182,.T.);
#7561=ADVANCED_FACE('',(#791,#166),#7183,.T.);
#7562=ADVANCED_FACE('',(#792),#19,.F.);
#7563=ADVANCED_FACE('',(#793,#167),#7184,.T.);
#7564=ADVANCED_FACE('',(#794),#444,.F.);
#7565=ADVANCED_FACE('',(#795),#20,.F.);
#7566=ADVANCED_FACE('',(#796),#7185,.T.);
#7567=ADVANCED_FACE('',(#797),#445,.T.);
#7568=ADVANCED_FACE('',(#798),#446,.T.);
#7569=ADVANCED_FACE('',(#799),#7186,.F.);
#7570=ADVANCED_FACE('',(#800,#168),#7187,.T.);
#7571=ADVANCED_FACE('',(#801),#7188,.T.);
#7572=ADVANCED_FACE('',(#802),#21,.T.);
#7573=ADVANCED_FACE('',(#803),#22,.T.);
#7574=ADVANCED_FACE('',(#804),#7189,.F.);
#7575=ADVANCED_FACE('',(#805),#7190,.F.);
#7576=ADVANCED_FACE('',(#806),#7191,.F.);
#7577=ADVANCED_FACE('',(#807),#7192,.F.);
#7578=ADVANCED_FACE('',(#808),#7193,.T.);
#7579=ADVANCED_FACE('',(#809),#7194,.F.);
#7580=ADVANCED_FACE('',(#810),#447,.F.);
#7581=ADVANCED_FACE('',(#811),#448,.F.);
#7582=ADVANCED_FACE('',(#812),#449,.F.);
#7583=ADVANCED_FACE('',(#813),#450,.F.);
#7584=ADVANCED_FACE('',(#814),#7195,.T.);
#7585=ADVANCED_FACE('',(#815),#451,.T.);
#7586=ADVANCED_FACE('',(#816),#7196,.T.);
#7587=ADVANCED_FACE('',(#817),#452,.T.);
#7588=ADVANCED_FACE('',(#818),#7197,.T.);
#7589=ADVANCED_FACE('',(#819),#453,.T.);
#7590=ADVANCED_FACE('',(#820),#454,.T.);
#7591=ADVANCED_FACE('',(#821),#7198,.T.);
#7592=ADVANCED_FACE('',(#822),#455,.T.);
#7593=ADVANCED_FACE('',(#823),#456,.F.);
#7594=ADVANCED_FACE('',(#824),#457,.F.);
#7595=ADVANCED_FACE('',(#825),#458,.F.);
#7596=ADVANCED_FACE('',(#826),#459,.F.);
#7597=ADVANCED_FACE('',(#827,#169,#170,#171,#172,#173,#174,#175,#176,#177),
#7199,.F.);
#7598=ADVANCED_FACE('',(#828,#178,#179,#180,#181,#182,#183,#184,#185,#186),
#7200,.T.);
#7599=ADVANCED_FACE('',(#829),#7201,.F.);
#7600=ADVANCED_FACE('',(#830),#7202,.F.);
#7601=ADVANCED_FACE('',(#831),#7203,.F.);
#7602=ADVANCED_FACE('',(#832),#7204,.F.);
#7603=ADVANCED_FACE('',(#833),#7205,.F.);
#7604=ADVANCED_FACE('',(#834),#7206,.F.);
#7605=ADVANCED_FACE('',(#835),#7207,.F.);
#7606=ADVANCED_FACE('',(#836),#7208,.F.);
#7607=ADVANCED_FACE('',(#837),#7209,.F.);
#7608=ADVANCED_FACE('',(#838),#7210,.F.);
#7609=ADVANCED_FACE('',(#839),#7211,.F.);
#7610=ADVANCED_FACE('',(#840),#7212,.F.);
#7611=ADVANCED_FACE('',(#841),#7213,.F.);
#7612=ADVANCED_FACE('',(#842),#7214,.F.);
#7613=ADVANCED_FACE('',(#843),#7215,.F.);
#7614=ADVANCED_FACE('',(#844),#7216,.F.);
#7615=ADVANCED_FACE('',(#845),#7217,.F.);
#7616=ADVANCED_FACE('',(#846),#7218,.F.);
#7617=ADVANCED_FACE('',(#847),#7219,.F.);
#7618=ADVANCED_FACE('',(#848),#7220,.F.);
#7619=ADVANCED_FACE('',(#849),#7221,.T.);
#7620=ADVANCED_FACE('',(#850),#460,.T.);
#7621=ADVANCED_FACE('',(#851),#461,.T.);
#7622=ADVANCED_FACE('',(#852),#7222,.T.);
#7623=ADVANCED_FACE('',(#853),#462,.T.);
#7624=ADVANCED_FACE('',(#854),#7223,.T.);
#7625=ADVANCED_FACE('',(#855),#463,.F.);
#7626=ADVANCED_FACE('',(#856),#7224,.T.);
#7627=ADVANCED_FACE('',(#857),#464,.F.);
#7628=ADVANCED_FACE('',(#858,#187,#188),#7225,.T.);
#7629=ADVANCED_FACE('',(#859,#189,#190),#7226,.T.);
#7630=ADVANCED_FACE('',(#860),#465,.F.);
#7631=ADVANCED_FACE('',(#861),#7227,.T.);
#7632=ADVANCED_FACE('',(#862,#191),#7228,.F.);
#7633=ADVANCED_FACE('',(#863,#192,#193),#7229,.T.);
#7634=ADVANCED_FACE('',(#864),#466,.T.);
#7635=ADVANCED_FACE('',(#865,#194,#195,#196,#197),#7230,.T.);
#7636=ADVANCED_FACE('',(#866,#198,#199),#7231,.T.);
#7637=ADVANCED_FACE('',(#867),#467,.T.);
#7638=ADVANCED_FACE('',(#868),#7232,.T.);
#7639=ADVANCED_FACE('',(#869),#468,.F.);
#7640=ADVANCED_FACE('',(#870),#7233,.T.);
#7641=ADVANCED_FACE('',(#871),#469,.F.);
#7642=ADVANCED_FACE('',(#872),#7234,.T.);
#7643=ADVANCED_FACE('',(#873),#470,.F.);
#7644=ADVANCED_FACE('',(#874,#200),#7235,.T.);
#7645=ADVANCED_FACE('',(#875,#201),#7236,.T.);
#7646=ADVANCED_FACE('',(#876),#7237,.F.);
#7647=ADVANCED_FACE('',(#877),#7238,.F.);
#7648=ADVANCED_FACE('',(#878),#471,.F.);
#7649=ADVANCED_FACE('',(#879),#7239,.F.);
#7650=ADVANCED_FACE('',(#880),#472,.F.);
#7651=ADVANCED_FACE('',(#881),#7240,.F.);
#7652=ADVANCED_FACE('',(#882),#7241,.F.);
#7653=ADVANCED_FACE('',(#883),#7242,.F.);
#7654=CLOSED_SHELL('',(#7243,#7244,#7245,#7246,#7247,#7248,#7249,#7250,
#7251,#7252,#7253,#7254,#7255,#7256,#7257,#7258,#7259,#7260,#7261,#7262,
#7263,#7264,#7265,#7266,#7267,#7268,#7269,#7270,#7271,#7272));
#7655=CLOSED_SHELL('',(#7273,#7274,#7275,#7276,#7277,#7278,#7279,#7280,
#7281,#7282,#7283,#7284,#7285,#7286,#7287,#7288,#7289,#7290,#7291,#7292,
#7293,#7294,#7295,#7296,#7297,#7298,#7299,#7300,#7301,#7302,#7303,#7304,
#7305,#7306,#7307,#7308,#7309,#7310,#7311,#7312,#7313,#7314,#7315,#7316,
#7317,#7318,#7319,#7320,#7321,#7322,#7323,#7324,#7325,#7326,#7327,#7328,
#7329,#7330,#7331,#7332,#7333,#7334,#7335,#7336,#7337,#7338,#7339,#7340,
#7341,#7342,#7343,#7344,#7345,#7346,#7347,#7348,#7349,#7350));
#7656=CLOSED_SHELL('',(#7351,#7352,#7353,#7354,#7355,#7356,#7357,#7358,
#7359,#7360,#7361));
#7657=CLOSED_SHELL('',(#7362,#7363,#7364,#7365,#7366,#7367,#7368,#7369,
#7370,#7371,#7372,#7373,#7374,#7375,#7376));
#7658=CLOSED_SHELL('',(#7377,#7378,#7379,#7380,#7381,#7382,#7383,#7384,
#7385,#7386,#7387,#7388,#7389,#7390));
#7659=CLOSED_SHELL('',(#7391,#7392,#7393,#7394,#7395,#7396,#7397,#7398,
#7399,#7400,#7401,#7402,#7403,#7404,#7405,#7406,#7407,#7408,#7409,#7410,
#7411,#7412,#7413,#7414,#7415,#7416,#7417,#7418,#7419,#7420,#7421,#7422,
#7423,#7424,#7425,#7426,#7427,#7428,#7429,#7430,#7431,#7432,#7433,#7434,
#7435,#7436,#7437,#7438,#7439,#7440,#7441,#7442,#7443,#7444,#7445,#7446,
#7447,#7448,#7449,#7450,#7451,#7452,#7453,#7454,#7455,#7456,#7457,#7458,
#7459));
#7660=CLOSED_SHELL('',(#7460,#7461,#7462,#7463,#7464,#7465,#7466,#7467,
#7468,#7469,#7470,#7471,#7472,#7473,#7474,#7475,#7476,#7477,#7478,#7479));
#7661=CLOSED_SHELL('',(#7480,#7481,#7482,#7483,#7484,#7485,#7486,#7487,
#7488,#7489,#7490,#7491,#7492,#7493,#7494,#7495,#7496,#7497,#7498,#7499));
#7662=CLOSED_SHELL('',(#7500,#7501,#7502,#7503,#7504,#7505,#7506,#7507,
#7508,#7509,#7510,#7511,#7512,#7513,#7514,#7515,#7516,#7517,#7518,#7519));
#7663=CLOSED_SHELL('',(#7520,#7521,#7522,#7523,#7524,#7525,#7526,#7527,
#7528,#7529,#7530,#7531));
#7664=CLOSED_SHELL('',(#7532,#7533,#7534,#7535,#7536,#7537,#7538,#7539,
#7540,#7541,#7542,#7543,#7544,#7545,#7546,#7547,#7548,#7549,#7550,#7551,
#7552,#7553,#7554,#7555,#7556,#7557,#7558,#7559,#7560,#7561));
#7665=CLOSED_SHELL('',(#7562,#7563,#7564,#7565,#7566,#7567,#7568,#7569,
#7570,#7571,#7572,#7573));
#7666=CLOSED_SHELL('',(#7574,#7575,#7576,#7577,#7578,#7579));
#7667=CLOSED_SHELL('',(#7580,#7581,#7582,#7583,#7584,#7585,#7586,#7587,
#7588,#7589,#7590,#7591,#7592,#7593,#7594,#7595,#7596,#7597,#7598,#7599,
#7600,#7601,#7602));
#7668=CLOSED_SHELL('',(#7603,#7604,#7605,#7606,#7607,#7608,#7609,#7610,
#7611,#7612,#7613,#7614,#7615,#7616,#7617,#7618,#7619,#7620,#7621,#7622,
#7623,#7624,#7625,#7626,#7627,#7628,#7629,#7630,#7631,#7632,#7633,#7634,
#7635,#7636,#7637,#7638,#7639,#7640,#7641,#7642,#7643,#7644,#7645,#7646,
#7647,#7648,#7649,#7650,#7651,#7652,#7653));
#7669=DERIVED_UNIT_ELEMENT(#7681,1.);
#7670=DERIVED_UNIT_ELEMENT(#12903,-3.);
#7671=DERIVED_UNIT_ELEMENT(#7681,1.);
#7672=DERIVED_UNIT_ELEMENT(#12903,-3.);
#7673=DERIVED_UNIT_ELEMENT(#7681,1.);
#7674=DERIVED_UNIT_ELEMENT(#12903,-3.);
#7675=DERIVED_UNIT_ELEMENT(#7681,1.);
#7676=DERIVED_UNIT_ELEMENT(#12903,-3.);
#7677=DERIVED_UNIT_ELEMENT(#7681,1.);
#7678=DERIVED_UNIT_ELEMENT(#12903,-3.);
#7679=DERIVED_UNIT_ELEMENT(#7681,1.);
#7680=DERIVED_UNIT_ELEMENT(#12903,-3.);
#7681=(
MASS_UNIT()
NAMED_UNIT(*)
SI_UNIT(.KILO.,.GRAM.)
);
#7682=DERIVED_UNIT((#7669,#7670));
#7683=DERIVED_UNIT((#7671,#7672));
#7684=DERIVED_UNIT((#7673,#7674));
#7685=DERIVED_UNIT((#7675,#7676));
#7686=DERIVED_UNIT((#7677,#7678));
#7687=DERIVED_UNIT((#7679,#7680));
#7688=MEASURE_REPRESENTATION_ITEM('density measure',
POSITIVE_RATIO_MEASURE(7850.),#7682);
#7689=MEASURE_REPRESENTATION_ITEM('density measure',
POSITIVE_RATIO_MEASURE(7850.),#7683);
#7690=MEASURE_REPRESENTATION_ITEM('density measure',
POSITIVE_RATIO_MEASURE(7850.),#7684);
#7691=MEASURE_REPRESENTATION_ITEM('density measure',
POSITIVE_RATIO_MEASURE(7850.),#7685);
#7692=MEASURE_REPRESENTATION_ITEM('density measure',
POSITIVE_RATIO_MEASURE(7850.),#7686);
#7693=MEASURE_REPRESENTATION_ITEM('density measure',
POSITIVE_RATIO_MEASURE(7850.),#7687);
#7694=PROPERTY_DEFINITION_REPRESENTATION(#7724,#7706);
#7695=PROPERTY_DEFINITION_REPRESENTATION(#7725,#7707);
#7696=PROPERTY_DEFINITION_REPRESENTATION(#7726,#7708);
#7697=PROPERTY_DEFINITION_REPRESENTATION(#7727,#7709);
#7698=PROPERTY_DEFINITION_REPRESENTATION(#7728,#7710);
#7699=PROPERTY_DEFINITION_REPRESENTATION(#7729,#7711);
#7700=PROPERTY_DEFINITION_REPRESENTATION(#7730,#7712);
#7701=PROPERTY_DEFINITION_REPRESENTATION(#7731,#7713);
#7702=PROPERTY_DEFINITION_REPRESENTATION(#7732,#7714);
#7703=PROPERTY_DEFINITION_REPRESENTATION(#7733,#7715);
#7704=PROPERTY_DEFINITION_REPRESENTATION(#7734,#7716);
#7705=PROPERTY_DEFINITION_REPRESENTATION(#7735,#7717);
#7706=REPRESENTATION('material name',(#7718),#12895);
#7707=REPRESENTATION('density',(#7688),#12895);
#7708=REPRESENTATION('material name',(#7719),#12896);
#7709=REPRESENTATION('density',(#7689),#12896);
#7710=REPRESENTATION('material name',(#7720),#12897);
#7711=REPRESENTATION('density',(#7690),#12897);
#7712=REPRESENTATION('material name',(#7721),#12898);
#7713=REPRESENTATION('density',(#7691),#12898);
#7714=REPRESENTATION('material name',(#7722),#12899);
#7715=REPRESENTATION('density',(#7692),#12899);
#7716=REPRESENTATION('material name',(#7723),#12900);
#7717=REPRESENTATION('density',(#7693),#12900);
#7718=DESCRIPTIVE_REPRESENTATION_ITEM('Steel','Steel');
#7719=DESCRIPTIVE_REPRESENTATION_ITEM('Steel','Steel');
#7720=DESCRIPTIVE_REPRESENTATION_ITEM('Steel','Steel');
#7721=DESCRIPTIVE_REPRESENTATION_ITEM('Steel','Steel');
#7722=DESCRIPTIVE_REPRESENTATION_ITEM('Steel','Steel');
#7723=DESCRIPTIVE_REPRESENTATION_ITEM('Steel','Steel');
#7724=PROPERTY_DEFINITION('material property','material name',#12944);
#7725=PROPERTY_DEFINITION('material property','density of part',#12944);
#7726=PROPERTY_DEFINITION('material property','material name',#12945);
#7727=PROPERTY_DEFINITION('material property','density of part',#12945);
#7728=PROPERTY_DEFINITION('material property','material name',#12946);
#7729=PROPERTY_DEFINITION('material property','density of part',#12946);
#7730=PROPERTY_DEFINITION('material property','material name',#12947);
#7731=PROPERTY_DEFINITION('material property','density of part',#12947);
#7732=PROPERTY_DEFINITION('material property','material name',#12948);
#7733=PROPERTY_DEFINITION('material property','density of part',#12948);
#7734=PROPERTY_DEFINITION('material property','material name',#12949);
#7735=PROPERTY_DEFINITION('material property','density of part',#12949);
#7736=AXIS2_PLACEMENT_3D('',#10428,#8348,#8349);
#7737=AXIS2_PLACEMENT_3D('',#10429,#8350,#8351);
#7738=AXIS2_PLACEMENT_3D('',#10430,#8352,#8353);
#7739=AXIS2_PLACEMENT_3D('',#10431,#8354,#8355);
#7740=AXIS2_PLACEMENT_3D('',#10440,#8360,#8361);
#7741=AXIS2_PLACEMENT_3D('',#10446,#8365,#8366);
#7742=AXIS2_PLACEMENT_3D('',#10452,#8370,#8371);
#7743=AXIS2_PLACEMENT_3D('',#10461,#8376,#8377);
#7744=AXIS2_PLACEMENT_3D('',#10467,#8381,#8382);
#7745=AXIS2_PLACEMENT_3D('',#10473,#8386,#8387);
#7746=AXIS2_PLACEMENT_3D('',#10482,#8392,#8393);
#7747=AXIS2_PLACEMENT_3D('',#10488,#8397,#8398);
#7748=AXIS2_PLACEMENT_3D('',#10494,#8402,#8403);
#7749=AXIS2_PLACEMENT_3D('',#10503,#8408,#8409);
#7750=AXIS2_PLACEMENT_3D('',#10509,#8413,#8414);
#7751=AXIS2_PLACEMENT_3D('',#10515,#8418,#8419);
#7752=AXIS2_PLACEMENT_3D('',#10524,#8424,#8425);
#7753=AXIS2_PLACEMENT_3D('',#10530,#8429,#8430);
#7754=AXIS2_PLACEMENT_3D('',#10536,#8434,#8435);
#7755=AXIS2_PLACEMENT_3D('',#10545,#8440,#8441);
#7756=AXIS2_PLACEMENT_3D('',#10551,#8445,#8446);
#7757=AXIS2_PLACEMENT_3D('',#10557,#8450,#8451);
#7758=AXIS2_PLACEMENT_3D('',#10560,#8454,#8455);
#7759=AXIS2_PLACEMENT_3D('',#10563,#8458,#8459);
#7760=AXIS2_PLACEMENT_3D('',#10565,#8460,#8461);
#7761=AXIS2_PLACEMENT_3D('',#10568,#8463,#8464);
#7762=AXIS2_PLACEMENT_3D('',#10569,#8465,#8466);
#7763=AXIS2_PLACEMENT_3D('',#10571,#8467,#8468);
#7764=AXIS2_PLACEMENT_3D('',#10574,#8470,#8471);
#7765=AXIS2_PLACEMENT_3D('',#10575,#8472,#8473);
#7766=AXIS2_PLACEMENT_3D('',#10578,#8476,#8477);
#7767=AXIS2_PLACEMENT_3D('',#10581,#8480,#8481);
#7768=AXIS2_PLACEMENT_3D('',#10584,#8484,#8485);
#7769=AXIS2_PLACEMENT_3D('',#10586,#8486,#8487);
#7770=AXIS2_PLACEMENT_3D('',#10589,#8489,#8490);
#7771=AXIS2_PLACEMENT_3D('',#10590,#8491,#8492);
#7772=AXIS2_PLACEMENT_3D('',#10592,#8493,#8494);
#7773=AXIS2_PLACEMENT_3D('',#10595,#8496,#8497);
#7774=AXIS2_PLACEMENT_3D('',#10596,#8498,#8499);
#7775=AXIS2_PLACEMENT_3D('',#10599,#8502,#8503);
#7776=AXIS2_PLACEMENT_3D('',#10600,#8504,#8505);
#7777=AXIS2_PLACEMENT_3D('',#10601,#8506,#8507);
#7778=AXIS2_PLACEMENT_3D('',#10602,#8508,#8509);
#7779=AXIS2_PLACEMENT_3D('',#10611,#8514,#8515);
#7780=AXIS2_PLACEMENT_3D('',#10620,#8520,#8521);
#7781=AXIS2_PLACEMENT_3D('',#10629,#8526,#8527);
#7782=AXIS2_PLACEMENT_3D('',#10638,#8532,#8533);
#7783=AXIS2_PLACEMENT_3D('',#10647,#8538,#8539);
#7784=AXIS2_PLACEMENT_3D('',#10656,#8544,#8545);
#7785=AXIS2_PLACEMENT_3D('',#10661,#8547,#8548);
#7786=AXIS2_PLACEMENT_3D('',#10664,#8550,#8551);
#7787=AXIS2_PLACEMENT_3D('',#10666,#8552,#8553);
#7788=AXIS2_PLACEMENT_3D('',#10670,#8555,#8556);
#7789=AXIS2_PLACEMENT_3D('',#10673,#8558,#8559);
#7790=AXIS2_PLACEMENT_3D('',#10675,#8560,#8561);
#7791=AXIS2_PLACEMENT_3D('',#10679,#8563,#8564);
#7792=AXIS2_PLACEMENT_3D('',#10682,#8566,#8567);
#7793=AXIS2_PLACEMENT_3D('',#10684,#8568,#8569);
#7794=AXIS2_PLACEMENT_3D('',#10688,#8571,#8572);
#7795=AXIS2_PLACEMENT_3D('',#10691,#8574,#8575);
#7796=AXIS2_PLACEMENT_3D('',#10693,#8576,#8577);
#7797=AXIS2_PLACEMENT_3D('',#10697,#8579,#8580);
#7798=AXIS2_PLACEMENT_3D('',#10701,#8582,#8583);
#7799=AXIS2_PLACEMENT_3D('',#10705,#8585,#8586);
#7800=AXIS2_PLACEMENT_3D('',#10708,#8588,#8589);
#7801=AXIS2_PLACEMENT_3D('',#10710,#8590,#8591);
#7802=AXIS2_PLACEMENT_3D('',#10714,#8593,#8594);
#7803=AXIS2_PLACEMENT_3D('',#10717,#8596,#8597);
#7804=AXIS2_PLACEMENT_3D('',#10719,#8598,#8599);
#7805=AXIS2_PLACEMENT_3D('',#10723,#8601,#8602);
#7806=AXIS2_PLACEMENT_3D('',#10727,#8604,#8605);
#7807=AXIS2_PLACEMENT_3D('',#10731,#8607,#8608);
#7808=AXIS2_PLACEMENT_3D('',#10735,#8610,#8611);
#7809=AXIS2_PLACEMENT_3D('',#10739,#8613,#8614);
#7810=AXIS2_PLACEMENT_3D('',#10743,#8616,#8617);
#7811=AXIS2_PLACEMENT_3D('',#10747,#8619,#8620);
#7812=AXIS2_PLACEMENT_3D('',#10750,#8622,#8623);
#7813=AXIS2_PLACEMENT_3D('',#10791,#8644,#8645);
#7814=AXIS2_PLACEMENT_3D('',#10796,#8647,#8648);
#7815=AXIS2_PLACEMENT_3D('',#10800,#8650,#8651);
#7816=AXIS2_PLACEMENT_3D('',#10804,#8653,#8654);
#7817=AXIS2_PLACEMENT_3D('',#10808,#8656,#8657);
#7818=AXIS2_PLACEMENT_3D('',#10812,#8659,#8660);
#7819=AXIS2_PLACEMENT_3D('',#10816,#8662,#8663);
#7820=AXIS2_PLACEMENT_3D('',#10820,#8665,#8666);
#7821=AXIS2_PLACEMENT_3D('',#10824,#8668,#8669);
#7822=AXIS2_PLACEMENT_3D('',#10828,#8671,#8672);
#7823=AXIS2_PLACEMENT_3D('',#10831,#8674,#8675);
#7824=AXIS2_PLACEMENT_3D('',#10833,#8676,#8677);
#7825=AXIS2_PLACEMENT_3D('',#10837,#8679,#8680);
#7826=AXIS2_PLACEMENT_3D('',#10840,#8682,#8683);
#7827=AXIS2_PLACEMENT_3D('',#10842,#8684,#8685);
#7828=AXIS2_PLACEMENT_3D('',#10846,#8687,#8688);
#7829=AXIS2_PLACEMENT_3D('',#10850,#8690,#8691);
#7830=AXIS2_PLACEMENT_3D('',#10854,#8693,#8694);
#7831=AXIS2_PLACEMENT_3D('',#10857,#8696,#8697);
#7832=AXIS2_PLACEMENT_3D('',#10859,#8698,#8699);
#7833=AXIS2_PLACEMENT_3D('',#10863,#8701,#8702);
#7834=AXIS2_PLACEMENT_3D('',#10866,#8704,#8705);
#7835=AXIS2_PLACEMENT_3D('',#10868,#8706,#8707);
#7836=AXIS2_PLACEMENT_3D('',#10872,#8709,#8710);
#7837=AXIS2_PLACEMENT_3D('',#10875,#8712,#8713);
#7838=AXIS2_PLACEMENT_3D('',#10877,#8714,#8715);
#7839=AXIS2_PLACEMENT_3D('',#10881,#8717,#8718);
#7840=AXIS2_PLACEMENT_3D('',#10884,#8720,#8721);
#7841=AXIS2_PLACEMENT_3D('',#10885,#8722,#8723);
#7842=AXIS2_PLACEMENT_3D('',#10926,#8744,#8745);
#7843=AXIS2_PLACEMENT_3D('',#10929,#8748,#8749);
#7844=AXIS2_PLACEMENT_3D('',#10932,#8752,#8753);
#7845=AXIS2_PLACEMENT_3D('',#10935,#8756,#8757);
#7846=AXIS2_PLACEMENT_3D('',#10938,#8760,#8761);
#7847=AXIS2_PLACEMENT_3D('',#10941,#8764,#8765);
#7848=AXIS2_PLACEMENT_3D('',#10944,#8768,#8769);
#7849=AXIS2_PLACEMENT_3D('',#10946,#8771,#8772);
#7850=AXIS2_PLACEMENT_3D('',#10948,#8774,#8775);
#7851=AXIS2_PLACEMENT_3D('',#10951,#8778,#8779);
#7852=AXIS2_PLACEMENT_3D('',#10953,#8781,#8782);
#7853=AXIS2_PLACEMENT_3D('',#10955,#8784,#8785);
#7854=AXIS2_PLACEMENT_3D('',#10958,#8788,#8789);
#7855=AXIS2_PLACEMENT_3D('',#10960,#8791,#8792);
#7856=AXIS2_PLACEMENT_3D('',#10962,#8794,#8795);
#7857=AXIS2_PLACEMENT_3D('',#10965,#8798,#8799);
#7858=AXIS2_PLACEMENT_3D('',#10967,#8801,#8802);
#7859=AXIS2_PLACEMENT_3D('',#10969,#8804,#8805);
#7860=AXIS2_PLACEMENT_3D('',#10972,#8808,#8809);
#7861=AXIS2_PLACEMENT_3D('',#10974,#8811,#8812);
#7862=AXIS2_PLACEMENT_3D('',#10976,#8814,#8815);
#7863=AXIS2_PLACEMENT_3D('',#10977,#8816,#8817);
#7864=AXIS2_PLACEMENT_3D('',#10978,#8818,#8819);
#7865=AXIS2_PLACEMENT_3D('',#10979,#8820,#8821);
#7866=AXIS2_PLACEMENT_3D('',#10980,#8822,#8823);
#7867=AXIS2_PLACEMENT_3D('',#10981,#8824,#8825);
#7868=AXIS2_PLACEMENT_3D('',#10984,#8828,#8829);
#7869=AXIS2_PLACEMENT_3D('',#10987,#8832,#8833);
#7870=AXIS2_PLACEMENT_3D('',#10990,#8836,#8837);
#7871=AXIS2_PLACEMENT_3D('',#10993,#8840,#8841);
#7872=AXIS2_PLACEMENT_3D('',#10996,#8844,#8845);
#7873=AXIS2_PLACEMENT_3D('',#10999,#8848,#8849);
#7874=AXIS2_PLACEMENT_3D('',#11002,#8852,#8853);
#7875=AXIS2_PLACEMENT_3D('',#11005,#8856,#8857);
#7876=AXIS2_PLACEMENT_3D('',#11008,#8860,#8861);
#7877=AXIS2_PLACEMENT_3D('',#11011,#8864,#8865);
#7878=AXIS2_PLACEMENT_3D('',#11014,#8868,#8869);
#7879=AXIS2_PLACEMENT_3D('',#11017,#8872,#8873);
#7880=AXIS2_PLACEMENT_3D('',#11020,#8876,#8877);
#7881=AXIS2_PLACEMENT_3D('',#11023,#8880,#8881);
#7882=AXIS2_PLACEMENT_3D('',#11026,#8884,#8885);
#7883=AXIS2_PLACEMENT_3D('',#11029,#8888,#8889);
#7884=AXIS2_PLACEMENT_3D('',#11032,#8892,#8893);
#7885=AXIS2_PLACEMENT_3D('',#11033,#8894,#8895);
#7886=AXIS2_PLACEMENT_3D('',#11034,#8896,#8897);
#7887=AXIS2_PLACEMENT_3D('',#11035,#8898,#8899);
#7888=AXIS2_PLACEMENT_3D('',#11036,#8900,#8901);
#7889=AXIS2_PLACEMENT_3D('',#11037,#8902,#8903);
#7890=AXIS2_PLACEMENT_3D('',#11038,#8904,#8905);
#7891=AXIS2_PLACEMENT_3D('',#11039,#8906,#8907);
#7892=AXIS2_PLACEMENT_3D('',#11040,#8908,#8909);
#7893=AXIS2_PLACEMENT_3D('',#11041,#8910,#8911);
#7894=AXIS2_PLACEMENT_3D('',#11042,#8912,#8913);
#7895=AXIS2_PLACEMENT_3D('',#11043,#8914,#8915);
#7896=AXIS2_PLACEMENT_3D('',#11044,#8916,#8917);
#7897=AXIS2_PLACEMENT_3D('',#11045,#8918,#8919);
#7898=AXIS2_PLACEMENT_3D('',#11046,#8920,#8921);
#7899=AXIS2_PLACEMENT_3D('',#11047,#8922,#8923);
#7900=AXIS2_PLACEMENT_3D('',#11048,#8924,#8925);
#7901=AXIS2_PLACEMENT_3D('',#11049,#8926,#8927);
#7902=AXIS2_PLACEMENT_3D('',#11050,#8928,#8929);
#7903=AXIS2_PLACEMENT_3D('',#11051,#8930,#8931);
#7904=AXIS2_PLACEMENT_3D('',#11052,#8932,#8933);
#7905=AXIS2_PLACEMENT_3D('',#11053,#8934,#8935);
#7906=AXIS2_PLACEMENT_3D('',#11054,#8936,#8937);
#7907=AXIS2_PLACEMENT_3D('',#11055,#8938,#8939);
#7908=AXIS2_PLACEMENT_3D('',#11056,#8940,#8941);
#7909=AXIS2_PLACEMENT_3D('',#11057,#8942,#8943);
#7910=AXIS2_PLACEMENT_3D('',#11058,#8944,#8945);
#7911=AXIS2_PLACEMENT_3D('',#11059,#8946,#8947);
#7912=AXIS2_PLACEMENT_3D('',#11060,#8948,#8949);
#7913=AXIS2_PLACEMENT_3D('',#11061,#8950,#8951);
#7914=AXIS2_PLACEMENT_3D('',#11070,#8956,#8957);
#7915=AXIS2_PLACEMENT_3D('',#11076,#8961,#8962);
#7916=AXIS2_PLACEMENT_3D('',#11082,#8966,#8967);
#7917=AXIS2_PLACEMENT_3D('',#11085,#8970,#8971);
#7918=AXIS2_PLACEMENT_3D('',#11094,#8976,#8977);
#7919=AXIS2_PLACEMENT_3D('',#11095,#8978,#8979);
#7920=AXIS2_PLACEMENT_3D('',#11101,#8983,#8984);
#7921=AXIS2_PLACEMENT_3D('',#11105,#8987,#8988);
#7922=AXIS2_PLACEMENT_3D('',#11109,#8991,#8992);
#7923=AXIS2_PLACEMENT_3D('',#11111,#8994,#8995);
#7924=AXIS2_PLACEMENT_3D('',#11112,#8996,#8997);
#7925=AXIS2_PLACEMENT_3D('',#11113,#8998,#8999);
#7926=AXIS2_PLACEMENT_3D('',#11115,#9000,#9001);
#7927=AXIS2_PLACEMENT_3D('',#11116,#9002,#9003);
#7928=AXIS2_PLACEMENT_3D('',#11118,#9004,#9005);
#7929=AXIS2_PLACEMENT_3D('',#11120,#9006,#9007);
#7930=AXIS2_PLACEMENT_3D('',#11121,#9008,#9009);
#7931=AXIS2_PLACEMENT_3D('',#11122,#9010,#9011);
#7932=AXIS2_PLACEMENT_3D('',#11124,#9012,#9013);
#7933=AXIS2_PLACEMENT_3D('',#11126,#9014,#9015);
#7934=AXIS2_PLACEMENT_3D('',#11127,#9016,#9017);
#7935=AXIS2_PLACEMENT_3D('',#11130,#9018,#9019);
#7936=AXIS2_PLACEMENT_3D('',#11131,#9020,#9021);
#7937=AXIS2_PLACEMENT_3D('',#11134,#9023,#9024);
#7938=AXIS2_PLACEMENT_3D('',#11163,#9025,#9026);
#7939=AXIS2_PLACEMENT_3D('',#11165,#9027,#9028);
#7940=AXIS2_PLACEMENT_3D('',#11167,#9029,#9030);
#7941=AXIS2_PLACEMENT_3D('',#11168,#9031,#9032);
#7942=AXIS2_PLACEMENT_3D('',#11169,#9033,#9034);
#7943=AXIS2_PLACEMENT_3D('',#11171,#9035,#9036);
#7944=AXIS2_PLACEMENT_3D('',#11180,#9041,#9042);
#7945=AXIS2_PLACEMENT_3D('',#11181,#9043,#9044);
#7946=AXIS2_PLACEMENT_3D('',#11182,#9045,#9046);
#7947=AXIS2_PLACEMENT_3D('',#11183,#9047,#9048);
#7948=AXIS2_PLACEMENT_3D('',#11184,#9049,#9050);
#7949=AXIS2_PLACEMENT_3D('',#11185,#9051,#9052);
#7950=AXIS2_PLACEMENT_3D('',#11186,#9053,#9054);
#7951=AXIS2_PLACEMENT_3D('',#11187,#9055,#9056);
#7952=AXIS2_PLACEMENT_3D('',#11188,#9057,#9058);
#7953=AXIS2_PLACEMENT_3D('',#11194,#9062,#9063);
#7954=AXIS2_PLACEMENT_3D('',#11198,#9066,#9067);
#7955=AXIS2_PLACEMENT_3D('',#11202,#9070,#9071);
#7956=AXIS2_PLACEMENT_3D('',#11204,#9073,#9074);
#7957=AXIS2_PLACEMENT_3D('',#11205,#9075,#9076);
#7958=AXIS2_PLACEMENT_3D('',#11206,#9077,#9078);
#7959=AXIS2_PLACEMENT_3D('',#11215,#9083,#9084);
#7960=AXIS2_PLACEMENT_3D('',#11221,#9088,#9089);
#7961=AXIS2_PLACEMENT_3D('',#11223,#9090,#9091);
#7962=AXIS2_PLACEMENT_3D('',#11226,#9093,#9094);
#7963=AXIS2_PLACEMENT_3D('',#11227,#9095,#9096);
#7964=AXIS2_PLACEMENT_3D('',#11233,#9100,#9101);
#7965=AXIS2_PLACEMENT_3D('',#11242,#9106,#9107);
#7966=AXIS2_PLACEMENT_3D('',#11251,#9112,#9113);
#7967=AXIS2_PLACEMENT_3D('',#11253,#9114,#9115);
#7968=AXIS2_PLACEMENT_3D('',#11256,#9117,#9118);
#7969=AXIS2_PLACEMENT_3D('',#11257,#9119,#9120);
#7970=AXIS2_PLACEMENT_3D('',#11260,#9123,#9124);
#7971=AXIS2_PLACEMENT_3D('',#11262,#9126,#9127);
#7972=AXIS2_PLACEMENT_3D('',#11264,#9129,#9130);
#7973=AXIS2_PLACEMENT_3D('',#11267,#9133,#9134);
#7974=AXIS2_PLACEMENT_3D('',#11269,#9136,#9137);
#7975=AXIS2_PLACEMENT_3D('',#11271,#9139,#9140);
#7976=AXIS2_PLACEMENT_3D('',#11272,#9141,#9142);
#7977=AXIS2_PLACEMENT_3D('',#11273,#9143,#9144);
#7978=AXIS2_PLACEMENT_3D('',#11274,#9145,#9146);
#7979=AXIS2_PLACEMENT_3D('',#11275,#9147,#9148);
#7980=AXIS2_PLACEMENT_3D('',#11276,#9149,#9150);
#7981=AXIS2_PLACEMENT_3D('',#11277,#9151,#9152);
#7982=AXIS2_PLACEMENT_3D('',#11278,#9153,#9154);
#7983=AXIS2_PLACEMENT_3D('',#11279,#9155,#9156);
#7984=AXIS2_PLACEMENT_3D('',#11280,#9157,#9158);
#7985=AXIS2_PLACEMENT_3D('',#11281,#9159,#9160);
#7986=AXIS2_PLACEMENT_3D('',#11282,#9161,#9162);
#7987=AXIS2_PLACEMENT_3D('',#11311,#9177,#9178);
#7988=AXIS2_PLACEMENT_3D('',#11320,#9183,#9184);
#7989=AXIS2_PLACEMENT_3D('',#11322,#9185,#9186);
#7990=AXIS2_PLACEMENT_3D('',#11324,#9187,#9188);
#7991=AXIS2_PLACEMENT_3D('',#11326,#9190,#9191);
#7992=AXIS2_PLACEMENT_3D('',#11332,#9195,#9196);
#7993=AXIS2_PLACEMENT_3D('',#11334,#9197,#9198);
#7994=AXIS2_PLACEMENT_3D('',#11336,#9199,#9200);
#7995=AXIS2_PLACEMENT_3D('',#11338,#9202,#9203);
#7996=AXIS2_PLACEMENT_3D('',#11344,#9207,#9208);
#7997=AXIS2_PLACEMENT_3D('',#11346,#9209,#9210);
#7998=AXIS2_PLACEMENT_3D('',#11348,#9211,#9212);
#7999=AXIS2_PLACEMENT_3D('',#11350,#9214,#9215);
#8000=AXIS2_PLACEMENT_3D('',#11356,#9219,#9220);
#8001=AXIS2_PLACEMENT_3D('',#11357,#9221,#9222);
#8002=AXIS2_PLACEMENT_3D('',#11358,#9223,#9224);
#8003=AXIS2_PLACEMENT_3D('',#11359,#9225,#9226);
#8004=AXIS2_PLACEMENT_3D('',#11368,#9231,#9232);
#8005=AXIS2_PLACEMENT_3D('',#11370,#9233,#9234);
#8006=AXIS2_PLACEMENT_3D('',#11372,#9235,#9236);
#8007=AXIS2_PLACEMENT_3D('',#11374,#9238,#9239);
#8008=AXIS2_PLACEMENT_3D('',#11380,#9243,#9244);
#8009=AXIS2_PLACEMENT_3D('',#11386,#9248,#9249);
#8010=AXIS2_PLACEMENT_3D('',#11392,#9253,#9254);
#8011=AXIS2_PLACEMENT_3D('',#11398,#9258,#9259);
#8012=AXIS2_PLACEMENT_3D('',#11404,#9263,#9264);
#8013=AXIS2_PLACEMENT_3D('',#11405,#9265,#9266);
#8014=AXIS2_PLACEMENT_3D('',#11406,#9267,#9268);
#8015=AXIS2_PLACEMENT_3D('',#11407,#9269,#9270);
#8016=AXIS2_PLACEMENT_3D('',#11408,#9271,#9272);
#8017=AXIS2_PLACEMENT_3D('',#11411,#9273,#9274);
#8018=AXIS2_PLACEMENT_3D('',#11415,#9276,#9277);
#8019=AXIS2_PLACEMENT_3D('',#11419,#9279,#9280);
#8020=AXIS2_PLACEMENT_3D('',#11423,#9282,#9283);
#8021=AXIS2_PLACEMENT_3D('',#11427,#9285,#9286);
#8022=AXIS2_PLACEMENT_3D('',#11431,#9288,#9289);
#8023=AXIS2_PLACEMENT_3D('',#11434,#9291,#9292);
#8024=AXIS2_PLACEMENT_3D('',#11436,#9293,#9294);
#8025=AXIS2_PLACEMENT_3D('',#11437,#9295,#9296);
#8026=AXIS2_PLACEMENT_3D('',#11439,#9297,#9298);
#8027=AXIS2_PLACEMENT_3D('',#11442,#9300,#9301);
#8028=AXIS2_PLACEMENT_3D('',#11443,#9302,#9303);
#8029=AXIS2_PLACEMENT_3D('',#11446,#9304,#9305);
#8030=AXIS2_PLACEMENT_3D('',#11450,#9307,#9308);
#8031=AXIS2_PLACEMENT_3D('',#11454,#9310,#9311);
#8032=AXIS2_PLACEMENT_3D('',#11458,#9313,#9314);
#8033=AXIS2_PLACEMENT_3D('',#11462,#9316,#9317);
#8034=AXIS2_PLACEMENT_3D('',#11466,#9319,#9320);
#8035=AXIS2_PLACEMENT_3D('',#11469,#9322,#9323);
#8036=AXIS2_PLACEMENT_3D('',#11474,#9325,#9326);
#8037=AXIS2_PLACEMENT_3D('',#11478,#9328,#9329);
#8038=AXIS2_PLACEMENT_3D('',#11482,#9331,#9332);
#8039=AXIS2_PLACEMENT_3D('',#11485,#9334,#9335);
#8040=AXIS2_PLACEMENT_3D('',#11486,#9336,#9337);
#8041=AXIS2_PLACEMENT_3D('',#11488,#9339,#9340);
#8042=AXIS2_PLACEMENT_3D('',#11490,#9341,#9342);
#8043=AXIS2_PLACEMENT_3D('',#11492,#9344,#9345);
#8044=AXIS2_PLACEMENT_3D('',#11494,#9347,#9348);
#8045=AXIS2_PLACEMENT_3D('',#11511,#9357,#9358);
#8046=AXIS2_PLACEMENT_3D('',#11517,#9362,#9363);
#8047=AXIS2_PLACEMENT_3D('',#11521,#9366,#9367);
#8048=AXIS2_PLACEMENT_3D('',#11527,#9371,#9372);
#8049=AXIS2_PLACEMENT_3D('',#11531,#9375,#9376);
#8050=AXIS2_PLACEMENT_3D('',#11535,#9379,#9380);
#8051=AXIS2_PLACEMENT_3D('',#11537,#9382,#9383);
#8052=AXIS2_PLACEMENT_3D('',#11543,#9387,#9388);
#8053=AXIS2_PLACEMENT_3D('',#11545,#9389,#9390);
#8054=AXIS2_PLACEMENT_3D('',#11547,#9392,#9393);
#8055=AXIS2_PLACEMENT_3D('',#11551,#9396,#9397);
#8056=AXIS2_PLACEMENT_3D('',#11553,#9398,#9399);
#8057=AXIS2_PLACEMENT_3D('',#11555,#9401,#9402);
#8058=AXIS2_PLACEMENT_3D('',#11559,#9405,#9406);
#8059=AXIS2_PLACEMENT_3D('',#11561,#9407,#9408);
#8060=AXIS2_PLACEMENT_3D('',#11563,#9410,#9411);
#8061=AXIS2_PLACEMENT_3D('',#11567,#9414,#9415);
#8062=AXIS2_PLACEMENT_3D('',#11568,#9416,#9417);
#8063=AXIS2_PLACEMENT_3D('',#11569,#9418,#9419);
#8064=AXIS2_PLACEMENT_3D('',#11598,#9434,#9435);
#8065=AXIS2_PLACEMENT_3D('',#11602,#9438,#9439);
#8066=AXIS2_PLACEMENT_3D('',#11604,#9441,#9442);
#8067=AXIS2_PLACEMENT_3D('',#11607,#9445,#9446);
#8068=AXIS2_PLACEMENT_3D('',#11609,#9448,#9449);
#8069=AXIS2_PLACEMENT_3D('',#11611,#9451,#9452);
#8070=AXIS2_PLACEMENT_3D('',#11613,#9454,#9455);
#8071=AXIS2_PLACEMENT_3D('',#11615,#9457,#9458);
#8072=AXIS2_PLACEMENT_3D('',#11617,#9460,#9461);
#8073=AXIS2_PLACEMENT_3D('',#11619,#9463,#9464);
#8074=AXIS2_PLACEMENT_3D('',#11621,#9466,#9467);
#8075=AXIS2_PLACEMENT_3D('',#11623,#9469,#9470);
#8076=AXIS2_PLACEMENT_3D('',#11625,#9472,#9473);
#8077=AXIS2_PLACEMENT_3D('',#11627,#9475,#9476);
#8078=AXIS2_PLACEMENT_3D('',#11629,#9478,#9479);
#8079=AXIS2_PLACEMENT_3D('',#11631,#9481,#9482);
#8080=AXIS2_PLACEMENT_3D('',#11632,#9483,#9484);
#8081=AXIS2_PLACEMENT_3D('',#11635,#9487,#9488);
#8082=AXIS2_PLACEMENT_3D('',#11637,#9490,#9491);
#8083=AXIS2_PLACEMENT_3D('',#11639,#9493,#9494);
#8084=AXIS2_PLACEMENT_3D('',#11641,#9496,#9497);
#8085=AXIS2_PLACEMENT_3D('',#11643,#9499,#9500);
#8086=AXIS2_PLACEMENT_3D('',#11645,#9502,#9503);
#8087=AXIS2_PLACEMENT_3D('',#11647,#9505,#9506);
#8088=AXIS2_PLACEMENT_3D('',#11649,#9508,#9509);
#8089=AXIS2_PLACEMENT_3D('',#11651,#9511,#9512);
#8090=AXIS2_PLACEMENT_3D('',#11653,#9514,#9515);
#8091=AXIS2_PLACEMENT_3D('',#11655,#9517,#9518);
#8092=AXIS2_PLACEMENT_3D('',#11656,#9519,#9520);
#8093=AXIS2_PLACEMENT_3D('',#11657,#9521,#9522);
#8094=AXIS2_PLACEMENT_3D('',#11666,#9527,#9528);
#8095=AXIS2_PLACEMENT_3D('',#11675,#9533,#9534);
#8096=AXIS2_PLACEMENT_3D('',#11681,#9538,#9539);
#8097=AXIS2_PLACEMENT_3D('',#11687,#9543,#9544);
#8098=AXIS2_PLACEMENT_3D('',#11690,#9547,#9548);
#8099=AXIS2_PLACEMENT_3D('',#11693,#9551,#9552);
#8100=AXIS2_PLACEMENT_3D('',#11699,#9556,#9557);
#8101=AXIS2_PLACEMENT_3D('',#11703,#9560,#9561);
#8102=AXIS2_PLACEMENT_3D('',#11707,#9564,#9565);
#8103=AXIS2_PLACEMENT_3D('',#11708,#9566,#9567);
#8104=AXIS2_PLACEMENT_3D('',#11714,#9571,#9572);
#8105=AXIS2_PLACEMENT_3D('',#11720,#9576,#9577);
#8106=AXIS2_PLACEMENT_3D('',#11726,#9581,#9582);
#8107=AXIS2_PLACEMENT_3D('',#11732,#9586,#9587);
#8108=AXIS2_PLACEMENT_3D('',#11735,#9590,#9591);
#8109=AXIS2_PLACEMENT_3D('',#11737,#9593,#9594);
#8110=AXIS2_PLACEMENT_3D('',#11740,#9597,#9598);
#8111=AXIS2_PLACEMENT_3D('',#11741,#9599,#9600);
#8112=AXIS2_PLACEMENT_3D('',#11742,#9601,#9602);
#8113=AXIS2_PLACEMENT_3D('',#11743,#9603,#9604);
#8114=AXIS2_PLACEMENT_3D('',#11752,#9609,#9610);
#8115=AXIS2_PLACEMENT_3D('',#11761,#9615,#9616);
#8116=AXIS2_PLACEMENT_3D('',#11767,#9620,#9621);
#8117=AXIS2_PLACEMENT_3D('',#11773,#9625,#9626);
#8118=AXIS2_PLACEMENT_3D('',#11776,#9629,#9630);
#8119=AXIS2_PLACEMENT_3D('',#11779,#9633,#9634);
#8120=AXIS2_PLACEMENT_3D('',#11785,#9638,#9639);
#8121=AXIS2_PLACEMENT_3D('',#11789,#9642,#9643);
#8122=AXIS2_PLACEMENT_3D('',#11793,#9646,#9647);
#8123=AXIS2_PLACEMENT_3D('',#11794,#9648,#9649);
#8124=AXIS2_PLACEMENT_3D('',#11800,#9653,#9654);
#8125=AXIS2_PLACEMENT_3D('',#11806,#9658,#9659);
#8126=AXIS2_PLACEMENT_3D('',#11812,#9663,#9664);
#8127=AXIS2_PLACEMENT_3D('',#11818,#9668,#9669);
#8128=AXIS2_PLACEMENT_3D('',#11821,#9672,#9673);
#8129=AXIS2_PLACEMENT_3D('',#11823,#9675,#9676);
#8130=AXIS2_PLACEMENT_3D('',#11826,#9679,#9680);
#8131=AXIS2_PLACEMENT_3D('',#11827,#9681,#9682);
#8132=AXIS2_PLACEMENT_3D('',#11828,#9683,#9684);
#8133=AXIS2_PLACEMENT_3D('',#11829,#9685,#9686);
#8134=AXIS2_PLACEMENT_3D('',#11838,#9691,#9692);
#8135=AXIS2_PLACEMENT_3D('',#11847,#9697,#9698);
#8136=AXIS2_PLACEMENT_3D('',#11853,#9702,#9703);
#8137=AXIS2_PLACEMENT_3D('',#11859,#9707,#9708);
#8138=AXIS2_PLACEMENT_3D('',#11862,#9711,#9712);
#8139=AXIS2_PLACEMENT_3D('',#11865,#9715,#9716);
#8140=AXIS2_PLACEMENT_3D('',#11871,#9720,#9721);
#8141=AXIS2_PLACEMENT_3D('',#11875,#9724,#9725);
#8142=AXIS2_PLACEMENT_3D('',#11879,#9728,#9729);
#8143=AXIS2_PLACEMENT_3D('',#11880,#9730,#9731);
#8144=AXIS2_PLACEMENT_3D('',#11886,#9735,#9736);
#8145=AXIS2_PLACEMENT_3D('',#11892,#9740,#9741);
#8146=AXIS2_PLACEMENT_3D('',#11898,#9745,#9746);
#8147=AXIS2_PLACEMENT_3D('',#11904,#9750,#9751);
#8148=AXIS2_PLACEMENT_3D('',#11907,#9754,#9755);
#8149=AXIS2_PLACEMENT_3D('',#11909,#9757,#9758);
#8150=AXIS2_PLACEMENT_3D('',#11912,#9761,#9762);
#8151=AXIS2_PLACEMENT_3D('',#11913,#9763,#9764);
#8152=AXIS2_PLACEMENT_3D('',#11914,#9765,#9766);
#8153=AXIS2_PLACEMENT_3D('',#11915,#9767,#9768);
#8154=AXIS2_PLACEMENT_3D('',#11924,#9773,#9774);
#8155=AXIS2_PLACEMENT_3D('',#11930,#9778,#9779);
#8156=AXIS2_PLACEMENT_3D('',#11940,#9785,#9786);
#8157=AXIS2_PLACEMENT_3D('',#11946,#9790,#9791);
#8158=AXIS2_PLACEMENT_3D('',#11950,#9794,#9795);
#8159=AXIS2_PLACEMENT_3D('',#11954,#9798,#9799);
#8160=AXIS2_PLACEMENT_3D('',#11958,#9802,#9803);
#8161=AXIS2_PLACEMENT_3D('',#11962,#9806,#9807);
#8162=AXIS2_PLACEMENT_3D('',#11966,#9810,#9811);
#8163=AXIS2_PLACEMENT_3D('',#11970,#9814,#9815);
#8164=AXIS2_PLACEMENT_3D('',#11972,#9817,#9818);
#8165=AXIS2_PLACEMENT_3D('',#11973,#9819,#9820);
#8166=AXIS2_PLACEMENT_3D('',#11982,#9825,#9826);
#8167=AXIS2_PLACEMENT_3D('',#11988,#9830,#9831);
#8168=AXIS2_PLACEMENT_3D('',#11997,#9836,#9837);
#8169=AXIS2_PLACEMENT_3D('',#12003,#9841,#9842);
#8170=AXIS2_PLACEMENT_3D('',#12012,#9847,#9848);
#8171=AXIS2_PLACEMENT_3D('',#12018,#9852,#9853);
#8172=AXIS2_PLACEMENT_3D('',#12027,#9858,#9859);
#8173=AXIS2_PLACEMENT_3D('',#12033,#9863,#9864);
#8174=AXIS2_PLACEMENT_3D('',#12038,#9869,#9870);
#8175=AXIS2_PLACEMENT_3D('',#12042,#9873,#9874);
#8176=AXIS2_PLACEMENT_3D('',#12046,#9877,#9878);
#8177=AXIS2_PLACEMENT_3D('',#12050,#9881,#9882);
#8178=AXIS2_PLACEMENT_3D('',#12054,#9885,#9886);
#8179=AXIS2_PLACEMENT_3D('',#12063,#9891,#9892);
#8180=AXIS2_PLACEMENT_3D('',#12070,#9896,#9897);
#8181=AXIS2_PLACEMENT_3D('',#12071,#9898,#9899);
#8182=AXIS2_PLACEMENT_3D('',#12075,#9902,#9903);
#8183=AXIS2_PLACEMENT_3D('',#12081,#9907,#9908);
#8184=AXIS2_PLACEMENT_3D('',#12086,#9911,#9912);
#8185=AXIS2_PLACEMENT_3D('',#12087,#9913,#9914);
#8186=AXIS2_PLACEMENT_3D('',#12092,#9917,#9918);
#8187=AXIS2_PLACEMENT_3D('',#12093,#9919,#9920);
#8188=AXIS2_PLACEMENT_3D('',#12095,#9922,#9923);
#8189=AXIS2_PLACEMENT_3D('',#12098,#9925,#9926);
#8190=AXIS2_PLACEMENT_3D('',#12099,#9927,#9928);
#8191=AXIS2_PLACEMENT_3D('',#12103,#9931,#9932);
#8192=AXIS2_PLACEMENT_3D('',#12105,#9934,#9935);
#8193=AXIS2_PLACEMENT_3D('',#12107,#9937,#9938);
#8194=AXIS2_PLACEMENT_3D('',#12116,#9943,#9944);
#8195=AXIS2_PLACEMENT_3D('',#12122,#9948,#9949);
#8196=AXIS2_PLACEMENT_3D('',#12128,#9953,#9954);
#8197=AXIS2_PLACEMENT_3D('',#12131,#9957,#9958);
#8198=AXIS2_PLACEMENT_3D('',#12132,#9959,#9960);
#8199=AXIS2_PLACEMENT_3D('',#12159,#9963,#9964);
#8200=AXIS2_PLACEMENT_3D('',#12161,#9965,#9966);
#8201=AXIS2_PLACEMENT_3D('',#12270,#9968,#9969);
#8202=AXIS2_PLACEMENT_3D('',#12271,#9970,#9971);
#8203=AXIS2_PLACEMENT_3D('',#12273,#9972,#9973);
#8204=AXIS2_PLACEMENT_3D('',#12292,#9976,#9977);
#8205=AXIS2_PLACEMENT_3D('',#12294,#9978,#9979);
#8206=AXIS2_PLACEMENT_3D('',#12295,#9980,#9981);
#8207=AXIS2_PLACEMENT_3D('',#12297,#9983,#9984);
#8208=AXIS2_PLACEMENT_3D('',#12299,#9985,#9986);
#8209=AXIS2_PLACEMENT_3D('',#12302,#9988,#9989);
#8210=AXIS2_PLACEMENT_3D('',#12303,#9990,#9991);
#8211=AXIS2_PLACEMENT_3D('',#12304,#9992,#9993);
#8212=AXIS2_PLACEMENT_3D('',#12406,#9995,#9996);
#8213=AXIS2_PLACEMENT_3D('',#12449,#9999,#10000);
#8214=AXIS2_PLACEMENT_3D('',#12458,#10005,#10006);
#8215=AXIS2_PLACEMENT_3D('',#12464,#10010,#10011);
#8216=AXIS2_PLACEMENT_3D('',#12470,#10015,#10016);
#8217=AXIS2_PLACEMENT_3D('',#12473,#10019,#10020);
#8218=AXIS2_PLACEMENT_3D('',#12474,#10021,#10022);
#8219=AXIS2_PLACEMENT_3D('',#12475,#10023,#10024);
#8220=AXIS2_PLACEMENT_3D('',#12477,#10025,#10026);
#8221=AXIS2_PLACEMENT_3D('',#12480,#10028,#10029);
#8222=AXIS2_PLACEMENT_3D('',#12481,#10030,#10031);
#8223=AXIS2_PLACEMENT_3D('',#12483,#10032,#10033);
#8224=AXIS2_PLACEMENT_3D('',#12486,#10035,#10036);
#8225=AXIS2_PLACEMENT_3D('',#12487,#10037,#10038);
#8226=AXIS2_PLACEMENT_3D('',#12489,#10039,#10040);
#8227=AXIS2_PLACEMENT_3D('',#12492,#10042,#10043);
#8228=AXIS2_PLACEMENT_3D('',#12493,#10044,#10045);
#8229=AXIS2_PLACEMENT_3D('',#12495,#10046,#10047);
#8230=AXIS2_PLACEMENT_3D('',#12498,#10049,#10050);
#8231=AXIS2_PLACEMENT_3D('',#12499,#10051,#10052);
#8232=AXIS2_PLACEMENT_3D('',#12508,#10057,#10058);
#8233=AXIS2_PLACEMENT_3D('',#12510,#10059,#10060);
#8234=AXIS2_PLACEMENT_3D('',#12513,#10062,#10063);
#8235=AXIS2_PLACEMENT_3D('',#12514,#10064,#10065);
#8236=AXIS2_PLACEMENT_3D('',#12520,#10069,#10070);
#8237=AXIS2_PLACEMENT_3D('',#12522,#10071,#10072);
#8238=AXIS2_PLACEMENT_3D('',#12525,#10074,#10075);
#8239=AXIS2_PLACEMENT_3D('',#12526,#10076,#10077);
#8240=AXIS2_PLACEMENT_3D('',#12532,#10081,#10082);
#8241=AXIS2_PLACEMENT_3D('',#12534,#10083,#10084);
#8242=AXIS2_PLACEMENT_3D('',#12537,#10086,#10087);
#8243=AXIS2_PLACEMENT_3D('',#12538,#10088,#10089);
#8244=AXIS2_PLACEMENT_3D('',#12540,#10090,#10091);
#8245=AXIS2_PLACEMENT_3D('',#12543,#10093,#10094);
#8246=AXIS2_PLACEMENT_3D('',#12544,#10095,#10096);
#8247=AXIS2_PLACEMENT_3D('',#12550,#10100,#10101);
#8248=AXIS2_PLACEMENT_3D('',#12551,#10102,#10103);
#8249=AXIS2_PLACEMENT_3D('',#12552,#10104,#10105);
#8250=AXIS2_PLACEMENT_3D('',#12553,#10106,#10107);
#8251=AXIS2_PLACEMENT_3D('',#12555,#10108,#10109);
#8252=AXIS2_PLACEMENT_3D('',#12558,#10111,#10112);
#8253=AXIS2_PLACEMENT_3D('',#12559,#10113,#10114);
#8254=AXIS2_PLACEMENT_3D('',#12561,#10115,#10116);
#8255=AXIS2_PLACEMENT_3D('',#12564,#10118,#10119);
#8256=AXIS2_PLACEMENT_3D('',#12565,#10120,#10121);
#8257=AXIS2_PLACEMENT_3D('',#12567,#10122,#10123);
#8258=AXIS2_PLACEMENT_3D('',#12570,#10125,#10126);
#8259=AXIS2_PLACEMENT_3D('',#12571,#10127,#10128);
#8260=AXIS2_PLACEMENT_3D('',#12573,#10129,#10130);
#8261=AXIS2_PLACEMENT_3D('',#12576,#10132,#10133);
#8262=AXIS2_PLACEMENT_3D('',#12577,#10134,#10135);
#8263=AXIS2_PLACEMENT_3D('',#12586,#10140,#10141);
#8264=AXIS2_PLACEMENT_3D('',#12595,#10146,#10147);
#8265=AXIS2_PLACEMENT_3D('',#12598,#10150,#10151);
#8266=AXIS2_PLACEMENT_3D('',#12600,#10153,#10154);
#8267=AXIS2_PLACEMENT_3D('',#12602,#10156,#10157);
#8268=AXIS2_PLACEMENT_3D('',#12603,#10158,#10159);
#8269=AXIS2_PLACEMENT_3D('',#12612,#10164,#10165);
#8270=AXIS2_PLACEMENT_3D('',#12621,#10170,#10171);
#8271=AXIS2_PLACEMENT_3D('',#12627,#10175,#10176);
#8272=AXIS2_PLACEMENT_3D('',#12633,#10180,#10181);
#8273=AXIS2_PLACEMENT_3D('',#12639,#10185,#10186);
#8274=AXIS2_PLACEMENT_3D('',#12642,#10189,#10190);
#8275=AXIS2_PLACEMENT_3D('',#12648,#10194,#10195);
#8276=AXIS2_PLACEMENT_3D('',#12651,#10198,#10199);
#8277=AXIS2_PLACEMENT_3D('',#12660,#10204,#10205);
#8278=AXIS2_PLACEMENT_3D('',#12669,#10210,#10211);
#8279=AXIS2_PLACEMENT_3D('',#12675,#10215,#10216);
#8280=AXIS2_PLACEMENT_3D('',#12681,#10220,#10221);
#8281=AXIS2_PLACEMENT_3D('',#12687,#10225,#10226);
#8282=AXIS2_PLACEMENT_3D('',#12690,#10229,#10230);
#8283=AXIS2_PLACEMENT_3D('',#12696,#10234,#10235);
#8284=AXIS2_PLACEMENT_3D('',#12699,#10238,#10239);
#8285=AXIS2_PLACEMENT_3D('',#12702,#10240,#10241);
#8286=AXIS2_PLACEMENT_3D('',#12712,#10246,#10247);
#8287=AXIS2_PLACEMENT_3D('',#12716,#10249,#10250);
#8288=AXIS2_PLACEMENT_3D('',#12718,#10252,#10253);
#8289=AXIS2_PLACEMENT_3D('',#12721,#10254,#10255);
#8290=AXIS2_PLACEMENT_3D('',#12725,#10257,#10258);
#8291=AXIS2_PLACEMENT_3D('',#12727,#10260,#10261);
#8292=AXIS2_PLACEMENT_3D('',#12729,#10262,#10263);
#8293=AXIS2_PLACEMENT_3D('',#12732,#10265,#10266);
#8294=AXIS2_PLACEMENT_3D('',#12733,#10267,#10268);
#8295=AXIS2_PLACEMENT_3D('',#12739,#10272,#10273);
#8296=AXIS2_PLACEMENT_3D('',#12741,#10274,#10275);
#8297=AXIS2_PLACEMENT_3D('',#12744,#10277,#10278);
#8298=AXIS2_PLACEMENT_3D('',#12745,#10279,#10280);
#8299=AXIS2_PLACEMENT_3D('',#12751,#10284,#10285);
#8300=AXIS2_PLACEMENT_3D('',#12752,#10286,#10287);
#8301=AXIS2_PLACEMENT_3D('',#12756,#10289,#10290);
#8302=AXIS2_PLACEMENT_3D('',#12758,#10292,#10293);
#8303=AXIS2_PLACEMENT_3D('',#12762,#10296,#10297);
#8304=AXIS2_PLACEMENT_3D('',#12765,#10299,#10300);
#8305=AXIS2_PLACEMENT_3D('',#12766,#10301,#10302);
#8306=AXIS2_PLACEMENT_3D('',#12770,#10305,#10306);
#8307=AXIS2_PLACEMENT_3D('',#12776,#10310,#10311);
#8308=AXIS2_PLACEMENT_3D('',#12778,#10312,#10313);
#8309=AXIS2_PLACEMENT_3D('',#12780,#10315,#10316);
#8310=AXIS2_PLACEMENT_3D('',#12782,#10318,#10319);
#8311=AXIS2_PLACEMENT_3D('',#12785,#10320,#10321);
#8312=AXIS2_PLACEMENT_3D('',#12790,#10324,#10325);
#8313=AXIS2_PLACEMENT_3D('',#12792,#10327,#10328);
#8314=AXIS2_PLACEMENT_3D('',#12796,#10331,#10332);
#8315=AXIS2_PLACEMENT_3D('',#12798,#10333,#10334);
#8316=AXIS2_PLACEMENT_3D('',#12800,#10336,#10337);
#8317=AXIS2_PLACEMENT_3D('',#12803,#10338,#10339);
#8318=AXIS2_PLACEMENT_3D('',#12807,#10342,#10343);
#8319=AXIS2_PLACEMENT_3D('',#12809,#10344,#10345);
#8320=AXIS2_PLACEMENT_3D('',#12811,#10346,#10347);
#8321=AXIS2_PLACEMENT_3D('',#12813,#10349,#10350);
#8322=AXIS2_PLACEMENT_3D('',#12815,#10352,#10353);
#8323=AXIS2_PLACEMENT_3D('',#12817,#10355,#10356);
#8324=AXIS2_PLACEMENT_3D('',#12819,#10357,#10358);
#8325=AXIS2_PLACEMENT_3D('',#12820,#10359,#10360);
#8326=AXIS2_PLACEMENT_3D('',#12822,#10362,#10363);
#8327=AXIS2_PLACEMENT_3D('',#12824,#10364,#10365);
#8328=AXIS2_PLACEMENT_3D('',#12825,#10366,#10367);
#8329=AXIS2_PLACEMENT_3D('',#12827,#10369,#10370);
#8330=AXIS2_PLACEMENT_3D('',#12829,#10371,#10372);
#8331=AXIS2_PLACEMENT_3D('',#12830,#10373,#10374);
#8332=AXIS2_PLACEMENT_3D('',#12832,#10376,#10377);
#8333=AXIS2_PLACEMENT_3D('',#12837,#10379,#10380);
#8334=AXIS2_PLACEMENT_3D('',#12848,#10386,#10387);
#8335=AXIS2_PLACEMENT_3D('',#12849,#10388,#10389);
#8336=AXIS2_PLACEMENT_3D('',#12854,#10391,#10392);
#8337=AXIS2_PLACEMENT_3D('',#12865,#10398,#10399);
#8338=AXIS2_PLACEMENT_3D('',#12866,#10400,#10401);
#8339=AXIS2_PLACEMENT_3D('',#12869,#10404,#10405);
#8340=AXIS2_PLACEMENT_3D('',#12871,#10407,#10408);
#8341=AXIS2_PLACEMENT_3D('',#12873,#10410,#10411);
#8342=AXIS2_PLACEMENT_3D('',#12875,#10413,#10414);
#8343=AXIS2_PLACEMENT_3D('',#12877,#10416,#10417);
#8344=AXIS2_PLACEMENT_3D('',#12879,#10419,#10420);
#8345=AXIS2_PLACEMENT_3D('',#12881,#10422,#10423);
#8346=AXIS2_PLACEMENT_3D('',#12882,#10424,#10425);
#8347=AXIS2_PLACEMENT_3D('',#12883,#10426,#10427);
#8348=DIRECTION('axis',(0.,0.,1.));
#8349=DIRECTION('refdir',(1.,0.,0.));
#8350=DIRECTION('axis',(0.,0.,1.));
#8351=DIRECTION('refdir',(1.,0.,0.));
#8352=DIRECTION('axis',(0.,0.,1.));
#8353=DIRECTION('refdir',(1.,0.,0.));
#8354=DIRECTION('center_axis',(-1.,0.,0.));
#8355=DIRECTION('ref_axis',(0.,0.,1.));
#8356=DIRECTION('',(0.,1.,0.));
#8357=DIRECTION('',(0.,0.,-1.));
#8358=DIRECTION('',(0.,1.,0.));
#8359=DIRECTION('',(0.,0.,-1.));
#8360=DIRECTION('center_axis',(0.,1.,0.));
#8361=DIRECTION('ref_axis',(0.,0.,1.));
#8362=DIRECTION('',(1.,0.,0.));
#8363=DIRECTION('',(0.,0.,-1.));
#8364=DIRECTION('',(1.,0.,0.));
#8365=DIRECTION('center_axis',(1.,0.,0.));
#8366=DIRECTION('ref_axis',(0.,0.,-1.));
#8367=DIRECTION('',(0.,-1.,0.));
#8368=DIRECTION('',(0.,0.,-1.));
#8369=DIRECTION('',(0.,-1.,0.));
#8370=DIRECTION('center_axis',(0.,1.,0.));
#8371=DIRECTION('ref_axis',(0.,0.,1.));
#8372=DIRECTION('',(1.,0.,0.));
#8373=DIRECTION('',(0.,0.,-1.));
#8374=DIRECTION('',(1.,0.,0.));
#8375=DIRECTION('',(0.,0.,-1.));
#8376=DIRECTION('center_axis',(1.,0.,0.));
#8377=DIRECTION('ref_axis',(0.,0.,-1.));
#8378=DIRECTION('',(0.,-1.,0.));
#8379=DIRECTION('',(0.,0.,-1.));
#8380=DIRECTION('',(0.,-1.,0.));
#8381=DIRECTION('center_axis',(0.,-1.,0.));
#8382=DIRECTION('ref_axis',(0.,0.,-1.));
#8383=DIRECTION('',(-1.,0.,0.));
#8384=DIRECTION('',(0.,0.,-1.));
#8385=DIRECTION('',(-1.,0.,0.));
#8386=DIRECTION('center_axis',(-1.,0.,0.));
#8387=DIRECTION('ref_axis',(0.,0.,1.));
#8388=DIRECTION('',(0.,1.,0.));
#8389=DIRECTION('',(0.,0.,-1.));
#8390=DIRECTION('',(0.,1.,0.));
#8391=DIRECTION('',(0.,0.,-1.));
#8392=DIRECTION('center_axis',(0.,-1.,0.));
#8393=DIRECTION('ref_axis',(0.,0.,-1.));
#8394=DIRECTION('',(-1.,0.,0.));
#8395=DIRECTION('',(0.,0.,-1.));
#8396=DIRECTION('',(-1.,0.,0.));
#8397=DIRECTION('center_axis',(1.,0.,0.));
#8398=DIRECTION('ref_axis',(0.,0.,-1.));
#8399=DIRECTION('',(0.,-1.,0.));
#8400=DIRECTION('',(0.,0.,-1.));
#8401=DIRECTION('',(0.,-1.,0.));
#8402=DIRECTION('center_axis',(0.,-1.,0.));
#8403=DIRECTION('ref_axis',(0.,0.,-1.));
#8404=DIRECTION('',(-1.,0.,0.));
#8405=DIRECTION('',(0.,0.,-1.));
#8406=DIRECTION('',(-1.,0.,0.));
#8407=DIRECTION('',(0.,0.,-1.));
#8408=DIRECTION('center_axis',(-1.,0.,0.));
#8409=DIRECTION('ref_axis',(0.,0.,1.));
#8410=DIRECTION('',(0.,1.,0.));
#8411=DIRECTION('',(0.,0.,-1.));
#8412=DIRECTION('',(0.,1.,0.));
#8413=DIRECTION('center_axis',(0.,1.,0.));
#8414=DIRECTION('ref_axis',(0.,0.,1.));
#8415=DIRECTION('',(1.,0.,0.));
#8416=DIRECTION('',(0.,0.,-1.));
#8417=DIRECTION('',(1.,0.,0.));
#8418=DIRECTION('center_axis',(0.,-1.,0.));
#8419=DIRECTION('ref_axis',(0.,0.,-1.));
#8420=DIRECTION('',(-1.,0.,0.));
#8421=DIRECTION('',(0.,0.,-1.));
#8422=DIRECTION('',(-1.,0.,0.));
#8423=DIRECTION('',(0.,0.,-1.));
#8424=DIRECTION('center_axis',(-1.,0.,0.));
#8425=DIRECTION('ref_axis',(0.,0.,1.));
#8426=DIRECTION('',(0.,1.,0.));
#8427=DIRECTION('',(0.,0.,-1.));
#8428=DIRECTION('',(0.,1.,0.));
#8429=DIRECTION('center_axis',(0.,1.,0.));
#8430=DIRECTION('ref_axis',(0.,0.,1.));
#8431=DIRECTION('',(1.,0.,0.));
#8432=DIRECTION('',(0.,0.,-1.));
#8433=DIRECTION('',(1.,0.,0.));
#8434=DIRECTION('center_axis',(0.,-1.,0.));
#8435=DIRECTION('ref_axis',(0.,0.,-1.));
#8436=DIRECTION('',(-1.,0.,0.));
#8437=DIRECTION('',(0.,0.,-1.));
#8438=DIRECTION('',(-1.,0.,0.));
#8439=DIRECTION('',(0.,0.,-1.));
#8440=DIRECTION('center_axis',(-1.,0.,0.));
#8441=DIRECTION('ref_axis',(0.,0.,1.));
#8442=DIRECTION('',(0.,1.,0.));
#8443=DIRECTION('',(0.,0.,-1.));
#8444=DIRECTION('',(0.,1.,0.));
#8445=DIRECTION('center_axis',(0.,1.,0.));
#8446=DIRECTION('ref_axis',(0.,0.,1.));
#8447=DIRECTION('',(1.,0.,0.));
#8448=DIRECTION('',(0.,0.,-1.));
#8449=DIRECTION('',(1.,0.,0.));
#8450=DIRECTION('center_axis',(-1.,0.,0.));
#8451=DIRECTION('ref_axis',(0.,0.,1.));
#8452=DIRECTION('',(0.,1.,0.));
#8453=DIRECTION('',(0.,1.,0.));
#8454=DIRECTION('center_axis',(0.,1.,0.));
#8455=DIRECTION('ref_axis',(0.,0.,1.));
#8456=DIRECTION('',(1.,0.,0.));
#8457=DIRECTION('',(1.,0.,0.));
#8458=DIRECTION('center_axis',(0.,0.,-1.));
#8459=DIRECTION('ref_axis',(-1.,0.,0.));
#8460=DIRECTION('center_axis',(0.,0.,-1.));
#8461=DIRECTION('ref_axis',(1.,0.,0.));
#8462=DIRECTION('',(0.,0.,-1.));
#8463=DIRECTION('center_axis',(0.,0.,-1.));
#8464=DIRECTION('ref_axis',(1.,0.,0.));
#8465=DIRECTION('center_axis',(0.,0.,-1.));
#8466=DIRECTION('ref_axis',(-1.,0.,0.));
#8467=DIRECTION('center_axis',(0.,0.,-1.));
#8468=DIRECTION('ref_axis',(1.,0.,0.));
#8469=DIRECTION('',(0.,0.,-1.));
#8470=DIRECTION('center_axis',(0.,0.,-1.));
#8471=DIRECTION('ref_axis',(1.,0.,0.));
#8472=DIRECTION('center_axis',(1.,0.,0.));
#8473=DIRECTION('ref_axis',(0.,0.,-1.));
#8474=DIRECTION('',(0.,-1.,0.));
#8475=DIRECTION('',(0.,-1.,0.));
#8476=DIRECTION('center_axis',(1.,0.,0.));
#8477=DIRECTION('ref_axis',(0.,0.,-1.));
#8478=DIRECTION('',(0.,-1.,0.));
#8479=DIRECTION('',(0.,-1.,0.));
#8480=DIRECTION('center_axis',(1.,0.,0.));
#8481=DIRECTION('ref_axis',(0.,0.,-1.));
#8482=DIRECTION('',(0.,-1.,0.));
#8483=DIRECTION('',(0.,-1.,0.));
#8484=DIRECTION('center_axis',(0.,0.,-1.));
#8485=DIRECTION('ref_axis',(-1.,0.,0.));
#8486=DIRECTION('center_axis',(0.,0.,-1.));
#8487=DIRECTION('ref_axis',(1.,0.,0.));
#8488=DIRECTION('',(0.,0.,-1.));
#8489=DIRECTION('center_axis',(0.,0.,-1.));
#8490=DIRECTION('ref_axis',(1.,0.,0.));
#8491=DIRECTION('center_axis',(0.,0.,-1.));
#8492=DIRECTION('ref_axis',(-1.,0.,0.));
#8493=DIRECTION('center_axis',(0.,0.,-1.));
#8494=DIRECTION('ref_axis',(1.,0.,0.));
#8495=DIRECTION('',(0.,0.,-1.));
#8496=DIRECTION('center_axis',(0.,0.,-1.));
#8497=DIRECTION('ref_axis',(1.,0.,0.));
#8498=DIRECTION('center_axis',(0.,-1.,0.));
#8499=DIRECTION('ref_axis',(0.,0.,-1.));
#8500=DIRECTION('',(-1.,0.,0.));
#8501=DIRECTION('',(-1.,0.,0.));
#8502=DIRECTION('center_axis',(0.,0.,1.));
#8503=DIRECTION('ref_axis',(1.,0.,0.));
#8504=DIRECTION('center_axis',(0.,0.,1.));
#8505=DIRECTION('ref_axis',(1.,0.,0.));
#8506=DIRECTION('axis',(0.,0.,1.));
#8507=DIRECTION('refdir',(1.,0.,0.));
#8508=DIRECTION('center_axis',(-1.,0.,0.));
#8509=DIRECTION('ref_axis',(0.,0.,1.));
#8510=DIRECTION('',(0.,-1.,0.));
#8511=DIRECTION('',(0.,0.,1.));
#8512=DIRECTION('',(0.,-1.,0.));
#8513=DIRECTION('',(0.,0.,1.));
#8514=DIRECTION('center_axis',(-1.,0.,0.));
#8515=DIRECTION('ref_axis',(0.,0.,1.));
#8516=DIRECTION('',(0.,-1.,0.));
#8517=DIRECTION('',(0.,0.,1.));
#8518=DIRECTION('',(0.,-1.,0.));
#8519=DIRECTION('',(0.,0.,1.));
#8520=DIRECTION('center_axis',(-1.,0.,0.));
#8521=DIRECTION('ref_axis',(0.,0.,1.));
#8522=DIRECTION('',(0.,-1.,0.));
#8523=DIRECTION('',(0.,0.,1.));
#8524=DIRECTION('',(0.,-1.,0.));
#8525=DIRECTION('',(0.,0.,1.));
#8526=DIRECTION('center_axis',(-1.,0.,0.));
#8527=DIRECTION('ref_axis',(0.,0.,1.));
#8528=DIRECTION('',(0.,-1.,0.));
#8529=DIRECTION('',(0.,0.,1.));
#8530=DIRECTION('',(0.,-1.,0.));
#8531=DIRECTION('',(0.,0.,1.));
#8532=DIRECTION('center_axis',(1.,0.,0.));
#8533=DIRECTION('ref_axis',(0.,0.,-1.));
#8534=DIRECTION('',(0.,1.,0.));
#8535=DIRECTION('',(0.,0.,1.));
#8536=DIRECTION('',(0.,1.,0.));
#8537=DIRECTION('',(0.,0.,1.));
#8538=DIRECTION('center_axis',(1.,0.,0.));
#8539=DIRECTION('ref_axis',(0.,0.,-1.));
#8540=DIRECTION('',(0.,1.,0.));
#8541=DIRECTION('',(0.,0.,1.));
#8542=DIRECTION('',(0.,1.,0.));
#8543=DIRECTION('',(0.,0.,1.));
#8544=DIRECTION('center_axis',(0.,0.,1.));
#8545=DIRECTION('ref_axis',(1.,0.,0.));
#8546=DIRECTION('',(0.,1.,0.));
#8547=DIRECTION('center_axis',(0.,0.,1.));
#8548=DIRECTION('ref_axis',(1.,0.,0.));
#8549=DIRECTION('',(-1.,0.,0.));
#8550=DIRECTION('center_axis',(0.,0.,1.));
#8551=DIRECTION('ref_axis',(1.,0.,0.));
#8552=DIRECTION('center_axis',(0.,0.,1.));
#8553=DIRECTION('ref_axis',(1.,0.,0.));
#8554=DIRECTION('',(-0.707106781186548,0.707106781186547,0.));
#8555=DIRECTION('center_axis',(0.,0.,1.));
#8556=DIRECTION('ref_axis',(1.,0.,0.));
#8557=DIRECTION('',(0.707106781186548,0.707106781186547,0.));
#8558=DIRECTION('center_axis',(0.,0.,1.));
#8559=DIRECTION('ref_axis',(1.,0.,0.));
#8560=DIRECTION('center_axis',(0.,0.,1.));
#8561=DIRECTION('ref_axis',(1.,0.,0.));
#8562=DIRECTION('',(-0.707106781186548,0.707106781186547,0.));
#8563=DIRECTION('center_axis',(0.,0.,1.));
#8564=DIRECTION('ref_axis',(1.,0.,0.));
#8565=DIRECTION('',(0.707106781186548,0.707106781186547,0.));
#8566=DIRECTION('center_axis',(0.,0.,1.));
#8567=DIRECTION('ref_axis',(1.,0.,0.));
#8568=DIRECTION('center_axis',(0.,0.,1.));
#8569=DIRECTION('ref_axis',(1.,0.,0.));
#8570=DIRECTION('',(-0.707106781186548,0.707106781186547,0.));
#8571=DIRECTION('center_axis',(0.,0.,1.));
#8572=DIRECTION('ref_axis',(1.,0.,0.));
#8573=DIRECTION('',(0.707106781186548,0.707106781186547,0.));
#8574=DIRECTION('center_axis',(0.,0.,1.));
#8575=DIRECTION('ref_axis',(1.,0.,0.));
#8576=DIRECTION('center_axis',(0.,0.,1.));
#8577=DIRECTION('ref_axis',(1.,0.,0.));
#8578=DIRECTION('',(-0.707106781186548,0.707106781186547,0.));
#8579=DIRECTION('center_axis',(0.,0.,1.));
#8580=DIRECTION('ref_axis',(1.,0.,0.));
#8581=DIRECTION('',(0.707106781186548,0.707106781186547,0.));
#8582=DIRECTION('center_axis',(0.,0.,1.));
#8583=DIRECTION('ref_axis',(1.,0.,0.));
#8584=DIRECTION('',(0.,-1.,0.));
#8585=DIRECTION('center_axis',(0.,0.,1.));
#8586=DIRECTION('ref_axis',(1.,0.,0.));
#8587=DIRECTION('',(1.,0.,0.));
#8588=DIRECTION('center_axis',(0.,0.,1.));
#8589=DIRECTION('ref_axis',(1.,0.,0.));
#8590=DIRECTION('center_axis',(0.,0.,1.));
#8591=DIRECTION('ref_axis',(1.,0.,0.));
#8592=DIRECTION('',(0.707106781186548,-0.707106781186547,0.));
#8593=DIRECTION('center_axis',(0.,0.,1.));
#8594=DIRECTION('ref_axis',(1.,0.,0.));
#8595=DIRECTION('',(-0.707106781186548,-0.707106781186547,0.));
#8596=DIRECTION('center_axis',(0.,0.,1.));
#8597=DIRECTION('ref_axis',(1.,0.,0.));
#8598=DIRECTION('center_axis',(0.,0.,1.));
#8599=DIRECTION('ref_axis',(1.,0.,0.));
#8600=DIRECTION('',(-0.707106781186548,0.707106781186547,0.));
#8601=DIRECTION('center_axis',(0.,0.,1.));
#8602=DIRECTION('ref_axis',(1.,0.,0.));
#8603=DIRECTION('',(0.707106781186548,0.707106781186547,0.));
#8604=DIRECTION('center_axis',(0.,0.,1.));
#8605=DIRECTION('ref_axis',(1.,0.,0.));
#8606=DIRECTION('',(0.,1.,0.));
#8607=DIRECTION('center_axis',(0.,0.,1.));
#8608=DIRECTION('ref_axis',(1.,0.,0.));
#8609=DIRECTION('',(0.707106781186548,-0.707106781186547,0.));
#8610=DIRECTION('center_axis',(0.,0.,1.));
#8611=DIRECTION('ref_axis',(1.,0.,0.));
#8612=DIRECTION('',(-0.707106781186548,-0.707106781186547,0.));
#8613=DIRECTION('center_axis',(0.,0.,1.));
#8614=DIRECTION('ref_axis',(1.,0.,0.));
#8615=DIRECTION('',(0.,1.,0.));
#8616=DIRECTION('center_axis',(0.,0.,1.));
#8617=DIRECTION('ref_axis',(1.,0.,0.));
#8618=DIRECTION('',(-0.707106781186548,0.707106781186547,0.));
#8619=DIRECTION('center_axis',(0.,0.,1.));
#8620=DIRECTION('ref_axis',(1.,0.,0.));
#8621=DIRECTION('',(0.707106781186548,0.707106781186547,0.));
#8622=DIRECTION('center_axis',(0.,0.,1.));
#8623=DIRECTION('ref_axis',(1.,0.,0.));
#8624=DIRECTION('',(0.,1.,0.));
#8625=DIRECTION('',(1.,0.,0.));
#8626=DIRECTION('',(0.,-1.,0.));
#8627=DIRECTION('',(-1.,0.,0.));
#8628=DIRECTION('',(-1.,0.,0.));
#8629=DIRECTION('',(0.,1.,0.));
#8630=DIRECTION('',(1.,0.,0.));
#8631=DIRECTION('',(0.,-1.,0.));
#8632=DIRECTION('',(-1.,0.,0.));
#8633=DIRECTION('',(0.,1.,0.));
#8634=DIRECTION('',(1.,0.,0.));
#8635=DIRECTION('',(0.,-1.,0.));
#8636=DIRECTION('',(-1.,0.,0.));
#8637=DIRECTION('',(0.,1.,0.));
#8638=DIRECTION('',(1.,0.,0.));
#8639=DIRECTION('',(0.,-1.,0.));
#8640=DIRECTION('',(-1.,0.,0.));
#8641=DIRECTION('',(0.,1.,0.));
#8642=DIRECTION('',(1.,0.,0.));
#8643=DIRECTION('',(0.,-1.,0.));
#8644=DIRECTION('center_axis',(0.,0.,1.));
#8645=DIRECTION('ref_axis',(1.,0.,0.));
#8646=DIRECTION('',(-1.,0.,0.));
#8647=DIRECTION('center_axis',(0.,0.,1.));
#8648=DIRECTION('ref_axis',(1.,0.,0.));
#8649=DIRECTION('',(0.,1.,0.));
#8650=DIRECTION('center_axis',(0.,0.,1.));
#8651=DIRECTION('ref_axis',(1.,0.,0.));
#8652=DIRECTION('',(0.707106781186548,0.707106781186547,0.));
#8653=DIRECTION('center_axis',(0.,0.,1.));
#8654=DIRECTION('ref_axis',(1.,0.,0.));
#8655=DIRECTION('',(-0.707106781186548,0.707106781186547,0.));
#8656=DIRECTION('center_axis',(0.,0.,1.));
#8657=DIRECTION('ref_axis',(1.,0.,0.));
#8658=DIRECTION('',(0.,1.,0.));
#8659=DIRECTION('center_axis',(0.,0.,1.));
#8660=DIRECTION('ref_axis',(1.,0.,0.));
#8661=DIRECTION('',(-0.707106781186548,-0.707106781186547,0.));
#8662=DIRECTION('center_axis',(0.,0.,1.));
#8663=DIRECTION('ref_axis',(1.,0.,0.));
#8664=DIRECTION('',(0.707106781186548,-0.707106781186547,0.));
#8665=DIRECTION('center_axis',(0.,0.,1.));
#8666=DIRECTION('ref_axis',(1.,0.,0.));
#8667=DIRECTION('',(0.,1.,0.));
#8668=DIRECTION('center_axis',(0.,0.,1.));
#8669=DIRECTION('ref_axis',(1.,0.,0.));
#8670=DIRECTION('',(0.707106781186548,0.707106781186547,0.));
#8671=DIRECTION('center_axis',(0.,0.,1.));
#8672=DIRECTION('ref_axis',(1.,0.,0.));
#8673=DIRECTION('',(-0.707106781186548,0.707106781186547,0.));
#8674=DIRECTION('center_axis',(0.,0.,1.));
#8675=DIRECTION('ref_axis',(1.,0.,0.));
#8676=DIRECTION('center_axis',(0.,0.,1.));
#8677=DIRECTION('ref_axis',(1.,0.,0.));
#8678=DIRECTION('',(-0.707106781186548,-0.707106781186547,0.));
#8679=DIRECTION('center_axis',(0.,0.,1.));
#8680=DIRECTION('ref_axis',(1.,0.,0.));
#8681=DIRECTION('',(0.707106781186548,-0.707106781186547,0.));
#8682=DIRECTION('center_axis',(0.,0.,1.));
#8683=DIRECTION('ref_axis',(1.,0.,0.));
#8684=DIRECTION('center_axis',(0.,0.,1.));
#8685=DIRECTION('ref_axis',(1.,0.,0.));
#8686=DIRECTION('',(1.,0.,0.));
#8687=DIRECTION('center_axis',(0.,0.,1.));
#8688=DIRECTION('ref_axis',(1.,0.,0.));
#8689=DIRECTION('',(0.,-1.,0.));
#8690=DIRECTION('center_axis',(0.,0.,1.));
#8691=DIRECTION('ref_axis',(1.,0.,0.));
#8692=DIRECTION('',(0.707106781186548,0.707106781186547,0.));
#8693=DIRECTION('center_axis',(0.,0.,1.));
#8694=DIRECTION('ref_axis',(1.,0.,0.));
#8695=DIRECTION('',(-0.707106781186548,0.707106781186547,0.));
#8696=DIRECTION('center_axis',(0.,0.,1.));
#8697=DIRECTION('ref_axis',(1.,0.,0.));
#8698=DIRECTION('center_axis',(0.,0.,1.));
#8699=DIRECTION('ref_axis',(1.,0.,0.));
#8700=DIRECTION('',(0.707106781186548,0.707106781186547,0.));
#8701=DIRECTION('center_axis',(0.,0.,1.));
#8702=DIRECTION('ref_axis',(1.,0.,0.));
#8703=DIRECTION('',(-0.707106781186548,0.707106781186547,0.));
#8704=DIRECTION('center_axis',(0.,0.,1.));
#8705=DIRECTION('ref_axis',(1.,0.,0.));
#8706=DIRECTION('center_axis',(0.,0.,1.));
#8707=DIRECTION('ref_axis',(1.,0.,0.));
#8708=DIRECTION('',(0.707106781186548,0.707106781186547,0.));
#8709=DIRECTION('center_axis',(0.,0.,1.));
#8710=DIRECTION('ref_axis',(1.,0.,0.));
#8711=DIRECTION('',(-0.707106781186548,0.707106781186547,0.));
#8712=DIRECTION('center_axis',(0.,0.,1.));
#8713=DIRECTION('ref_axis',(1.,0.,0.));
#8714=DIRECTION('center_axis',(0.,0.,1.));
#8715=DIRECTION('ref_axis',(1.,0.,0.));
#8716=DIRECTION('',(0.707106781186548,0.707106781186547,0.));
#8717=DIRECTION('center_axis',(0.,0.,1.));
#8718=DIRECTION('ref_axis',(1.,0.,0.));
#8719=DIRECTION('',(-0.707106781186548,0.707106781186547,0.));
#8720=DIRECTION('center_axis',(0.,0.,1.));
#8721=DIRECTION('ref_axis',(1.,0.,0.));
#8722=DIRECTION('center_axis',(0.,0.,1.));
#8723=DIRECTION('ref_axis',(1.,0.,0.));
#8724=DIRECTION('',(0.,1.,0.));
#8725=DIRECTION('',(-1.,0.,0.));
#8726=DIRECTION('',(0.,-1.,0.));
#8727=DIRECTION('',(1.,0.,0.));
#8728=DIRECTION('',(-1.,0.,0.));
#8729=DIRECTION('',(0.,-1.,0.));
#8730=DIRECTION('',(1.,0.,0.));
#8731=DIRECTION('',(0.,1.,0.));
#8732=DIRECTION('',(-1.,0.,0.));
#8733=DIRECTION('',(0.,-1.,0.));
#8734=DIRECTION('',(1.,0.,0.));
#8735=DIRECTION('',(0.,1.,0.));
#8736=DIRECTION('',(-1.,0.,0.));
#8737=DIRECTION('',(0.,-1.,0.));
#8738=DIRECTION('',(1.,0.,0.));
#8739=DIRECTION('',(0.,1.,0.));
#8740=DIRECTION('',(-1.,0.,0.));
#8741=DIRECTION('',(0.,-1.,0.));
#8742=DIRECTION('',(1.,0.,0.));
#8743=DIRECTION('',(0.,1.,0.));
#8744=DIRECTION('center_axis',(1.,0.,0.));
#8745=DIRECTION('ref_axis',(0.,0.,-1.));
#8746=DIRECTION('',(0.,0.,1.));
#8747=DIRECTION('',(0.,0.,1.));
#8748=DIRECTION('center_axis',(1.,0.,0.));
#8749=DIRECTION('ref_axis',(0.,0.,-1.));
#8750=DIRECTION('',(0.,0.,1.));
#8751=DIRECTION('',(0.,0.,1.));
#8752=DIRECTION('center_axis',(1.,0.,0.));
#8753=DIRECTION('ref_axis',(0.,0.,-1.));
#8754=DIRECTION('',(0.,0.,1.));
#8755=DIRECTION('',(0.,0.,1.));
#8756=DIRECTION('center_axis',(0.,1.,0.));
#8757=DIRECTION('ref_axis',(0.,0.,1.));
#8758=DIRECTION('',(0.,0.,1.));
#8759=DIRECTION('',(0.,0.,1.));
#8760=DIRECTION('center_axis',(-1.,0.,0.));
#8761=DIRECTION('ref_axis',(0.,0.,1.));
#8762=DIRECTION('',(0.,0.,1.));
#8763=DIRECTION('',(0.,0.,1.));
#8764=DIRECTION('center_axis',(0.,1.,0.));
#8765=DIRECTION('ref_axis',(0.,0.,1.));
#8766=DIRECTION('',(0.,0.,1.));
#8767=DIRECTION('',(0.,0.,1.));
#8768=DIRECTION('center_axis',(1.,0.,0.));
#8769=DIRECTION('ref_axis',(0.,0.,-1.));
#8770=DIRECTION('',(0.,0.,1.));
#8771=DIRECTION('center_axis',(0.,-1.,0.));
#8772=DIRECTION('ref_axis',(0.,0.,-1.));
#8773=DIRECTION('',(0.,0.,1.));
#8774=DIRECTION('center_axis',(0.,1.,0.));
#8775=DIRECTION('ref_axis',(0.,0.,1.));
#8776=DIRECTION('',(0.,0.,1.));
#8777=DIRECTION('',(0.,0.,1.));
#8778=DIRECTION('center_axis',(1.,0.,0.));
#8779=DIRECTION('ref_axis',(0.,0.,-1.));
#8780=DIRECTION('',(0.,0.,1.));
#8781=DIRECTION('center_axis',(0.,-1.,0.));
#8782=DIRECTION('ref_axis',(0.,0.,-1.));
#8783=DIRECTION('',(0.,0.,1.));
#8784=DIRECTION('center_axis',(0.,1.,0.));
#8785=DIRECTION('ref_axis',(0.,0.,1.));
#8786=DIRECTION('',(0.,0.,1.));
#8787=DIRECTION('',(0.,0.,1.));
#8788=DIRECTION('center_axis',(1.,0.,0.));
#8789=DIRECTION('ref_axis',(0.,0.,-1.));
#8790=DIRECTION('',(0.,0.,1.));
#8791=DIRECTION('center_axis',(0.,-1.,0.));
#8792=DIRECTION('ref_axis',(0.,0.,-1.));
#8793=DIRECTION('',(0.,0.,1.));
#8794=DIRECTION('center_axis',(0.,1.,0.));
#8795=DIRECTION('ref_axis',(0.,0.,1.));
#8796=DIRECTION('',(0.,0.,1.));
#8797=DIRECTION('',(0.,0.,1.));
#8798=DIRECTION('center_axis',(1.,0.,0.));
#8799=DIRECTION('ref_axis',(0.,0.,-1.));
#8800=DIRECTION('',(0.,0.,1.));
#8801=DIRECTION('center_axis',(0.,-1.,0.));
#8802=DIRECTION('ref_axis',(0.,0.,-1.));
#8803=DIRECTION('',(0.,0.,1.));
#8804=DIRECTION('center_axis',(1.,0.,0.));
#8805=DIRECTION('ref_axis',(0.,0.,-1.));
#8806=DIRECTION('',(0.,0.,1.));
#8807=DIRECTION('',(0.,0.,1.));
#8808=DIRECTION('center_axis',(0.,-1.,0.));
#8809=DIRECTION('ref_axis',(0.,0.,-1.));
#8810=DIRECTION('',(0.,0.,1.));
#8811=DIRECTION('center_axis',(-1.,0.,0.));
#8812=DIRECTION('ref_axis',(0.,0.,1.));
#8813=DIRECTION('',(0.,0.,1.));
#8814=DIRECTION('center_axis',(-1.,0.,0.));
#8815=DIRECTION('ref_axis',(0.,0.,1.));
#8816=DIRECTION('center_axis',(-1.,0.,0.));
#8817=DIRECTION('ref_axis',(0.,0.,1.));
#8818=DIRECTION('center_axis',(-1.,0.,0.));
#8819=DIRECTION('ref_axis',(0.,0.,1.));
#8820=DIRECTION('center_axis',(-1.,0.,0.));
#8821=DIRECTION('ref_axis',(0.,0.,1.));
#8822=DIRECTION('center_axis',(0.,1.,0.));
#8823=DIRECTION('ref_axis',(0.,0.,1.));
#8824=DIRECTION('center_axis',(0.,-1.,0.));
#8825=DIRECTION('ref_axis',(0.,0.,-1.));
#8826=DIRECTION('',(0.,0.,1.));
#8827=DIRECTION('',(0.,0.,1.));
#8828=DIRECTION('center_axis',(0.707106781186547,0.707106781186548,0.));
#8829=DIRECTION('ref_axis',(-0.707106781186548,0.707106781186547,0.));
#8830=DIRECTION('',(0.,0.,1.));
#8831=DIRECTION('',(0.,0.,1.));
#8832=DIRECTION('center_axis',(0.707106781186547,-0.707106781186548,0.));
#8833=DIRECTION('ref_axis',(0.707106781186548,0.707106781186547,0.));
#8834=DIRECTION('',(0.,0.,1.));
#8835=DIRECTION('',(0.,0.,1.));
#8836=DIRECTION('center_axis',(-0.707106781186547,0.707106781186548,0.));
#8837=DIRECTION('ref_axis',(-0.707106781186548,-0.707106781186547,0.));
#8838=DIRECTION('',(0.,0.,1.));
#8839=DIRECTION('',(0.,0.,1.));
#8840=DIRECTION('center_axis',(-0.707106781186547,-0.707106781186548,0.));
#8841=DIRECTION('ref_axis',(0.707106781186548,-0.707106781186547,0.));
#8842=DIRECTION('',(0.,0.,1.));
#8843=DIRECTION('',(0.,0.,1.));
#8844=DIRECTION('center_axis',(0.707106781186547,0.707106781186548,0.));
#8845=DIRECTION('ref_axis',(-0.707106781186548,0.707106781186547,0.));
#8846=DIRECTION('',(0.,0.,1.));
#8847=DIRECTION('',(0.,0.,1.));
#8848=DIRECTION('center_axis',(0.707106781186547,-0.707106781186548,0.));
#8849=DIRECTION('ref_axis',(0.707106781186548,0.707106781186547,0.));
#8850=DIRECTION('',(0.,0.,1.));
#8851=DIRECTION('',(0.,0.,1.));
#8852=DIRECTION('center_axis',(-0.707106781186547,0.707106781186548,0.));
#8853=DIRECTION('ref_axis',(-0.707106781186548,-0.707106781186547,0.));
#8854=DIRECTION('',(0.,0.,1.));
#8855=DIRECTION('',(0.,0.,1.));
#8856=DIRECTION('center_axis',(-0.707106781186547,-0.707106781186548,0.));
#8857=DIRECTION('ref_axis',(0.707106781186548,-0.707106781186547,0.));
#8858=DIRECTION('',(0.,0.,1.));
#8859=DIRECTION('',(0.,0.,1.));
#8860=DIRECTION('center_axis',(0.707106781186547,-0.707106781186548,0.));
#8861=DIRECTION('ref_axis',(0.707106781186548,0.707106781186547,0.));
#8862=DIRECTION('',(0.,0.,1.));
#8863=DIRECTION('',(0.,0.,1.));
#8864=DIRECTION('center_axis',(0.707106781186547,0.707106781186548,0.));
#8865=DIRECTION('ref_axis',(-0.707106781186548,0.707106781186547,0.));
#8866=DIRECTION('',(0.,0.,1.));
#8867=DIRECTION('',(0.,0.,1.));
#8868=DIRECTION('center_axis',(0.707106781186547,-0.707106781186548,0.));
#8869=DIRECTION('ref_axis',(0.707106781186548,0.707106781186547,0.));
#8870=DIRECTION('',(0.,0.,1.));
#8871=DIRECTION('',(0.,0.,1.));
#8872=DIRECTION('center_axis',(0.707106781186547,0.707106781186548,0.));
#8873=DIRECTION('ref_axis',(-0.707106781186548,0.707106781186547,0.));
#8874=DIRECTION('',(0.,0.,1.));
#8875=DIRECTION('',(0.,0.,1.));
#8876=DIRECTION('center_axis',(0.707106781186547,-0.707106781186548,0.));
#8877=DIRECTION('ref_axis',(0.707106781186548,0.707106781186547,0.));
#8878=DIRECTION('',(0.,0.,1.));
#8879=DIRECTION('',(0.,0.,1.));
#8880=DIRECTION('center_axis',(0.707106781186547,0.707106781186548,0.));
#8881=DIRECTION('ref_axis',(-0.707106781186548,0.707106781186547,0.));
#8882=DIRECTION('',(0.,0.,1.));
#8883=DIRECTION('',(0.,0.,1.));
#8884=DIRECTION('center_axis',(0.707106781186547,-0.707106781186548,0.));
#8885=DIRECTION('ref_axis',(0.707106781186548,0.707106781186547,0.));
#8886=DIRECTION('',(0.,0.,1.));
#8887=DIRECTION('',(0.,0.,1.));
#8888=DIRECTION('center_axis',(0.707106781186547,0.707106781186548,0.));
#8889=DIRECTION('ref_axis',(-0.707106781186548,0.707106781186547,0.));
#8890=DIRECTION('',(0.,0.,1.));
#8891=DIRECTION('',(0.,0.,1.));
#8892=DIRECTION('center_axis',(0.,0.,1.));
#8893=DIRECTION('ref_axis',(1.,0.,0.));
#8894=DIRECTION('center_axis',(0.,0.,-1.));
#8895=DIRECTION('ref_axis',(-1.,0.,0.));
#8896=DIRECTION('center_axis',(0.,0.,-1.));
#8897=DIRECTION('ref_axis',(-1.,0.,0.));
#8898=DIRECTION('center_axis',(0.,0.,-1.));
#8899=DIRECTION('ref_axis',(-1.,0.,0.));
#8900=DIRECTION('center_axis',(0.,0.,-1.));
#8901=DIRECTION('ref_axis',(-1.,0.,0.));
#8902=DIRECTION('center_axis',(0.,0.,-1.));
#8903=DIRECTION('ref_axis',(-1.,0.,0.));
#8904=DIRECTION('center_axis',(0.,0.,-1.));
#8905=DIRECTION('ref_axis',(-1.,0.,0.));
#8906=DIRECTION('center_axis',(0.,0.,-1.));
#8907=DIRECTION('ref_axis',(-1.,0.,0.));
#8908=DIRECTION('center_axis',(0.,0.,-1.));
#8909=DIRECTION('ref_axis',(-1.,0.,0.));
#8910=DIRECTION('center_axis',(0.,0.,-1.));
#8911=DIRECTION('ref_axis',(-1.,0.,0.));
#8912=DIRECTION('center_axis',(0.,0.,-1.));
#8913=DIRECTION('ref_axis',(-1.,0.,0.));
#8914=DIRECTION('center_axis',(0.,0.,1.));
#8915=DIRECTION('ref_axis',(1.,0.,0.));
#8916=DIRECTION('center_axis',(0.,0.,1.));
#8917=DIRECTION('ref_axis',(1.,0.,0.));
#8918=DIRECTION('center_axis',(0.,0.,-1.));
#8919=DIRECTION('ref_axis',(-1.,0.,0.));
#8920=DIRECTION('center_axis',(0.,0.,-1.));
#8921=DIRECTION('ref_axis',(-1.,0.,0.));
#8922=DIRECTION('center_axis',(0.,0.,1.));
#8923=DIRECTION('ref_axis',(1.,0.,0.));
#8924=DIRECTION('center_axis',(0.,0.,-1.));
#8925=DIRECTION('ref_axis',(1.,3.20968877891192E-14,0.));
#8926=DIRECTION('center_axis',(0.,0.,-1.));
#8927=DIRECTION('ref_axis',(-1.,0.,0.));
#8928=DIRECTION('center_axis',(0.,0.,-1.));
#8929=DIRECTION('ref_axis',(-1.,0.,0.));
#8930=DIRECTION('center_axis',(0.,0.,-1.));
#8931=DIRECTION('ref_axis',(-1.,0.,0.));
#8932=DIRECTION('center_axis',(0.,0.,-1.));
#8933=DIRECTION('ref_axis',(-1.,0.,0.));
#8934=DIRECTION('center_axis',(0.,0.,-1.));
#8935=DIRECTION('ref_axis',(1.,-3.18519584292898E-14,0.));
#8936=DIRECTION('center_axis',(0.,0.,-1.));
#8937=DIRECTION('ref_axis',(1.,3.56496014679197E-14,0.));
#8938=DIRECTION('center_axis',(0.,0.,-1.));
#8939=DIRECTION('ref_axis',(1.,-3.54046721080903E-14,0.));
#8940=DIRECTION('center_axis',(0.,0.,1.));
#8941=DIRECTION('ref_axis',(1.,0.,0.));
#8942=DIRECTION('center_axis',(0.,0.,1.));
#8943=DIRECTION('ref_axis',(1.,0.,0.));
#8944=DIRECTION('center_axis',(0.,0.,1.));
#8945=DIRECTION('ref_axis',(1.,0.,0.));
#8946=DIRECTION('center_axis',(0.,0.,1.));
#8947=DIRECTION('ref_axis',(1.,0.,0.));
#8948=DIRECTION('axis',(0.,0.,1.));
#8949=DIRECTION('refdir',(1.,0.,0.));
#8950=DIRECTION('center_axis',(0.,1.,0.));
#8951=DIRECTION('ref_axis',(0.,0.,1.));
#8952=DIRECTION('',(1.,0.,0.));
#8953=DIRECTION('',(0.,0.,-1.));
#8954=DIRECTION('',(1.,0.,0.));
#8955=DIRECTION('',(0.,0.,-1.));
#8956=DIRECTION('center_axis',(-1.,0.,0.));
#8957=DIRECTION('ref_axis',(0.,0.,1.));
#8958=DIRECTION('',(0.,1.,0.));
#8959=DIRECTION('',(0.,0.,-1.));
#8960=DIRECTION('',(0.,1.,0.));
#8961=DIRECTION('center_axis',(0.,-1.,0.));
#8962=DIRECTION('ref_axis',(0.,0.,-1.));
#8963=DIRECTION('',(-1.,0.,0.));
#8964=DIRECTION('',(0.,0.,-1.));
#8965=DIRECTION('',(-1.,0.,0.));
#8966=DIRECTION('center_axis',(1.,0.,0.));
#8967=DIRECTION('ref_axis',(0.,0.,-1.));
#8968=DIRECTION('',(0.,-1.,0.));
#8969=DIRECTION('',(0.,-1.,0.));
#8970=DIRECTION('center_axis',(0.,0.,1.));
#8971=DIRECTION('ref_axis',(1.,0.,0.));
#8972=DIRECTION('',(0.,-1.,0.));
#8973=DIRECTION('',(-1.,0.,0.));
#8974=DIRECTION('',(0.,1.,0.));
#8975=DIRECTION('',(1.,0.,0.));
#8976=DIRECTION('center_axis',(0.,0.,1.));
#8977=DIRECTION('ref_axis',(1.,0.,0.));
#8978=DIRECTION('center_axis',(1.,0.,0.));
#8979=DIRECTION('ref_axis',(0.,0.,-1.));
#8980=DIRECTION('',(0.,0.,-1.));
#8981=DIRECTION('',(0.,-1.,0.));
#8982=DIRECTION('',(0.,0.,-1.));
#8983=DIRECTION('center_axis',(0.,1.,0.));
#8984=DIRECTION('ref_axis',(0.,0.,1.));
#8985=DIRECTION('',(0.,0.,-1.));
#8986=DIRECTION('',(1.,0.,0.));
#8987=DIRECTION('center_axis',(-1.,0.,0.));
#8988=DIRECTION('ref_axis',(0.,0.,1.));
#8989=DIRECTION('',(0.,0.,-1.));
#8990=DIRECTION('',(0.,1.,0.));
#8991=DIRECTION('center_axis',(0.,-1.,0.));
#8992=DIRECTION('ref_axis',(0.,0.,-1.));
#8993=DIRECTION('',(-1.,0.,0.));
#8994=DIRECTION('center_axis',(0.,0.,1.));
#8995=DIRECTION('ref_axis',(1.,0.,0.));
#8996=DIRECTION('axis',(0.,0.,1.));
#8997=DIRECTION('refdir',(1.,0.,0.));
#8998=DIRECTION('center_axis',(0.,0.,1.));
#8999=DIRECTION('ref_axis',(1.,0.,0.));
#9000=DIRECTION('center_axis',(0.,0.,1.));
#9001=DIRECTION('ref_axis',(1.,0.,0.));
#9002=DIRECTION('center_axis',(0.,0.,1.));
#9003=DIRECTION('ref_axis',(1.,0.,0.));
#9004=DIRECTION('center_axis',(1.22464679914735E-16,-1.,0.));
#9005=DIRECTION('ref_axis',(-1.,-1.22464679914735E-16,0.));
#9006=DIRECTION('center_axis',(0.,0.,-1.));
#9007=DIRECTION('ref_axis',(-1.,0.,0.));
#9008=DIRECTION('center_axis',(0.,0.,-1.));
#9009=DIRECTION('ref_axis',(-1.,0.,0.));
#9010=DIRECTION('center_axis',(0.,0.,-1.));
#9011=DIRECTION('ref_axis',(-1.,0.,0.));
#9012=DIRECTION('center_axis',(0.,0.,-1.));
#9013=DIRECTION('ref_axis',(-1.,0.,0.));
#9014=DIRECTION('center_axis',(0.,0.,-1.));
#9015=DIRECTION('ref_axis',(-1.,0.,0.));
#9016=DIRECTION('center_axis',(0.,0.,1.));
#9017=DIRECTION('ref_axis',(1.,0.,0.));
#9018=DIRECTION('center_axis',(0.,0.,-1.));
#9019=DIRECTION('ref_axis',(-1.,0.,0.));
#9020=DIRECTION('center_axis',(0.,0.,-1.));
#9021=DIRECTION('ref_axis',(-1.,0.,0.));
#9022=DIRECTION('',(0.,0.,-1.));
#9023=DIRECTION('center_axis',(0.,0.,1.));
#9024=DIRECTION('ref_axis',(1.,0.,0.));
#9025=DIRECTION('center_axis',(0.,0.,-1.));
#9026=DIRECTION('ref_axis',(-1.,0.,0.));
#9027=DIRECTION('center_axis',(1.22464679914735E-16,-1.,0.));
#9028=DIRECTION('ref_axis',(-1.,-1.22464679914735E-16,0.));
#9029=DIRECTION('center_axis',(0.,0.,-1.));
#9030=DIRECTION('ref_axis',(-1.,0.,0.));
#9031=DIRECTION('center_axis',(0.,0.,-1.));
#9032=DIRECTION('ref_axis',(-1.,0.,0.));
#9033=DIRECTION('center_axis',(0.,0.,-1.));
#9034=DIRECTION('ref_axis',(-1.,0.,0.));
#9035=DIRECTION('center_axis',(0.,0.,-1.));
#9036=DIRECTION('ref_axis',(-1.,0.,0.));
#9037=DIRECTION('',(0.,1.,0.));
#9038=DIRECTION('',(-1.,0.,0.));
#9039=DIRECTION('',(-8.67361737988404E-16,-1.,0.));
#9040=DIRECTION('',(1.,0.,0.));
#9041=DIRECTION('center_axis',(0.,0.,-1.));
#9042=DIRECTION('ref_axis',(-1.,0.,0.));
#9043=DIRECTION('center_axis',(-1.22464679914735E-16,-1.,0.));
#9044=DIRECTION('ref_axis',(1.,-1.22464679914735E-16,0.));
#9045=DIRECTION('center_axis',(0.,0.,-1.));
#9046=DIRECTION('ref_axis',(-1.,0.,0.));
#9047=DIRECTION('center_axis',(-1.22464679914735E-16,-1.,0.));
#9048=DIRECTION('ref_axis',(1.,-1.22464679914735E-16,0.));
#9049=DIRECTION('center_axis',(0.,0.,-1.));
#9050=DIRECTION('ref_axis',(-1.,0.,0.));
#9051=DIRECTION('center_axis',(1.22464679914735E-16,1.,0.));
#9052=DIRECTION('ref_axis',(1.,-1.22464679914735E-16,0.));
#9053=DIRECTION('center_axis',(0.,0.,1.));
#9054=DIRECTION('ref_axis',(1.,0.,0.));
#9055=DIRECTION('center_axis',(-1.22464679914735E-16,1.,0.));
#9056=DIRECTION('ref_axis',(-1.,-1.22464679914735E-16,0.));
#9057=DIRECTION('center_axis',(-1.,0.,0.));
#9058=DIRECTION('ref_axis',(0.,0.,1.));
#9059=DIRECTION('',(0.,0.,-1.));
#9060=DIRECTION('',(0.,1.,0.));
#9061=DIRECTION('',(0.,0.,-1.));
#9062=DIRECTION('center_axis',(0.,1.,0.));
#9063=DIRECTION('ref_axis',(0.,0.,1.));
#9064=DIRECTION('',(0.,0.,-1.));
#9065=DIRECTION('',(1.,0.,0.));
#9066=DIRECTION('center_axis',(1.,-8.67361737988404E-16,0.));
#9067=DIRECTION('ref_axis',(8.67361737988404E-16,1.,0.));
#9068=DIRECTION('',(0.,0.,-1.));
#9069=DIRECTION('',(-8.67361737988404E-16,-1.,0.));
#9070=DIRECTION('center_axis',(0.,-1.,0.));
#9071=DIRECTION('ref_axis',(0.,0.,-1.));
#9072=DIRECTION('',(-1.,0.,0.));
#9073=DIRECTION('center_axis',(0.,0.,-1.));
#9074=DIRECTION('ref_axis',(-1.,0.,0.));
#9075=DIRECTION('axis',(0.,0.,1.));
#9076=DIRECTION('refdir',(1.,0.,0.));
#9077=DIRECTION('center_axis',(0.,0.,1.));
#9078=DIRECTION('ref_axis',(1.,0.,0.));
#9079=DIRECTION('',(1.,0.,0.));
#9080=DIRECTION('',(0.,1.,0.));
#9081=DIRECTION('',(1.,0.,0.));
#9082=DIRECTION('',(0.,1.,0.));
#9083=DIRECTION('center_axis',(-1.,0.,1.73472347597681E-16));
#9084=DIRECTION('ref_axis',(1.73472347597681E-16,0.,1.));
#9085=DIRECTION('',(1.73472347597681E-16,0.,1.));
#9086=DIRECTION('',(0.,1.,0.));
#9087=DIRECTION('',(1.73472347597681E-16,0.,1.));
#9088=DIRECTION('center_axis',(0.,1.,0.));
#9089=DIRECTION('ref_axis',(0.,0.,1.));
#9090=DIRECTION('center_axis',(0.,1.,0.));
#9091=DIRECTION('ref_axis',(1.,0.,0.));
#9092=DIRECTION('',(0.,1.,0.));
#9093=DIRECTION('center_axis',(0.,1.,0.));
#9094=DIRECTION('ref_axis',(1.,0.,0.));
#9095=DIRECTION('center_axis',(0.,0.,1.));
#9096=DIRECTION('ref_axis',(1.,0.,0.));
#9097=DIRECTION('',(1.,0.,0.));
#9098=DIRECTION('',(0.,-1.,0.));
#9099=DIRECTION('',(1.,0.,0.));
#9100=DIRECTION('center_axis',(-1.,0.,0.));
#9101=DIRECTION('ref_axis',(0.,0.,1.));
#9102=DIRECTION('',(0.,-1.,0.));
#9103=DIRECTION('',(0.,0.,-1.));
#9104=DIRECTION('',(0.,1.,0.));
#9105=DIRECTION('',(0.,0.,1.));
#9106=DIRECTION('center_axis',(0.,0.,-1.));
#9107=DIRECTION('ref_axis',(-1.,0.,0.));
#9108=DIRECTION('',(-1.,0.,0.));
#9109=DIRECTION('',(0.,1.,0.));
#9110=DIRECTION('',(-1.,0.,0.));
#9111=DIRECTION('',(0.,1.,0.));
#9112=DIRECTION('center_axis',(0.,1.,0.));
#9113=DIRECTION('ref_axis',(0.,0.,1.));
#9114=DIRECTION('center_axis',(0.,-1.,0.));
#9115=DIRECTION('ref_axis',(1.,0.,0.));
#9116=DIRECTION('',(0.,1.,0.));
#9117=DIRECTION('center_axis',(0.,-1.,0.));
#9118=DIRECTION('ref_axis',(1.,0.,0.));
#9119=DIRECTION('center_axis',(1.,0.,-1.22464679914735E-16));
#9120=DIRECTION('ref_axis',(-1.22464679914735E-16,0.,-1.));
#9121=DIRECTION('',(-1.22464679914735E-16,0.,-1.));
#9122=DIRECTION('',(-1.22464679914735E-16,0.,-1.));
#9123=DIRECTION('center_axis',(0.,1.,0.));
#9124=DIRECTION('ref_axis',(0.,0.,1.));
#9125=DIRECTION('',(0.,0.,1.));
#9126=DIRECTION('center_axis',(0.,1.,0.));
#9127=DIRECTION('ref_axis',(0.,0.,1.));
#9128=DIRECTION('',(0.,0.,-1.));
#9129=DIRECTION('center_axis',(0.707106781186548,0.707106781186548,0.));
#9130=DIRECTION('ref_axis',(0.,0.,-1.));
#9131=DIRECTION('',(0.577350269189626,-0.577350269189626,-0.577350269189626));
#9132=DIRECTION('',(0.577350269189626,-0.577350269189626,0.577350269189626));
#9133=DIRECTION('center_axis',(-0.707106781186548,0.,0.707106781186548));
#9134=DIRECTION('ref_axis',(0.,1.,0.));
#9135=DIRECTION('',(-0.577350269189626,-0.577350269189626,-0.577350269189626));
#9136=DIRECTION('center_axis',(-0.707106781186548,0.,-0.707106781186548));
#9137=DIRECTION('ref_axis',(0.,1.,0.));
#9138=DIRECTION('',(0.577350269189626,0.577350269189626,-0.577350269189626));
#9139=DIRECTION('center_axis',(-0.707106781186548,0.707106781186548,0.));
#9140=DIRECTION('ref_axis',(0.,0.,1.));
#9141=DIRECTION('',(0.,0.,1.));
#9142=DIRECTION('',(1.,0.,0.));
#9143=DIRECTION('',(-1.2490009027033E-16,2.08000433993822E-32,1.));
#9144=DIRECTION('',(-1.,-2.46519032881566E-32,-1.2490009027033E-16));
#9145=DIRECTION('',(-1.43780711263537E-16,1.11022302462516E-16,1.));
#9146=DIRECTION('',(1.,-8.21120642400748E-17,1.43780711263537E-16));
#9147=DIRECTION('',(-1.08013246808772E-15,2.13111804189917E-32,1.));
#9148=DIRECTION('',(-1.,1.11022302462516E-16,-1.08013246808772E-15));
#9149=DIRECTION('',(-1.119683722199E-15,4.99600361081319E-16,1.));
#9150=DIRECTION('',(1.,8.82152926439332E-16,1.119683722199E-15));
#9151=DIRECTION('',(-1.66533453693774E-16,1.60520721592461E-15,1.));
#9152=DIRECTION('',(1.,1.97215226305253E-31,1.66533453693774E-16));
#9153=DIRECTION('',(-1.66533453693774E-16,4.87584229640004E-17,1.));
#9154=DIRECTION('',(1.,3.76472302901099E-16,1.66533453693774E-16));
#9155=DIRECTION('',(-1.43780711263537E-16,1.11022302462516E-16,1.));
#9156=DIRECTION('',(1.,-8.21120642400748E-17,1.43780711263537E-16));
#9157=DIRECTION('',(-1.66533453693774E-16,1.60520721592461E-15,1.));
#9158=DIRECTION('',(1.,1.97215226305253E-31,1.66533453693774E-16));
#9159=DIRECTION('axis',(0.,0.,1.));
#9160=DIRECTION('refdir',(1.,0.,0.));
#9161=DIRECTION('center_axis',(0.,0.,-1.));
#9162=DIRECTION('ref_axis',(1.,0.,0.));
#9163=DIRECTION('',(1.,0.,0.));
#9164=DIRECTION('',(0.,1.,0.));
#9165=DIRECTION('',(-1.,0.,0.));
#9166=DIRECTION('',(0.,-1.,0.));
#9167=DIRECTION('',(1.,0.,0.));
#9168=DIRECTION('',(0.,-1.,0.));
#9169=DIRECTION('',(-1.,0.,0.));
#9170=DIRECTION('',(0.,-1.,0.));
#9171=DIRECTION('',(0.660627894892039,-0.750713516922742,0.));
#9172=DIRECTION('',(1.,0.,0.));
#9173=DIRECTION('',(0.660627894892011,0.750713516922768,0.));
#9174=DIRECTION('',(0.,1.,0.));
#9175=DIRECTION('',(-1.,0.,0.));
#9176=DIRECTION('',(0.,1.,0.));
#9177=DIRECTION('center_axis',(-1.,1.64477485129653E-16,0.));
#9178=DIRECTION('ref_axis',(1.64477485129653E-16,1.,0.));
#9179=DIRECTION('',(-1.64477485129653E-16,-1.,0.));
#9180=DIRECTION('',(0.,0.,-1.));
#9181=DIRECTION('',(1.64477485129653E-16,1.,0.));
#9182=DIRECTION('',(0.,0.,-1.));
#9183=DIRECTION('center_axis',(0.,0.,-1.));
#9184=DIRECTION('ref_axis',(1.,0.,0.));
#9185=DIRECTION('center_axis',(0.,0.,-1.));
#9186=DIRECTION('ref_axis',(1.,0.,0.));
#9187=DIRECTION('center_axis',(0.,0.,1.));
#9188=DIRECTION('ref_axis',(1.,0.,0.));
#9189=DIRECTION('',(0.,0.,-1.));
#9190=DIRECTION('center_axis',(-9.97953280561938E-17,1.,0.));
#9191=DIRECTION('ref_axis',(1.,9.97953280561938E-17,0.));
#9192=DIRECTION('',(-1.,-9.97953280561938E-17,0.));
#9193=DIRECTION('',(1.,9.97953280561938E-17,0.));
#9194=DIRECTION('',(0.,0.,-1.));
#9195=DIRECTION('center_axis',(0.,0.,-1.));
#9196=DIRECTION('ref_axis',(-4.44089209850064E-15,-1.,0.));
#9197=DIRECTION('center_axis',(0.,0.,-1.));
#9198=DIRECTION('ref_axis',(-4.44089209850064E-15,-1.,0.));
#9199=DIRECTION('center_axis',(0.,0.,1.));
#9200=DIRECTION('ref_axis',(-4.44089209850064E-15,-1.,0.));
#9201=DIRECTION('',(0.,0.,-1.));
#9202=DIRECTION('center_axis',(1.,1.64477485129653E-16,0.));
#9203=DIRECTION('ref_axis',(1.64477485129653E-16,-1.,0.));
#9204=DIRECTION('',(-1.64477485129653E-16,1.,0.));
#9205=DIRECTION('',(1.64477485129653E-16,-1.,0.));
#9206=DIRECTION('',(0.,0.,-1.));
#9207=DIRECTION('center_axis',(0.,0.,-1.));
#9208=DIRECTION('ref_axis',(-1.,8.8817841970012E-15,0.));
#9209=DIRECTION('center_axis',(0.,0.,-1.));
#9210=DIRECTION('ref_axis',(-1.,8.8817841970012E-15,0.));
#9211=DIRECTION('center_axis',(0.,0.,1.));
#9212=DIRECTION('ref_axis',(-1.,8.8817841970012E-15,0.));
#9213=DIRECTION('',(0.,0.,-1.));
#9214=DIRECTION('center_axis',(0.,-1.,0.));
#9215=DIRECTION('ref_axis',(-1.,0.,0.));
#9216=DIRECTION('',(1.,0.,0.));
#9217=DIRECTION('',(-1.,0.,0.));
#9218=DIRECTION('',(0.,0.,-1.));
#9219=DIRECTION('center_axis',(0.,0.,-1.));
#9220=DIRECTION('ref_axis',(2.2204460492503E-15,1.,0.));
#9221=DIRECTION('center_axis',(0.,0.,-1.));
#9222=DIRECTION('ref_axis',(2.2204460492503E-15,1.,0.));
#9223=DIRECTION('center_axis',(0.,0.,1.));
#9224=DIRECTION('ref_axis',(2.2204460492503E-15,1.,0.));
#9225=DIRECTION('center_axis',(0.,1.,0.));
#9226=DIRECTION('ref_axis',(1.,0.,0.));
#9227=DIRECTION('',(-1.,0.,0.));
#9228=DIRECTION('',(0.,0.,-1.));
#9229=DIRECTION('',(1.,0.,0.));
#9230=DIRECTION('',(0.,0.,-1.));
#9231=DIRECTION('center_axis',(0.,0.,-1.));
#9232=DIRECTION('ref_axis',(-1.,4.4408920985006E-15,0.));
#9233=DIRECTION('center_axis',(0.,0.,1.));
#9234=DIRECTION('ref_axis',(-1.,4.4408920985006E-15,0.));
#9235=DIRECTION('center_axis',(0.,0.,-1.));
#9236=DIRECTION('ref_axis',(-1.,4.4408920985006E-15,0.));
#9237=DIRECTION('',(0.,0.,-1.));
#9238=DIRECTION('center_axis',(-1.,0.,0.));
#9239=DIRECTION('ref_axis',(0.,1.,0.));
#9240=DIRECTION('',(0.,-1.,0.));
#9241=DIRECTION('',(0.,1.,0.));
#9242=DIRECTION('',(0.,0.,-1.));
#9243=DIRECTION('center_axis',(-0.745937661625914,-0.666015769308853,0.));
#9244=DIRECTION('ref_axis',(-0.666015769308853,0.745937661625914,0.));
#9245=DIRECTION('',(0.666015769308853,-0.745937661625914,0.));
#9246=DIRECTION('',(-0.666015769308853,0.745937661625914,0.));
#9247=DIRECTION('',(0.,0.,-1.));
#9248=DIRECTION('center_axis',(0.,-1.,0.));
#9249=DIRECTION('ref_axis',(-1.,0.,0.));
#9250=DIRECTION('',(1.,0.,0.));
#9251=DIRECTION('',(-1.,0.,0.));
#9252=DIRECTION('',(0.,0.,-1.));
#9253=DIRECTION('center_axis',(0.745937661625914,-0.666015769308853,0.));
#9254=DIRECTION('ref_axis',(-0.666015769308853,-0.745937661625914,0.));
#9255=DIRECTION('',(0.666015769308853,0.745937661625914,0.));
#9256=DIRECTION('',(-0.666015769308853,-0.745937661625914,0.));
#9257=DIRECTION('',(0.,0.,-1.));
#9258=DIRECTION('center_axis',(1.,0.,0.));
#9259=DIRECTION('ref_axis',(0.,-1.,0.));
#9260=DIRECTION('',(0.,1.,0.));
#9261=DIRECTION('',(0.,-1.,0.));
#9262=DIRECTION('',(0.,0.,-1.));
#9263=DIRECTION('center_axis',(0.,0.,-1.));
#9264=DIRECTION('ref_axis',(4.4408920985006E-15,1.,0.));
#9265=DIRECTION('center_axis',(0.,0.,1.));
#9266=DIRECTION('ref_axis',(4.4408920985006E-15,1.,0.));
#9267=DIRECTION('center_axis',(0.,0.,-1.));
#9268=DIRECTION('ref_axis',(4.4408920985006E-15,1.,0.));
#9269=DIRECTION('center_axis',(0.,0.,-1.));
#9270=DIRECTION('ref_axis',(1.,0.,0.));
#9271=DIRECTION('center_axis',(0.,0.,1.));
#9272=DIRECTION('ref_axis',(1.,0.,0.));
#9273=DIRECTION('center_axis',(0.,0.,-1.));
#9274=DIRECTION('ref_axis',(3.55271367880053E-15,1.,0.));
#9275=DIRECTION('',(1.,0.,0.));
#9276=DIRECTION('center_axis',(0.,0.,-1.));
#9277=DIRECTION('ref_axis',(0.925880945259308,0.377815398317394,0.));
#9278=DIRECTION('',(0.377815398317399,-0.925880945259305,0.));
#9279=DIRECTION('center_axis',(0.,0.,-1.));
#9280=DIRECTION('ref_axis',(0.925880945259304,-0.377815398317402,0.));
#9281=DIRECTION('',(-0.377815398317399,-0.925880945259306,0.));
#9282=DIRECTION('center_axis',(0.,0.,-1.));
#9283=DIRECTION('ref_axis',(-3.55271367880053E-15,-1.,0.));
#9284=DIRECTION('',(-1.,0.,0.));
#9285=DIRECTION('center_axis',(0.,0.,-1.));
#9286=DIRECTION('ref_axis',(-0.925880945259308,-0.377815398317394,0.));
#9287=DIRECTION('',(-0.377815398317399,0.925880945259305,0.));
#9288=DIRECTION('center_axis',(0.,0.,-1.));
#9289=DIRECTION('ref_axis',(-0.925880945259305,0.377815398317401,0.));
#9290=DIRECTION('',(0.377815398317399,0.925880945259306,0.));
#9291=DIRECTION('center_axis',(0.,0.,1.));
#9292=DIRECTION('ref_axis',(1.,0.,0.));
#9293=DIRECTION('center_axis',(0.,0.,1.));
#9294=DIRECTION('ref_axis',(1.,0.,0.));
#9295=DIRECTION('center_axis',(0.,0.,1.));
#9296=DIRECTION('ref_axis',(1.,0.,0.));
#9297=DIRECTION('center_axis',(0.,0.,-1.));
#9298=DIRECTION('ref_axis',(1.,0.,0.));
#9299=DIRECTION('',(-0.707106781186547,-8.65956056235492E-17,0.707106781186548));
#9300=DIRECTION('center_axis',(0.,0.,1.));
#9301=DIRECTION('ref_axis',(1.,0.,0.));
#9302=DIRECTION('center_axis',(0.,0.,1.));
#9303=DIRECTION('ref_axis',(1.,0.,0.));
#9304=DIRECTION('center_axis',(0.,0.,1.));
#9305=DIRECTION('ref_axis',(3.55271367880053E-15,1.,0.));
#9306=DIRECTION('',(-0.377815398317399,-0.925880945259306,0.));
#9307=DIRECTION('center_axis',(0.,0.,1.));
#9308=DIRECTION('ref_axis',(-0.925880945259305,0.377815398317401,0.));
#9309=DIRECTION('',(0.377815398317399,-0.925880945259305,0.));
#9310=DIRECTION('center_axis',(0.,0.,1.));
#9311=DIRECTION('ref_axis',(-0.925880945259308,-0.377815398317394,0.));
#9312=DIRECTION('',(1.,0.,0.));
#9313=DIRECTION('center_axis',(0.,0.,1.));
#9314=DIRECTION('ref_axis',(-3.55271367880053E-15,-1.,0.));
#9315=DIRECTION('',(0.377815398317399,0.925880945259306,0.));
#9316=DIRECTION('center_axis',(0.,0.,1.));
#9317=DIRECTION('ref_axis',(0.925880945259304,-0.377815398317402,0.));
#9318=DIRECTION('',(-0.377815398317399,0.925880945259305,0.));
#9319=DIRECTION('center_axis',(0.,0.,1.));
#9320=DIRECTION('ref_axis',(0.925880945259308,0.377815398317394,0.));
#9321=DIRECTION('',(1.,0.,0.));
#9322=DIRECTION('center_axis',(0.,0.,1.));
#9323=DIRECTION('ref_axis',(1.,0.,0.));
#9324=DIRECTION('',(-1.,-9.99557707058023E-15,0.));
#9325=DIRECTION('center_axis',(0.,0.,-1.));
#9326=DIRECTION('ref_axis',(-1.,2.6645352591004E-14,0.));
#9327=DIRECTION('',(-1.79068229778259E-16,1.,0.));
#9328=DIRECTION('center_axis',(0.,0.,-1.));
#9329=DIRECTION('ref_axis',(2.22044604925031E-15,1.,0.));
#9330=DIRECTION('',(1.,-8.92462238444663E-15,0.));
#9331=DIRECTION('center_axis',(0.,0.,-1.));
#9332=DIRECTION('ref_axis',(1.,4.44089209850063E-15,0.));
#9333=DIRECTION('',(0.,-1.,0.));
#9334=DIRECTION('center_axis',(0.,0.,-1.));
#9335=DIRECTION('ref_axis',(1.11022302462272E-15,-1.,0.));
#9336=DIRECTION('center_axis',(0.,0.,-1.));
#9337=DIRECTION('ref_axis',(1.,0.,0.));
#9338=DIRECTION('',(0.,0.,-1.));
#9339=DIRECTION('center_axis',(0.,0.,1.));
#9340=DIRECTION('ref_axis',(1.,0.,0.));
#9341=DIRECTION('center_axis',(0.,0.,-1.));
#9342=DIRECTION('ref_axis',(1.,0.,0.));
#9343=DIRECTION('',(-0.707106781186548,-8.65956056235494E-17,0.707106781186547));
#9344=DIRECTION('center_axis',(0.,0.,-1.));
#9345=DIRECTION('ref_axis',(1.,0.,0.));
#9346=DIRECTION('',(0.,0.,-1.));
#9347=DIRECTION('center_axis',(0.,0.,-1.));
#9348=DIRECTION('ref_axis',(-1.,0.,0.));
#9349=DIRECTION('',(-1.,0.,0.));
#9350=DIRECTION('',(0.,-1.,0.));
#9351=DIRECTION('',(1.,0.,0.));
#9352=DIRECTION('',(0.,1.,0.));
#9353=DIRECTION('',(0.,1.,0.));
#9354=DIRECTION('',(1.,0.,0.));
#9355=DIRECTION('',(0.,-1.,0.));
#9356=DIRECTION('',(-1.,0.,0.));
#9357=DIRECTION('center_axis',(0.,1.,0.));
#9358=DIRECTION('ref_axis',(1.,0.,0.));
#9359=DIRECTION('',(0.,0.,-1.));
#9360=DIRECTION('',(1.,0.,0.));
#9361=DIRECTION('',(0.,0.,-1.));
#9362=DIRECTION('center_axis',(-1.,0.,0.));
#9363=DIRECTION('ref_axis',(0.,1.,0.));
#9364=DIRECTION('',(0.,0.,-1.));
#9365=DIRECTION('',(0.,1.,0.));
#9366=DIRECTION('center_axis',(-1.,0.,0.));
#9367=DIRECTION('ref_axis',(0.,-1.,0.));
#9368=DIRECTION('',(0.,0.,1.));
#9369=DIRECTION('',(0.,-1.,0.));
#9370=DIRECTION('',(0.,0.,-1.));
#9371=DIRECTION('center_axis',(0.,-1.,0.));
#9372=DIRECTION('ref_axis',(1.,0.,0.));
#9373=DIRECTION('',(1.,0.,0.));
#9374=DIRECTION('',(0.,0.,-1.));
#9375=DIRECTION('center_axis',(1.,0.,0.));
#9376=DIRECTION('ref_axis',(0.,1.,0.));
#9377=DIRECTION('',(0.,1.,0.));
#9378=DIRECTION('',(0.,0.,-1.));
#9379=DIRECTION('center_axis',(0.,1.,0.));
#9380=DIRECTION('ref_axis',(-1.,0.,0.));
#9381=DIRECTION('',(-1.,0.,0.));
#9382=DIRECTION('center_axis',(9.99557707058023E-15,-1.,0.));
#9383=DIRECTION('ref_axis',(1.,9.99557707058023E-15,0.));
#9384=DIRECTION('',(0.,0.,1.));
#9385=DIRECTION('',(1.,9.99557707058023E-15,0.));
#9386=DIRECTION('',(0.,0.,1.));
#9387=DIRECTION('center_axis',(0.,0.,1.));
#9388=DIRECTION('ref_axis',(-1.,2.6645352591004E-14,0.));
#9389=DIRECTION('center_axis',(0.,0.,1.));
#9390=DIRECTION('ref_axis',(-1.,2.6645352591004E-14,0.));
#9391=DIRECTION('',(0.,0.,1.));
#9392=DIRECTION('center_axis',(-1.,-1.79068229778259E-16,0.));
#9393=DIRECTION('ref_axis',(1.79068229778259E-16,-1.,0.));
#9394=DIRECTION('',(1.79068229778259E-16,-1.,0.));
#9395=DIRECTION('',(0.,0.,1.));
#9396=DIRECTION('center_axis',(0.,0.,1.));
#9397=DIRECTION('ref_axis',(2.22044604925031E-15,1.,0.));
#9398=DIRECTION('center_axis',(0.,0.,1.));
#9399=DIRECTION('ref_axis',(2.22044604925031E-15,1.,0.));
#9400=DIRECTION('',(0.,0.,1.));
#9401=DIRECTION('center_axis',(8.92462238444663E-15,1.,0.));
#9402=DIRECTION('ref_axis',(-1.,8.92462238444663E-15,0.));
#9403=DIRECTION('',(-1.,8.92462238444663E-15,0.));
#9404=DIRECTION('',(0.,0.,1.));
#9405=DIRECTION('center_axis',(0.,0.,1.));
#9406=DIRECTION('ref_axis',(1.,4.44089209850063E-15,0.));
#9407=DIRECTION('center_axis',(0.,0.,1.));
#9408=DIRECTION('ref_axis',(1.,4.44089209850063E-15,0.));
#9409=DIRECTION('',(0.,0.,1.));
#9410=DIRECTION('center_axis',(1.,0.,0.));
#9411=DIRECTION('ref_axis',(0.,1.,0.));
#9412=DIRECTION('',(0.,1.,0.));
#9413=DIRECTION('',(0.,0.,1.));
#9414=DIRECTION('center_axis',(0.,0.,1.));
#9415=DIRECTION('ref_axis',(1.11022302462272E-15,-1.,0.));
#9416=DIRECTION('center_axis',(0.,0.,1.));
#9417=DIRECTION('ref_axis',(1.11022302462272E-15,-1.,0.));
#9418=DIRECTION('center_axis',(0.,0.,1.));
#9419=DIRECTION('ref_axis',(1.,0.,0.));
#9420=DIRECTION('',(0.,-1.,0.));
#9421=DIRECTION('',(-1.,0.,0.));
#9422=DIRECTION('',(0.,-1.,0.));
#9423=DIRECTION('',(1.,0.,0.));
#9424=DIRECTION('',(0.,-1.,0.));
#9425=DIRECTION('',(-0.660627894892011,-0.750713516922768,0.));
#9426=DIRECTION('',(-1.,0.,0.));
#9427=DIRECTION('',(-0.660627894892039,0.750713516922742,0.));
#9428=DIRECTION('',(0.,1.,0.));
#9429=DIRECTION('',(1.,0.,0.));
#9430=DIRECTION('',(0.,1.,0.));
#9431=DIRECTION('',(-1.,0.,0.));
#9432=DIRECTION('',(0.,1.,0.));
#9433=DIRECTION('',(1.,0.,0.));
#9434=DIRECTION('center_axis',(1.,0.,0.));
#9435=DIRECTION('ref_axis',(0.,-1.,0.));
#9436=DIRECTION('',(0.,-1.,0.));
#9437=DIRECTION('',(0.,0.,-1.));
#9438=DIRECTION('center_axis',(0.,-1.,0.));
#9439=DIRECTION('ref_axis',(-1.,0.,0.));
#9440=DIRECTION('',(-1.,0.,0.));
#9441=DIRECTION('center_axis',(0.,1.,0.));
#9442=DIRECTION('ref_axis',(1.,0.,0.));
#9443=DIRECTION('',(0.,0.,1.));
#9444=DIRECTION('',(0.,0.,1.));
#9445=DIRECTION('center_axis',(-1.,0.,0.));
#9446=DIRECTION('ref_axis',(0.,1.,0.));
#9447=DIRECTION('',(0.,0.,1.));
#9448=DIRECTION('center_axis',(0.,-1.,0.));
#9449=DIRECTION('ref_axis',(-1.,0.,0.));
#9450=DIRECTION('',(0.,0.,1.));
#9451=DIRECTION('center_axis',(-1.,0.,0.));
#9452=DIRECTION('ref_axis',(0.,1.,0.));
#9453=DIRECTION('',(0.,0.,1.));
#9454=DIRECTION('center_axis',(-0.750713516922768,0.660627894892011,0.));
#9455=DIRECTION('ref_axis',(0.660627894892011,0.750713516922768,0.));
#9456=DIRECTION('',(0.,0.,1.));
#9457=DIRECTION('center_axis',(0.,1.,0.));
#9458=DIRECTION('ref_axis',(1.,0.,0.));
#9459=DIRECTION('',(0.,0.,1.));
#9460=DIRECTION('center_axis',(0.750713516922742,0.660627894892039,0.));
#9461=DIRECTION('ref_axis',(0.660627894892039,-0.750713516922742,0.));
#9462=DIRECTION('',(0.,0.,1.));
#9463=DIRECTION('center_axis',(1.,0.,0.));
#9464=DIRECTION('ref_axis',(0.,-1.,0.));
#9465=DIRECTION('',(0.,0.,1.));
#9466=DIRECTION('center_axis',(0.,-1.,0.));
#9467=DIRECTION('ref_axis',(-1.,0.,0.));
#9468=DIRECTION('',(0.,0.,1.));
#9469=DIRECTION('center_axis',(1.,0.,0.));
#9470=DIRECTION('ref_axis',(0.,-1.,0.));
#9471=DIRECTION('',(0.,0.,1.));
#9472=DIRECTION('center_axis',(0.,1.,0.));
#9473=DIRECTION('ref_axis',(1.,0.,0.));
#9474=DIRECTION('',(0.,0.,1.));
#9475=DIRECTION('center_axis',(1.,0.,0.));
#9476=DIRECTION('ref_axis',(0.,-1.,0.));
#9477=DIRECTION('',(0.,0.,1.));
#9478=DIRECTION('center_axis',(0.,-1.,0.));
#9479=DIRECTION('ref_axis',(-1.,0.,0.));
#9480=DIRECTION('',(0.,0.,-1.));
#9481=DIRECTION('center_axis',(-1.,0.,0.));
#9482=DIRECTION('ref_axis',(0.,1.,0.));
#9483=DIRECTION('center_axis',(-0.925880945259306,0.377815398317399,0.));
#9484=DIRECTION('ref_axis',(0.377815398317399,0.925880945259306,0.));
#9485=DIRECTION('',(0.,0.,-1.));
#9486=DIRECTION('',(0.,0.,-1.));
#9487=DIRECTION('center_axis',(0.,0.,-1.));
#9488=DIRECTION('ref_axis',(-0.925880945259305,0.377815398317401,0.));
#9489=DIRECTION('',(0.,0.,-1.));
#9490=DIRECTION('center_axis',(-0.925880945259306,-0.377815398317399,0.));
#9491=DIRECTION('ref_axis',(-0.377815398317399,0.925880945259306,0.));
#9492=DIRECTION('',(0.,0.,-1.));
#9493=DIRECTION('center_axis',(0.,0.,-1.));
#9494=DIRECTION('ref_axis',(-0.925880945259308,-0.377815398317394,0.));
#9495=DIRECTION('',(0.,0.,-1.));
#9496=DIRECTION('center_axis',(0.,-1.,0.));
#9497=DIRECTION('ref_axis',(-1.,0.,0.));
#9498=DIRECTION('',(0.,0.,-1.));
#9499=DIRECTION('center_axis',(0.,0.,-1.));
#9500=DIRECTION('ref_axis',(-3.55271367880053E-15,-1.,0.));
#9501=DIRECTION('',(0.,0.,-1.));
#9502=DIRECTION('center_axis',(0.925880945259306,-0.377815398317399,0.));
#9503=DIRECTION('ref_axis',(-0.377815398317399,-0.925880945259306,0.));
#9504=DIRECTION('',(0.,0.,-1.));
#9505=DIRECTION('center_axis',(0.,0.,-1.));
#9506=DIRECTION('ref_axis',(0.925880945259304,-0.377815398317402,0.));
#9507=DIRECTION('',(0.,0.,-1.));
#9508=DIRECTION('center_axis',(0.925880945259306,0.377815398317399,0.));
#9509=DIRECTION('ref_axis',(0.377815398317399,-0.925880945259306,0.));
#9510=DIRECTION('',(0.,0.,-1.));
#9511=DIRECTION('center_axis',(0.,0.,-1.));
#9512=DIRECTION('ref_axis',(0.925880945259308,0.377815398317394,0.));
#9513=DIRECTION('',(0.,0.,-1.));
#9514=DIRECTION('center_axis',(0.,1.,0.));
#9515=DIRECTION('ref_axis',(1.,0.,0.));
#9516=DIRECTION('',(0.,0.,-1.));
#9517=DIRECTION('center_axis',(0.,0.,-1.));
#9518=DIRECTION('ref_axis',(3.55271367880053E-15,1.,0.));
#9519=DIRECTION('center_axis',(0.,0.,1.));
#9520=DIRECTION('ref_axis',(1.,0.,0.));
#9521=DIRECTION('center_axis',(0.70710678118654,0.707106781186555,0.));
#9522=DIRECTION('ref_axis',(0.,0.,-1.));
#9523=DIRECTION('',(0.,0.,1.));
#9524=DIRECTION('',(0.678598344545851,-0.678598344545837,-0.281084637714833));
#9525=DIRECTION('',(0.,0.,-1.));
#9526=DIRECTION('',(-0.577350269189632,0.577350269189619,-0.577350269189627));
#9527=DIRECTION('center_axis',(0.707106781186545,-0.70710678118655,0.));
#9528=DIRECTION('ref_axis',(0.,0.,-1.));
#9529=DIRECTION('',(0.,0.,1.));
#9530=DIRECTION('',(-0.678598344545848,-0.678598344545844,0.281084637714824));
#9531=DIRECTION('',(0.,0.,-1.));
#9532=DIRECTION('',(0.577350269189628,0.577350269189625,0.577350269189625));
#9533=DIRECTION('center_axis',(0.707106781186546,-0.500000000000001,0.500000000000001));
#9534=DIRECTION('ref_axis',(0.577350269189628,4.44089209850063E-16,-0.816496580927725));
#9535=DIRECTION('',(0.,-0.707106781186548,-0.707106781186547));
#9536=DIRECTION('',(0.,0.707106781186548,0.707106781186547));
#9537=DIRECTION('',(-0.678598344545847,-0.281084637714819,0.678598344545848));
#9538=DIRECTION('center_axis',(0.707106781186548,0.,0.707106781186547));
#9539=DIRECTION('ref_axis',(0.707106781186547,0.,-0.707106781186548));
#9540=DIRECTION('',(0.,-1.,0.));
#9541=DIRECTION('',(0.,1.,0.));
#9542=DIRECTION('',(-0.678598344545848,0.281084637714819,0.678598344545847));
#9543=DIRECTION('center_axis',(0.707106781186545,0.,-0.70710678118655));
#9544=DIRECTION('ref_axis',(-0.70710678118655,0.,-0.707106781186545));
#9545=DIRECTION('',(0.,-1.,0.));
#9546=DIRECTION('',(0.,1.,0.));
#9547=DIRECTION('center_axis',(0.707106781186547,0.500000000000001,0.500000000000001));
#9548=DIRECTION('ref_axis',(0.577350269189627,-1.11022302462516E-16,-0.816496580927725));
#9549=DIRECTION('',(0.,-0.707106781186548,0.707106781186547));
#9550=DIRECTION('',(0.,0.707106781186548,-0.707106781186547));
#9551=DIRECTION('center_axis',(0.,1.,0.));
#9552=DIRECTION('ref_axis',(1.,0.,0.));
#9553=DIRECTION('',(1.,0.,0.));
#9554=DIRECTION('',(0.,0.,-1.));
#9555=DIRECTION('',(-1.,0.,0.));
#9556=DIRECTION('center_axis',(0.,0.,-1.));
#9557=DIRECTION('ref_axis',(-1.,0.,0.));
#9558=DIRECTION('',(-1.,0.,0.));
#9559=DIRECTION('',(0.,-1.,0.));
#9560=DIRECTION('center_axis',(0.,-1.,0.));
#9561=DIRECTION('ref_axis',(-1.,0.,0.));
#9562=DIRECTION('',(1.,0.,0.));
#9563=DIRECTION('',(0.,0.,1.));
#9564=DIRECTION('center_axis',(1.,0.,0.));
#9565=DIRECTION('ref_axis',(0.,-1.,0.));
#9566=DIRECTION('center_axis',(-0.707106781186545,0.70710678118655,0.));
#9567=DIRECTION('ref_axis',(0.,0.,1.));
#9568=DIRECTION('',(0.,0.,1.));
#9569=DIRECTION('',(0.678598344545848,0.678598344545844,0.281084637714824));
#9570=DIRECTION('',(-0.577350269189628,-0.577350269189625,0.577350269189625));
#9571=DIRECTION('center_axis',(-0.707106781186546,0.500000000000001,0.500000000000001));
#9572=DIRECTION('ref_axis',(0.577350269189628,4.44089209850063E-16,0.816496580927725));
#9573=DIRECTION('',(0.,-0.707106781186548,0.707106781186547));
#9574=DIRECTION('',(0.678598344545847,0.281084637714819,0.678598344545848));
#9575=DIRECTION('',(0.,0.707106781186548,-0.707106781186547));
#9576=DIRECTION('center_axis',(-0.70710678118654,-0.707106781186555,0.));
#9577=DIRECTION('ref_axis',(0.,0.,1.));
#9578=DIRECTION('',(-0.678598344545851,0.678598344545837,-0.281084637714833));
#9579=DIRECTION('',(0.,0.,-1.));
#9580=DIRECTION('',(0.577350269189632,-0.577350269189619,-0.577350269189627));
#9581=DIRECTION('center_axis',(-0.707106781186548,0.,0.707106781186547));
#9582=DIRECTION('ref_axis',(0.707106781186547,0.,0.707106781186548));
#9583=DIRECTION('',(0.,-1.,0.));
#9584=DIRECTION('',(0.678598344545848,-0.281084637714819,0.678598344545847));
#9585=DIRECTION('',(0.,1.,0.));
#9586=DIRECTION('center_axis',(-0.707106781186547,-0.500000000000001,0.500000000000001));
#9587=DIRECTION('ref_axis',(0.577350269189627,-1.11022302462516E-16,0.816496580927725));
#9588=DIRECTION('',(0.,0.707106781186548,0.707106781186547));
#9589=DIRECTION('',(0.,-0.707106781186548,-0.707106781186547));
#9590=DIRECTION('center_axis',(-0.707106781186545,0.,-0.70710678118655));
#9591=DIRECTION('ref_axis',(-0.70710678118655,0.,0.707106781186545));
#9592=DIRECTION('',(0.,1.,0.));
#9593=DIRECTION('center_axis',(0.,0.,-1.));
#9594=DIRECTION('ref_axis',(-1.,0.,0.));
#9595=DIRECTION('',(1.,0.,0.));
#9596=DIRECTION('',(-1.,0.,0.));
#9597=DIRECTION('center_axis',(0.,-0.707106781186547,0.707106781186548));
#9598=DIRECTION('ref_axis',(1.,0.,0.));
#9599=DIRECTION('center_axis',(-1.,0.,0.));
#9600=DIRECTION('ref_axis',(0.,1.,0.));
#9601=DIRECTION('center_axis',(0.,0.707106781186547,0.707106781186548));
#9602=DIRECTION('ref_axis',(1.,0.,0.));
#9603=DIRECTION('center_axis',(0.70710678118654,0.707106781186555,0.));
#9604=DIRECTION('ref_axis',(0.,0.,-1.));
#9605=DIRECTION('',(0.,0.,1.));
#9606=DIRECTION('',(0.678598344545852,-0.678598344545837,-0.281084637714833));
#9607=DIRECTION('',(0.,0.,-1.));
#9608=DIRECTION('',(-0.577350269189632,0.577350269189619,-0.577350269189627));
#9609=DIRECTION('center_axis',(0.707106781186542,-0.707106781186553,0.));
#9610=DIRECTION('ref_axis',(0.,0.,-1.));
#9611=DIRECTION('',(0.,0.,1.));
#9612=DIRECTION('',(-0.678598344545849,-0.678598344545844,0.281084637714824));
#9613=DIRECTION('',(0.,0.,-1.));
#9614=DIRECTION('',(0.577350269189629,0.577350269189624,0.577350269189624));
#9615=DIRECTION('center_axis',(0.707106781186545,-0.500000000000001,0.500000000000002));
#9616=DIRECTION('ref_axis',(0.577350269189629,-3.05311331771918E-16,-0.816496580927724));
#9617=DIRECTION('',(0.,-0.707106781186548,-0.707106781186547));
#9618=DIRECTION('',(0.,0.707106781186548,0.707106781186547));
#9619=DIRECTION('',(-0.678598344545847,-0.281084637714819,0.678598344545847));
#9620=DIRECTION('center_axis',(0.707106781186548,0.,0.707106781186548));
#9621=DIRECTION('ref_axis',(0.707106781186548,0.,-0.707106781186548));
#9622=DIRECTION('',(0.,-1.,0.));
#9623=DIRECTION('',(0.,1.,0.));
#9624=DIRECTION('',(-0.678598344545849,0.281084637714819,0.678598344545846));
#9625=DIRECTION('center_axis',(0.707106781186545,0.,-0.70710678118655));
#9626=DIRECTION('ref_axis',(-0.70710678118655,0.,-0.707106781186545));
#9627=DIRECTION('',(0.,-1.,0.));
#9628=DIRECTION('',(0.,1.,0.));
#9629=DIRECTION('center_axis',(0.707106781186546,0.500000000000001,0.500000000000001));
#9630=DIRECTION('ref_axis',(0.577350269189628,-1.94289029309402E-16,-0.816496580927725));
#9631=DIRECTION('',(0.,-0.707106781186548,0.707106781186547));
#9632=DIRECTION('',(0.,0.707106781186548,-0.707106781186547));
#9633=DIRECTION('center_axis',(0.,1.,0.));
#9634=DIRECTION('ref_axis',(1.,0.,0.));
#9635=DIRECTION('',(1.,0.,0.));
#9636=DIRECTION('',(0.,0.,-1.));
#9637=DIRECTION('',(-1.,0.,0.));
#9638=DIRECTION('center_axis',(0.,0.,-1.));
#9639=DIRECTION('ref_axis',(-1.,0.,0.));
#9640=DIRECTION('',(-1.,0.,0.));
#9641=DIRECTION('',(0.,-1.,0.));
#9642=DIRECTION('center_axis',(0.,-1.,0.));
#9643=DIRECTION('ref_axis',(-1.,0.,0.));
#9644=DIRECTION('',(1.,0.,0.));
#9645=DIRECTION('',(0.,0.,1.));
#9646=DIRECTION('center_axis',(1.,0.,0.));
#9647=DIRECTION('ref_axis',(0.,-1.,0.));
#9648=DIRECTION('center_axis',(-0.707106781186542,0.707106781186553,0.));
#9649=DIRECTION('ref_axis',(0.,0.,1.));
#9650=DIRECTION('',(0.,0.,1.));
#9651=DIRECTION('',(0.678598344545849,0.678598344545844,0.281084637714824));
#9652=DIRECTION('',(-0.577350269189629,-0.577350269189624,0.577350269189624));
#9653=DIRECTION('center_axis',(-0.707106781186545,0.500000000000001,0.500000000000002));
#9654=DIRECTION('ref_axis',(0.577350269189629,-3.05311331771918E-16,0.816496580927724));
#9655=DIRECTION('',(0.,-0.707106781186548,0.707106781186547));
#9656=DIRECTION('',(0.678598344545847,0.281084637714819,0.678598344545847));
#9657=DIRECTION('',(0.,0.707106781186548,-0.707106781186547));
#9658=DIRECTION('center_axis',(-0.70710678118654,-0.707106781186555,0.));
#9659=DIRECTION('ref_axis',(0.,0.,1.));
#9660=DIRECTION('',(-0.678598344545852,0.678598344545837,-0.281084637714833));
#9661=DIRECTION('',(0.,0.,-1.));
#9662=DIRECTION('',(0.577350269189632,-0.577350269189619,-0.577350269189627));
#9663=DIRECTION('center_axis',(-0.707106781186548,0.,0.707106781186548));
#9664=DIRECTION('ref_axis',(0.707106781186548,0.,0.707106781186548));
#9665=DIRECTION('',(0.,-1.,0.));
#9666=DIRECTION('',(0.678598344545849,-0.281084637714819,0.678598344545846));
#9667=DIRECTION('',(0.,1.,0.));
#9668=DIRECTION('center_axis',(-0.707106781186546,-0.500000000000001,0.500000000000001));
#9669=DIRECTION('ref_axis',(0.577350269189628,-1.94289029309402E-16,0.816496580927725));
#9670=DIRECTION('',(0.,0.707106781186548,0.707106781186547));
#9671=DIRECTION('',(0.,-0.707106781186548,-0.707106781186547));
#9672=DIRECTION('center_axis',(-0.707106781186545,0.,-0.70710678118655));
#9673=DIRECTION('ref_axis',(-0.70710678118655,0.,0.707106781186545));
#9674=DIRECTION('',(0.,1.,0.));
#9675=DIRECTION('center_axis',(0.,0.,-1.));
#9676=DIRECTION('ref_axis',(-1.,0.,0.));
#9677=DIRECTION('',(1.,0.,0.));
#9678=DIRECTION('',(-1.,0.,0.));
#9679=DIRECTION('center_axis',(0.,-0.707106781186547,0.707106781186548));
#9680=DIRECTION('ref_axis',(1.,0.,0.));
#9681=DIRECTION('center_axis',(-1.,0.,0.));
#9682=DIRECTION('ref_axis',(0.,1.,0.));
#9683=DIRECTION('center_axis',(0.,0.707106781186547,0.707106781186548));
#9684=DIRECTION('ref_axis',(1.,0.,0.));
#9685=DIRECTION('center_axis',(0.70710678118654,0.707106781186555,0.));
#9686=DIRECTION('ref_axis',(0.,0.,-1.));
#9687=DIRECTION('',(0.,0.,1.));
#9688=DIRECTION('',(0.678598344545852,-0.678598344545837,-0.281084637714833));
#9689=DIRECTION('',(0.,0.,-1.));
#9690=DIRECTION('',(-0.577350269189632,0.577350269189619,-0.577350269189627));
#9691=DIRECTION('center_axis',(0.707106781186542,-0.707106781186553,0.));
#9692=DIRECTION('ref_axis',(0.,0.,-1.));
#9693=DIRECTION('',(0.,0.,1.));
#9694=DIRECTION('',(-0.678598344545849,-0.678598344545844,0.281084637714824));
#9695=DIRECTION('',(0.,0.,-1.));
#9696=DIRECTION('',(0.577350269189629,0.577350269189624,0.577350269189624));
#9697=DIRECTION('center_axis',(0.707106781186545,-0.500000000000001,0.500000000000002));
#9698=DIRECTION('ref_axis',(0.577350269189629,-3.05311331771918E-16,-0.816496580927724));
#9699=DIRECTION('',(0.,-0.707106781186548,-0.707106781186547));
#9700=DIRECTION('',(0.,0.707106781186548,0.707106781186547));
#9701=DIRECTION('',(-0.678598344545847,-0.281084637714819,0.678598344545847));
#9702=DIRECTION('center_axis',(0.707106781186548,0.,0.707106781186548));
#9703=DIRECTION('ref_axis',(0.707106781186548,0.,-0.707106781186548));
#9704=DIRECTION('',(0.,-1.,0.));
#9705=DIRECTION('',(0.,1.,0.));
#9706=DIRECTION('',(-0.678598344545849,0.281084637714819,0.678598344545846));
#9707=DIRECTION('center_axis',(0.707106781186545,0.,-0.70710678118655));
#9708=DIRECTION('ref_axis',(-0.70710678118655,0.,-0.707106781186545));
#9709=DIRECTION('',(0.,-1.,0.));
#9710=DIRECTION('',(0.,1.,0.));
#9711=DIRECTION('center_axis',(0.707106781186546,0.500000000000001,0.500000000000001));
#9712=DIRECTION('ref_axis',(0.577350269189628,-1.94289029309402E-16,-0.816496580927725));
#9713=DIRECTION('',(0.,-0.707106781186548,0.707106781186547));
#9714=DIRECTION('',(0.,0.707106781186548,-0.707106781186547));
#9715=DIRECTION('center_axis',(0.,1.,0.));
#9716=DIRECTION('ref_axis',(1.,0.,0.));
#9717=DIRECTION('',(1.,0.,0.));
#9718=DIRECTION('',(0.,0.,-1.));
#9719=DIRECTION('',(-1.,0.,0.));
#9720=DIRECTION('center_axis',(0.,0.,-1.));
#9721=DIRECTION('ref_axis',(-1.,0.,0.));
#9722=DIRECTION('',(-1.,0.,0.));
#9723=DIRECTION('',(0.,-1.,0.));
#9724=DIRECTION('center_axis',(0.,-1.,0.));
#9725=DIRECTION('ref_axis',(-1.,0.,0.));
#9726=DIRECTION('',(1.,0.,0.));
#9727=DIRECTION('',(0.,0.,1.));
#9728=DIRECTION('center_axis',(1.,0.,0.));
#9729=DIRECTION('ref_axis',(0.,-1.,0.));
#9730=DIRECTION('center_axis',(-0.707106781186542,0.707106781186553,0.));
#9731=DIRECTION('ref_axis',(0.,0.,1.));
#9732=DIRECTION('',(0.,0.,1.));
#9733=DIRECTION('',(0.678598344545849,0.678598344545844,0.281084637714824));
#9734=DIRECTION('',(-0.577350269189629,-0.577350269189624,0.577350269189624));
#9735=DIRECTION('center_axis',(-0.707106781186545,0.500000000000001,0.500000000000002));
#9736=DIRECTION('ref_axis',(0.577350269189629,-3.05311331771918E-16,0.816496580927724));
#9737=DIRECTION('',(0.,-0.707106781186548,0.707106781186547));
#9738=DIRECTION('',(0.678598344545847,0.281084637714819,0.678598344545847));
#9739=DIRECTION('',(0.,0.707106781186548,-0.707106781186547));
#9740=DIRECTION('center_axis',(-0.70710678118654,-0.707106781186555,0.));
#9741=DIRECTION('ref_axis',(0.,0.,1.));
#9742=DIRECTION('',(-0.678598344545852,0.678598344545837,-0.281084637714833));
#9743=DIRECTION('',(0.,0.,-1.));
#9744=DIRECTION('',(0.577350269189632,-0.577350269189619,-0.577350269189627));
#9745=DIRECTION('center_axis',(-0.707106781186548,0.,0.707106781186548));
#9746=DIRECTION('ref_axis',(0.707106781186548,0.,0.707106781186548));
#9747=DIRECTION('',(0.,-1.,0.));
#9748=DIRECTION('',(0.678598344545849,-0.281084637714819,0.678598344545846));
#9749=DIRECTION('',(0.,1.,0.));
#9750=DIRECTION('center_axis',(-0.707106781186546,-0.500000000000001,0.500000000000001));
#9751=DIRECTION('ref_axis',(0.577350269189628,-1.94289029309402E-16,0.816496580927725));
#9752=DIRECTION('',(0.,0.707106781186548,0.707106781186547));
#9753=DIRECTION('',(0.,-0.707106781186548,-0.707106781186547));
#9754=DIRECTION('center_axis',(-0.707106781186545,0.,-0.70710678118655));
#9755=DIRECTION('ref_axis',(-0.70710678118655,0.,0.707106781186545));
#9756=DIRECTION('',(0.,1.,0.));
#9757=DIRECTION('center_axis',(0.,0.,-1.));
#9758=DIRECTION('ref_axis',(-1.,0.,0.));
#9759=DIRECTION('',(1.,0.,0.));
#9760=DIRECTION('',(-1.,0.,0.));
#9761=DIRECTION('center_axis',(0.,-0.707106781186547,0.707106781186548));
#9762=DIRECTION('ref_axis',(1.,0.,0.));
#9763=DIRECTION('center_axis',(-1.,0.,0.));
#9764=DIRECTION('ref_axis',(0.,1.,0.));
#9765=DIRECTION('center_axis',(0.,0.707106781186547,0.707106781186548));
#9766=DIRECTION('ref_axis',(1.,0.,0.));
#9767=DIRECTION('center_axis',(0.,1.,0.));
#9768=DIRECTION('ref_axis',(1.,0.,0.));
#9769=DIRECTION('',(-1.,0.,0.));
#9770=DIRECTION('',(0.,0.,-1.));
#9771=DIRECTION('',(1.,0.,0.));
#9772=DIRECTION('',(0.,0.,-1.));
#9773=DIRECTION('center_axis',(0.,0.,-1.));
#9774=DIRECTION('ref_axis',(-1.,0.,0.));
#9775=DIRECTION('',(-1.,0.,0.));
#9776=DIRECTION('',(0.,1.,0.));
#9777=DIRECTION('',(0.,-1.,0.));
#9778=DIRECTION('center_axis',(0.,0.,-1.));
#9779=DIRECTION('ref_axis',(-1.,0.,0.));
#9780=DIRECTION('',(-1.,0.,0.));
#9781=DIRECTION('',(0.,1.,0.));
#9782=DIRECTION('',(1.,0.,0.));
#9783=DIRECTION('',(0.,-1.,0.));
#9784=DIRECTION('',(-1.,0.,0.));
#9785=DIRECTION('center_axis',(1.,0.,0.));
#9786=DIRECTION('ref_axis',(0.,-1.,0.));
#9787=DIRECTION('',(0.,-1.,0.));
#9788=DIRECTION('',(0.,0.,-1.));
#9789=DIRECTION('',(0.,0.,-1.));
#9790=DIRECTION('center_axis',(0.,-1.,0.));
#9791=DIRECTION('ref_axis',(-1.,0.,0.));
#9792=DIRECTION('',(1.,0.,0.));
#9793=DIRECTION('',(0.,0.,-1.));
#9794=DIRECTION('center_axis',(1.,0.,0.));
#9795=DIRECTION('ref_axis',(0.,-1.,0.));
#9796=DIRECTION('',(0.,1.,0.));
#9797=DIRECTION('',(0.,0.,-1.));
#9798=DIRECTION('center_axis',(0.,1.,0.));
#9799=DIRECTION('ref_axis',(1.,0.,0.));
#9800=DIRECTION('',(1.,0.,0.));
#9801=DIRECTION('',(0.,0.,-1.));
#9802=DIRECTION('center_axis',(-1.,0.,0.));
#9803=DIRECTION('ref_axis',(0.,1.,0.));
#9804=DIRECTION('',(0.,1.,0.));
#9805=DIRECTION('',(0.,0.,-1.));
#9806=DIRECTION('center_axis',(0.,-1.,0.));
#9807=DIRECTION('ref_axis',(-1.,0.,0.));
#9808=DIRECTION('',(1.,0.,0.));
#9809=DIRECTION('',(0.,0.,-1.));
#9810=DIRECTION('center_axis',(-1.,0.,0.));
#9811=DIRECTION('ref_axis',(0.,1.,0.));
#9812=DIRECTION('',(0.,1.,0.));
#9813=DIRECTION('',(0.,0.,-1.));
#9814=DIRECTION('center_axis',(0.,-1.,0.));
#9815=DIRECTION('ref_axis',(-1.,0.,0.));
#9816=DIRECTION('',(1.,0.,0.));
#9817=DIRECTION('center_axis',(0.,0.,1.));
#9818=DIRECTION('ref_axis',(-1.,0.,0.));
#9819=DIRECTION('center_axis',(-1.,0.,0.));
#9820=DIRECTION('ref_axis',(0.,1.,0.));
#9821=DIRECTION('',(0.,-1.,0.));
#9822=DIRECTION('',(0.,0.,-1.));
#9823=DIRECTION('',(0.,1.,0.));
#9824=DIRECTION('',(0.,0.,-1.));
#9825=DIRECTION('center_axis',(0.,1.,0.));
#9826=DIRECTION('ref_axis',(1.,0.,0.));
#9827=DIRECTION('',(-1.,0.,0.));
#9828=DIRECTION('',(1.,0.,0.));
#9829=DIRECTION('',(0.,0.,-1.));
#9830=DIRECTION('center_axis',(0.,-1.,0.));
#9831=DIRECTION('ref_axis',(-1.,0.,0.));
#9832=DIRECTION('',(1.,0.,0.));
#9833=DIRECTION('',(0.,0.,-1.));
#9834=DIRECTION('',(-1.,0.,0.));
#9835=DIRECTION('',(0.,0.,-1.));
#9836=DIRECTION('center_axis',(-1.,0.,0.));
#9837=DIRECTION('ref_axis',(0.,1.,0.));
#9838=DIRECTION('',(0.,-1.,0.));
#9839=DIRECTION('',(0.,1.,0.));
#9840=DIRECTION('',(0.,0.,-1.));
#9841=DIRECTION('center_axis',(1.,0.,0.));
#9842=DIRECTION('ref_axis',(0.,-1.,0.));
#9843=DIRECTION('',(0.,1.,0.));
#9844=DIRECTION('',(0.,0.,-1.));
#9845=DIRECTION('',(0.,-1.,0.));
#9846=DIRECTION('',(0.,0.,-1.));
#9847=DIRECTION('center_axis',(0.,-1.,0.));
#9848=DIRECTION('ref_axis',(-1.,0.,0.));
#9849=DIRECTION('',(1.,0.,0.));
#9850=DIRECTION('',(-1.,0.,0.));
#9851=DIRECTION('',(0.,0.,-1.));
#9852=DIRECTION('center_axis',(0.,1.,0.));
#9853=DIRECTION('ref_axis',(1.,0.,0.));
#9854=DIRECTION('',(-1.,0.,0.));
#9855=DIRECTION('',(0.,0.,-1.));
#9856=DIRECTION('',(1.,0.,0.));
#9857=DIRECTION('',(0.,0.,-1.));
#9858=DIRECTION('center_axis',(1.,0.,0.));
#9859=DIRECTION('ref_axis',(0.,-1.,0.));
#9860=DIRECTION('',(0.,1.,0.));
#9861=DIRECTION('',(0.,-1.,0.));
#9862=DIRECTION('',(0.,0.,-1.));
#9863=DIRECTION('center_axis',(0.,0.,-1.));
#9864=DIRECTION('ref_axis',(-1.,0.,0.));
#9865=DIRECTION('',(1.,0.,0.));
#9866=DIRECTION('',(0.,-1.,0.));
#9867=DIRECTION('',(-1.,0.,0.));
#9868=DIRECTION('',(0.,1.,0.));
#9869=DIRECTION('center_axis',(0.,0.,1.));
#9870=DIRECTION('ref_axis',(1.,0.,0.));
#9871=DIRECTION('',(-1.,0.,0.));
#9872=DIRECTION('',(0.,1.,0.));
#9873=DIRECTION('center_axis',(0.,0.,1.));
#9874=DIRECTION('ref_axis',(1.,0.,0.));
#9875=DIRECTION('',(0.,-1.,0.));
#9876=DIRECTION('',(-1.,0.,0.));
#9877=DIRECTION('center_axis',(0.,0.,1.));
#9878=DIRECTION('ref_axis',(1.,0.,0.));
#9879=DIRECTION('',(1.,0.,0.));
#9880=DIRECTION('',(0.,-1.,0.));
#9881=DIRECTION('center_axis',(0.,0.,1.));
#9882=DIRECTION('ref_axis',(1.,0.,0.));
#9883=DIRECTION('',(0.,1.,0.));
#9884=DIRECTION('',(1.,0.,0.));
#9885=DIRECTION('center_axis',(0.,0.,1.));
#9886=DIRECTION('ref_axis',(1.,0.,0.));
#9887=DIRECTION('',(0.,1.,0.));
#9888=DIRECTION('',(-1.,0.,0.));
#9889=DIRECTION('',(0.,-1.,0.));
#9890=DIRECTION('',(1.,0.,0.));
#9891=DIRECTION('center_axis',(0.,1.,0.));
#9892=DIRECTION('ref_axis',(1.,0.,0.));
#9893=DIRECTION('',(0.,0.,-1.));
#9894=DIRECTION('',(-1.,0.,0.));
#9895=DIRECTION('',(0.,0.,-1.));
#9896=DIRECTION('center_axis',(0.,-1.,0.));
#9897=DIRECTION('ref_axis',(-1.,0.,0.));
#9898=DIRECTION('center_axis',(1.,0.,0.));
#9899=DIRECTION('ref_axis',(0.,-1.,0.));
#9900=DIRECTION('',(0.,0.,-1.));
#9901=DIRECTION('',(0.,1.,0.));
#9902=DIRECTION('center_axis',(1.,0.,0.));
#9903=DIRECTION('ref_axis',(0.,-1.,0.));
#9904=DIRECTION('',(0.,0.,-1.));
#9905=DIRECTION('',(0.,1.,0.));
#9906=DIRECTION('',(0.,0.,-1.));
#9907=DIRECTION('center_axis',(0.,1.,0.));
#9908=DIRECTION('ref_axis',(1.,0.,0.));
#9909=DIRECTION('',(0.,0.,-1.));
#9910=DIRECTION('',(-1.,0.,0.));
#9911=DIRECTION('center_axis',(0.,-1.,0.));
#9912=DIRECTION('ref_axis',(-1.,0.,0.));
#9913=DIRECTION('center_axis',(0.,-1.,0.));
#9914=DIRECTION('ref_axis',(-1.,0.,0.));
#9915=DIRECTION('',(0.,0.,-1.));
#9916=DIRECTION('',(1.,0.,0.));
#9917=DIRECTION('center_axis',(0.,1.,0.));
#9918=DIRECTION('ref_axis',(-1.,0.,0.));
#9919=DIRECTION('center_axis',(0.,-1.,0.));
#9920=DIRECTION('ref_axis',(-1.,0.,0.));
#9921=DIRECTION('',(0.,-1.,0.));
#9922=DIRECTION('center_axis',(0.,-1.,0.));
#9923=DIRECTION('ref_axis',(-1.,0.,0.));
#9924=DIRECTION('',(0.,-1.,0.));
#9925=DIRECTION('center_axis',(0.,1.,0.));
#9926=DIRECTION('ref_axis',(-1.,0.,0.));
#9927=DIRECTION('center_axis',(-1.,0.,0.));
#9928=DIRECTION('ref_axis',(0.,1.,0.));
#9929=DIRECTION('',(0.,0.,-1.));
#9930=DIRECTION('',(0.,-1.,0.));
#9931=DIRECTION('center_axis',(0.,-1.,0.));
#9932=DIRECTION('ref_axis',(-1.,0.,0.));
#9933=DIRECTION('',(1.,0.,0.));
#9934=DIRECTION('center_axis',(-1.,0.,0.));
#9935=DIRECTION('ref_axis',(0.,1.,0.));
#9936=DIRECTION('',(0.,-1.,0.));
#9937=DIRECTION('center_axis',(-1.,0.,0.));
#9938=DIRECTION('ref_axis',(0.,1.,0.));
#9939=DIRECTION('',(0.,1.,0.));
#9940=DIRECTION('',(0.,0.,-1.));
#9941=DIRECTION('',(0.,1.,0.));
#9942=DIRECTION('',(0.,0.,-1.));
#9943=DIRECTION('center_axis',(0.,-1.,0.));
#9944=DIRECTION('ref_axis',(-1.,0.,0.));
#9945=DIRECTION('',(-1.,0.,0.));
#9946=DIRECTION('',(-1.,0.,0.));
#9947=DIRECTION('',(0.,0.,-1.));
#9948=DIRECTION('center_axis',(1.,0.,0.));
#9949=DIRECTION('ref_axis',(0.,-1.,0.));
#9950=DIRECTION('',(0.,-1.,0.));
#9951=DIRECTION('',(0.,-1.,0.));
#9952=DIRECTION('',(0.,0.,-1.));
#9953=DIRECTION('center_axis',(0.,1.,0.));
#9954=DIRECTION('ref_axis',(1.,0.,0.));
#9955=DIRECTION('',(1.,0.,0.));
#9956=DIRECTION('',(1.,0.,0.));
#9957=DIRECTION('center_axis',(0.,0.,1.));
#9958=DIRECTION('ref_axis',(1.,0.,0.));
#9959=DIRECTION('center_axis',(0.,0.,-1.));
#9960=DIRECTION('ref_axis',(-1.,0.,0.));
#9961=DIRECTION('',(0.,1.,0.));
#9962=DIRECTION('',(0.,-1.,0.));
#9963=DIRECTION('center_axis',(0.,1.,0.));
#9964=DIRECTION('ref_axis',(-0.939692620785908,0.,-0.342020143325669));
#9965=DIRECTION('center_axis',(0.,1.,0.));
#9966=DIRECTION('ref_axis',(0.638782286849512,0.,-0.769387542144599));
#9967=DIRECTION('',(0.939692620785908,0.,0.342020143325669));
#9968=DIRECTION('center_axis',(0.,-1.,0.));
#9969=DIRECTION('ref_axis',(-0.939692620785908,0.,-0.342020143325669));
#9970=DIRECTION('center_axis',(0.,-1.,0.));
#9971=DIRECTION('ref_axis',(0.638782286849512,0.,-0.769387542144599));
#9972=DIRECTION('center_axis',(0.,-1.,0.));
#9973=DIRECTION('ref_axis',(0.638782286849512,0.,-0.769387542144599));
#9974=DIRECTION('',(0.,-1.,0.));
#9975=DIRECTION('',(0.,1.,0.));
#9976=DIRECTION('center_axis',(0.,1.,0.));
#9977=DIRECTION('ref_axis',(-0.939692620785908,0.,-0.342020143325669));
#9978=DIRECTION('center_axis',(0.,-1.,0.));
#9979=DIRECTION('ref_axis',(-0.939692620785908,0.,-0.342020143325669));
#9980=DIRECTION('center_axis',(0.,-1.,0.));
#9981=DIRECTION('ref_axis',(-0.939692620785908,0.,-0.342020143325669));
#9982=DIRECTION('',(0.,1.,0.));
#9983=DIRECTION('center_axis',(0.,-1.,0.));
#9984=DIRECTION('ref_axis',(-0.939692620785908,0.,-0.342020143325669));
#9985=DIRECTION('center_axis',(0.,-1.,0.));
#9986=DIRECTION('ref_axis',(-0.939692620785908,0.,-0.342020143325669));
#9987=DIRECTION('',(0.,1.,0.));
#9988=DIRECTION('center_axis',(0.,1.,0.));
#9989=DIRECTION('ref_axis',(-0.939692620785908,0.,-0.342020143325669));
#9990=DIRECTION('center_axis',(0.,1.,0.));
#9991=DIRECTION('ref_axis',(-0.939692620785908,0.,-0.342020143325669));
#9992=DIRECTION('center_axis',(0.,-1.,0.));
#9993=DIRECTION('ref_axis',(0.939692620785908,0.,0.342020143325669));
#9994=DIRECTION('',(-0.939692620785908,0.,-0.342020143325669));
#9995=DIRECTION('center_axis',(0.342020143325669,0.,-0.939692620785908));
#9996=DIRECTION('ref_axis',(0.939692620785908,0.,0.342020143325669));
#9997=DIRECTION('',(0.,-1.,0.));
#9998=DIRECTION('',(0.,-1.,0.));
#9999=DIRECTION('center_axis',(-1.,-2.08166817117216E-16,2.20106279358541E-31));
#10000=DIRECTION('ref_axis',(-2.08166817117216E-16,1.,-1.08013246808772E-15));
#10001=DIRECTION('',(-2.08166817117216E-16,1.,0.));
#10002=DIRECTION('',(0.,-1.05735526154777E-15,-1.));
#10003=DIRECTION('',(2.08166817117216E-16,-1.,0.));
#10004=DIRECTION('',(0.,-1.05735526154777E-15,-1.));
#10005=DIRECTION('center_axis',(2.08166817117216E-16,-1.,1.05735526154777E-15));
#10006=DIRECTION('ref_axis',(-1.,-2.08166817117216E-16,-9.8607613152627E-32));
#10007=DIRECTION('',(-1.,-2.08166817117216E-16,0.));
#10008=DIRECTION('',(1.,2.08166817117216E-16,0.));
#10009=DIRECTION('',(0.,-1.05735526154777E-15,-1.));
#10010=DIRECTION('center_axis',(1.,2.08166817117216E-16,-2.20106279358541E-31));
#10011=DIRECTION('ref_axis',(2.08166817117216E-16,-1.,1.08013246808772E-15));
#10012=DIRECTION('',(2.08166817117216E-16,-1.,0.));
#10013=DIRECTION('',(-2.08166817117216E-16,1.,0.));
#10014=DIRECTION('',(0.,-1.05735526154777E-15,-1.));
#10015=DIRECTION('center_axis',(-2.08166817117216E-16,1.,-1.05735526154777E-15));
#10016=DIRECTION('ref_axis',(1.,2.08166817117216E-16,9.8607613152627E-32));
#10017=DIRECTION('',(1.,2.08166817117216E-16,0.));
#10018=DIRECTION('',(-1.,-2.08166817117216E-16,0.));
#10019=DIRECTION('center_axis',(0.,0.,1.));
#10020=DIRECTION('ref_axis',(-1.,0.,0.));
#10021=DIRECTION('center_axis',(0.,0.,1.));
#10022=DIRECTION('ref_axis',(-1.,0.,0.));
#10023=DIRECTION('center_axis',(0.,0.,1.));
#10024=DIRECTION('ref_axis',(1.,0.,0.));
#10025=DIRECTION('center_axis',(0.,0.,1.));
#10026=DIRECTION('ref_axis',(1.,0.,0.));
#10027=DIRECTION('',(0.,0.,1.));
#10028=DIRECTION('center_axis',(0.,0.,-1.));
#10029=DIRECTION('ref_axis',(1.,0.,0.));
#10030=DIRECTION('center_axis',(0.,0.,1.));
#10031=DIRECTION('ref_axis',(1.,0.,0.));
#10032=DIRECTION('center_axis',(0.,0.,1.));
#10033=DIRECTION('ref_axis',(1.,0.,0.));
#10034=DIRECTION('',(0.,0.,1.));
#10035=DIRECTION('center_axis',(0.,0.,-1.));
#10036=DIRECTION('ref_axis',(1.,0.,0.));
#10037=DIRECTION('center_axis',(0.,0.,1.));
#10038=DIRECTION('ref_axis',(1.,0.,0.));
#10039=DIRECTION('center_axis',(0.,0.,1.));
#10040=DIRECTION('ref_axis',(1.,0.,0.));
#10041=DIRECTION('',(0.,0.,1.));
#10042=DIRECTION('center_axis',(0.,0.,-1.));
#10043=DIRECTION('ref_axis',(1.,0.,0.));
#10044=DIRECTION('center_axis',(0.,0.,1.));
#10045=DIRECTION('ref_axis',(1.,0.,0.));
#10046=DIRECTION('center_axis',(0.,0.,1.));
#10047=DIRECTION('ref_axis',(1.,0.,0.));
#10048=DIRECTION('',(0.,0.,1.));
#10049=DIRECTION('center_axis',(0.,0.,-1.));
#10050=DIRECTION('ref_axis',(1.,0.,0.));
#10051=DIRECTION('center_axis',(-1.,-1.13817311871514E-16,0.));
#10052=DIRECTION('ref_axis',(1.13817311871514E-16,-1.,0.));
#10053=DIRECTION('',(1.13817311871514E-16,-1.,0.));
#10054=DIRECTION('',(0.,0.,1.));
#10055=DIRECTION('',(1.13817311871514E-16,-1.,0.));
#10056=DIRECTION('',(0.,0.,1.));
#10057=DIRECTION('center_axis',(0.,0.,1.));
#10058=DIRECTION('ref_axis',(-1.,2.96059473233376E-15,0.));
#10059=DIRECTION('center_axis',(0.,0.,1.));
#10060=DIRECTION('ref_axis',(-1.,2.96059473233376E-15,0.));
#10061=DIRECTION('',(0.,0.,1.));
#10062=DIRECTION('center_axis',(0.,0.,1.));
#10063=DIRECTION('ref_axis',(-1.,2.96059473233376E-15,0.));
#10064=DIRECTION('center_axis',(5.8819762894048E-17,-1.,0.));
#10065=DIRECTION('ref_axis',(1.,5.8819762894048E-17,0.));
#10066=DIRECTION('',(1.,5.8819762894048E-17,0.));
#10067=DIRECTION('',(0.,0.,1.));
#10068=DIRECTION('',(1.,5.8819762894048E-17,0.));
#10069=DIRECTION('center_axis',(0.,0.,1.));
#10070=DIRECTION('ref_axis',(0.,-1.,0.));
#10071=DIRECTION('center_axis',(0.,0.,1.));
#10072=DIRECTION('ref_axis',(0.,-1.,0.));
#10073=DIRECTION('',(0.,0.,1.));
#10074=DIRECTION('center_axis',(0.,0.,1.));
#10075=DIRECTION('ref_axis',(0.,-1.,0.));
#10076=DIRECTION('center_axis',(1.,2.35279051576192E-16,0.));
#10077=DIRECTION('ref_axis',(-2.35279051576192E-16,1.,0.));
#10078=DIRECTION('',(-2.35279051576192E-16,1.,0.));
#10079=DIRECTION('',(0.,0.,1.));
#10080=DIRECTION('',(-2.35279051576192E-16,1.,0.));
#10081=DIRECTION('center_axis',(0.,0.,1.));
#10082=DIRECTION('ref_axis',(1.,3.1347473636475E-15,0.));
#10083=DIRECTION('center_axis',(0.,0.,1.));
#10084=DIRECTION('ref_axis',(1.,3.1347473636475E-15,0.));
#10085=DIRECTION('',(0.,0.,1.));
#10086=DIRECTION('center_axis',(0.,0.,1.));
#10087=DIRECTION('ref_axis',(1.,3.1347473636475E-15,0.));
#10088=DIRECTION('center_axis',(0.,0.,1.));
#10089=DIRECTION('ref_axis',(0.987856312203488,0.155370223787327,0.));
#10090=DIRECTION('center_axis',(0.,0.,1.));
#10091=DIRECTION('ref_axis',(0.987856312203488,0.155370223787327,0.));
#10092=DIRECTION('',(0.,0.,1.));
#10093=DIRECTION('center_axis',(0.,0.,1.));
#10094=DIRECTION('ref_axis',(0.987856312203488,0.155370223787327,0.));
#10095=DIRECTION('center_axis',(0.,1.,0.));
#10096=DIRECTION('ref_axis',(-1.,0.,0.));
#10097=DIRECTION('',(-1.,0.,0.));
#10098=DIRECTION('',(0.,0.,1.));
#10099=DIRECTION('',(-1.,0.,0.));
#10100=DIRECTION('center_axis',(0.,0.,1.));
#10101=DIRECTION('ref_axis',(0.994129807102078,0.108193930657804,0.));
#10102=DIRECTION('center_axis',(0.,0.,1.));
#10103=DIRECTION('ref_axis',(0.994129807102078,0.108193930657804,0.));
#10104=DIRECTION('center_axis',(0.,0.,1.));
#10105=DIRECTION('ref_axis',(0.994129807102078,0.108193930657804,0.));
#10106=DIRECTION('center_axis',(0.,0.,-1.));
#10107=DIRECTION('ref_axis',(-1.,0.,0.));
#10108=DIRECTION('center_axis',(0.,0.,-1.));
#10109=DIRECTION('ref_axis',(-1.,0.,0.));
#10110=DIRECTION('',(0.,0.,-1.));
#10111=DIRECTION('center_axis',(0.,0.,1.));
#10112=DIRECTION('ref_axis',(-1.,0.,0.));
#10113=DIRECTION('center_axis',(0.,0.,-1.));
#10114=DIRECTION('ref_axis',(-1.,0.,0.));
#10115=DIRECTION('center_axis',(0.,0.,-1.));
#10116=DIRECTION('ref_axis',(-1.,0.,0.));
#10117=DIRECTION('',(0.,0.,-1.));
#10118=DIRECTION('center_axis',(0.,0.,1.));
#10119=DIRECTION('ref_axis',(-1.,0.,0.));
#10120=DIRECTION('center_axis',(0.,0.,-1.));
#10121=DIRECTION('ref_axis',(-1.,0.,0.));
#10122=DIRECTION('center_axis',(0.,0.,-1.));
#10123=DIRECTION('ref_axis',(-1.,0.,0.));
#10124=DIRECTION('',(0.,0.,-1.));
#10125=DIRECTION('center_axis',(0.,0.,1.));
#10126=DIRECTION('ref_axis',(-1.,0.,0.));
#10127=DIRECTION('center_axis',(0.,0.,-1.));
#10128=DIRECTION('ref_axis',(-1.,0.,0.));
#10129=DIRECTION('center_axis',(0.,0.,-1.));
#10130=DIRECTION('ref_axis',(-1.,0.,0.));
#10131=DIRECTION('',(0.,0.,-1.));
#10132=DIRECTION('center_axis',(0.,0.,1.));
#10133=DIRECTION('ref_axis',(-1.,0.,0.));
#10134=DIRECTION('center_axis',(0.,0.,1.));
#10135=DIRECTION('ref_axis',(-1.,0.,0.));
#10136=DIRECTION('',(-1.,-2.08166817117216E-16,0.));
#10137=DIRECTION('',(2.08166817117216E-16,-1.,0.));
#10138=DIRECTION('',(1.,2.08166817117216E-16,0.));
#10139=DIRECTION('',(-2.08166817117216E-16,1.,0.));
#10140=DIRECTION('center_axis',(0.,0.,1.));
#10141=DIRECTION('ref_axis',(-1.,0.,0.));
#10142=DIRECTION('',(1.,2.08166817117216E-16,0.));
#10143=DIRECTION('',(2.08166817117216E-16,-1.,0.));
#10144=DIRECTION('',(-1.,-2.08166817117216E-16,0.));
#10145=DIRECTION('',(-2.08166817117216E-16,1.,0.));
#10146=DIRECTION('center_axis',(1.,2.08166817117216E-16,-2.20106279358541E-31));
#10147=DIRECTION('ref_axis',(2.08166817117216E-16,-1.,1.08013246808772E-15));
#10148=DIRECTION('',(0.,-1.05735526154777E-15,-1.));
#10149=DIRECTION('',(0.,-1.05735526154777E-15,-1.));
#10150=DIRECTION('center_axis',(-2.08166817117216E-16,1.,-1.05735526154777E-15));
#10151=DIRECTION('ref_axis',(1.,2.08166817117216E-16,9.8607613152627E-32));
#10152=DIRECTION('',(0.,-1.05735526154777E-15,-1.));
#10153=DIRECTION('center_axis',(-1.,-2.08166817117216E-16,2.20106279358541E-31));
#10154=DIRECTION('ref_axis',(-2.08166817117216E-16,1.,-1.08013246808772E-15));
#10155=DIRECTION('',(0.,-1.05735526154777E-15,-1.));
#10156=DIRECTION('center_axis',(2.08166817117216E-16,-1.,1.05735526154777E-15));
#10157=DIRECTION('ref_axis',(-1.,-2.08166817117216E-16,-9.8607613152627E-32));
#10158=DIRECTION('center_axis',(0.,-1.,0.));
#10159=DIRECTION('ref_axis',(0.,0.,1.));
#10160=DIRECTION('',(0.,0.,-1.));
#10161=DIRECTION('',(-1.,0.,0.));
#10162=DIRECTION('',(0.,0.,1.));
#10163=DIRECTION('',(-1.,0.,0.));
#10164=DIRECTION('center_axis',(0.,-1.,0.));
#10165=DIRECTION('ref_axis',(0.,0.,1.));
#10166=DIRECTION('',(0.,0.,1.));
#10167=DIRECTION('',(-1.,0.,0.));
#10168=DIRECTION('',(0.,0.,-1.));
#10169=DIRECTION('',(-1.,0.,0.));
#10170=DIRECTION('center_axis',(0.,0.,1.));
#10171=DIRECTION('ref_axis',(0.,1.,0.));
#10172=DIRECTION('',(0.,-1.,0.));
#10173=DIRECTION('',(-1.,0.,0.));
#10174=DIRECTION('',(0.,1.,0.));
#10175=DIRECTION('center_axis',(0.,0.,1.));
#10176=DIRECTION('ref_axis',(0.,1.,0.));
#10177=DIRECTION('',(0.,1.,0.));
#10178=DIRECTION('',(2.19207399092985E-16,-1.,0.));
#10179=DIRECTION('',(-1.,0.,0.));
#10180=DIRECTION('center_axis',(0.,0.,-1.));
#10181=DIRECTION('ref_axis',(0.,-1.,0.));
#10182=DIRECTION('',(0.,1.,0.));
#10183=DIRECTION('',(0.,-1.,0.));
#10184=DIRECTION('',(-1.,0.,0.));
#10185=DIRECTION('center_axis',(0.,1.,0.));
#10186=DIRECTION('ref_axis',(0.,0.,-1.));
#10187=DIRECTION('',(0.,0.,1.));
#10188=DIRECTION('',(0.,0.,-1.));
#10189=DIRECTION('center_axis',(0.,1.,0.));
#10190=DIRECTION('ref_axis',(0.,0.,-1.));
#10191=DIRECTION('',(0.,0.,-1.));
#10192=DIRECTION('',(0.,0.,1.));
#10193=DIRECTION('',(-1.,0.,0.));
#10194=DIRECTION('center_axis',(0.,0.,-1.));
#10195=DIRECTION('ref_axis',(0.,-1.,0.));
#10196=DIRECTION('',(0.,-1.,0.));
#10197=DIRECTION('',(-2.19207399092985E-16,1.,0.));
#10198=DIRECTION('center_axis',(0.,-1.,0.));
#10199=DIRECTION('ref_axis',(0.,0.,1.));
#10200=DIRECTION('',(0.,0.,-1.));
#10201=DIRECTION('',(-1.,0.,0.));
#10202=DIRECTION('',(0.,0.,1.));
#10203=DIRECTION('',(-1.,0.,0.));
#10204=DIRECTION('center_axis',(0.,-1.,0.));
#10205=DIRECTION('ref_axis',(0.,0.,1.));
#10206=DIRECTION('',(0.,0.,1.));
#10207=DIRECTION('',(-1.,0.,0.));
#10208=DIRECTION('',(0.,0.,-1.));
#10209=DIRECTION('',(-1.,0.,0.));
#10210=DIRECTION('center_axis',(0.,0.,1.));
#10211=DIRECTION('ref_axis',(0.,1.,0.));
#10212=DIRECTION('',(0.,-1.,0.));
#10213=DIRECTION('',(-1.,0.,0.));
#10214=DIRECTION('',(0.,1.,0.));
#10215=DIRECTION('center_axis',(0.,0.,1.));
#10216=DIRECTION('ref_axis',(0.,1.,0.));
#10217=DIRECTION('',(0.,1.,0.));
#10218=DIRECTION('',(2.19207399092985E-16,-1.,0.));
#10219=DIRECTION('',(-1.,0.,0.));
#10220=DIRECTION('center_axis',(0.,0.,-1.));
#10221=DIRECTION('ref_axis',(0.,-1.,0.));
#10222=DIRECTION('',(0.,1.,0.));
#10223=DIRECTION('',(0.,-1.,0.));
#10224=DIRECTION('',(-1.,0.,0.));
#10225=DIRECTION('center_axis',(0.,1.,0.));
#10226=DIRECTION('ref_axis',(0.,0.,-1.));
#10227=DIRECTION('',(0.,0.,1.));
#10228=DIRECTION('',(0.,0.,-1.));
#10229=DIRECTION('center_axis',(0.,1.,0.));
#10230=DIRECTION('ref_axis',(0.,0.,-1.));
#10231=DIRECTION('',(0.,0.,-1.));
#10232=DIRECTION('',(0.,0.,1.));
#10233=DIRECTION('',(-1.,0.,0.));
#10234=DIRECTION('center_axis',(0.,0.,-1.));
#10235=DIRECTION('ref_axis',(0.,-1.,0.));
#10236=DIRECTION('',(0.,-1.,0.));
#10237=DIRECTION('',(-2.19207399092985E-16,1.,0.));
#10238=DIRECTION('center_axis',(0.,0.,1.));
#10239=DIRECTION('ref_axis',(1.,0.,0.));
#10240=DIRECTION('center_axis',(0.,0.,1.));
#10241=DIRECTION('ref_axis',(0.999545056581193,0.0301608995903615,0.));
#10242=DIRECTION('',(0.,-1.,0.));
#10243=DIRECTION('',(0.,-1.,0.));
#10244=DIRECTION('',(1.,0.,0.));
#10245=DIRECTION('',(0.,1.,0.));
#10246=DIRECTION('center_axis',(0.,0.,1.));
#10247=DIRECTION('ref_axis',(1.,1.77635683940025E-15,0.));
#10248=DIRECTION('',(-1.,7.10058416585252E-15,0.));
#10249=DIRECTION('center_axis',(0.,0.,1.));
#10250=DIRECTION('ref_axis',(1.,0.,0.));
#10251=DIRECTION('',(-1.,0.,0.));
#10252=DIRECTION('center_axis',(0.,0.,1.));
#10253=DIRECTION('ref_axis',(1.,1.56737368182375E-15,0.));
#10254=DIRECTION('center_axis',(0.,0.,1.));
#10255=DIRECTION('ref_axis',(1.,1.56737368182375E-15,0.));
#10256=DIRECTION('',(0.,0.,1.));
#10257=DIRECTION('center_axis',(0.,0.,1.));
#10258=DIRECTION('ref_axis',(1.,1.56737368182375E-15,0.));
#10259=DIRECTION('',(0.,0.,1.));
#10260=DIRECTION('center_axis',(0.,0.,1.));
#10261=DIRECTION('ref_axis',(0.987856312203488,0.155370223787327,0.));
#10262=DIRECTION('center_axis',(0.,0.,1.));
#10263=DIRECTION('ref_axis',(0.987856312203488,0.155370223787327,0.));
#10264=DIRECTION('',(0.,0.,1.));
#10265=DIRECTION('center_axis',(0.,0.,1.));
#10266=DIRECTION('ref_axis',(0.987856312203488,0.155370223787327,0.));
#10267=DIRECTION('center_axis',(0.,1.,0.));
#10268=DIRECTION('ref_axis',(-1.,0.,0.));
#10269=DIRECTION('',(1.,0.,0.));
#10270=DIRECTION('',(0.,0.,1.));
#10271=DIRECTION('',(-1.,0.,0.));
#10272=DIRECTION('center_axis',(0.,0.,1.));
#10273=DIRECTION('ref_axis',(0.994129807102078,0.108193930657804,0.));
#10274=DIRECTION('center_axis',(0.,0.,1.));
#10275=DIRECTION('ref_axis',(0.994129807102078,0.108193930657804,0.));
#10276=DIRECTION('',(0.,0.,1.));
#10277=DIRECTION('center_axis',(0.,0.,1.));
#10278=DIRECTION('ref_axis',(0.994129807102078,0.108193930657804,0.));
#10279=DIRECTION('center_axis',(-1.,0.,0.));
#10280=DIRECTION('ref_axis',(0.,-1.,0.));
#10281=DIRECTION('',(0.,-1.,0.));
#10282=DIRECTION('',(0.,0.,1.));
#10283=DIRECTION('',(0.,0.,1.));
#10284=DIRECTION('center_axis',(0.,0.,1.));
#10285=DIRECTION('ref_axis',(0.999545056581193,0.0301608995903615,0.));
#10286=DIRECTION('center_axis',(0.,0.,-1.));
#10287=DIRECTION('ref_axis',(0.999545056581193,0.0301608995903615,0.));
#10288=DIRECTION('',(0.,0.,1.));
#10289=DIRECTION('center_axis',(0.,0.,-1.));
#10290=DIRECTION('ref_axis',(0.999545056581193,0.0301608995903615,0.));
#10291=DIRECTION('',(0.,0.,1.));
#10292=DIRECTION('center_axis',(0.,-1.,0.));
#10293=DIRECTION('ref_axis',(1.,0.,0.));
#10294=DIRECTION('',(0.,0.,1.));
#10295=DIRECTION('',(1.,0.,0.));
#10296=DIRECTION('center_axis',(0.,0.,1.));
#10297=DIRECTION('ref_axis',(1.,0.,0.));
#10298=DIRECTION('',(0.,0.,1.));
#10299=DIRECTION('center_axis',(0.,0.,-1.));
#10300=DIRECTION('ref_axis',(1.,0.,0.));
#10301=DIRECTION('center_axis',(1.,0.,0.));
#10302=DIRECTION('ref_axis',(0.,1.,0.));
#10303=DIRECTION('',(0.,1.,0.));
#10304=DIRECTION('',(0.,0.,1.));
#10305=DIRECTION('center_axis',(-1.,0.,0.));
#10306=DIRECTION('ref_axis',(0.,-1.,0.));
#10307=DIRECTION('',(0.,0.,1.));
#10308=DIRECTION('',(0.,-1.,0.));
#10309=DIRECTION('',(0.,0.,1.));
#10310=DIRECTION('center_axis',(0.,0.,1.));
#10311=DIRECTION('ref_axis',(1.,1.77635683940025E-15,0.));
#10312=DIRECTION('center_axis',(0.,0.,-1.));
#10313=DIRECTION('ref_axis',(1.,1.77635683940025E-15,0.));
#10314=DIRECTION('',(0.,0.,1.));
#10315=DIRECTION('center_axis',(-7.10058416585252E-15,-1.,0.));
#10316=DIRECTION('ref_axis',(1.,-7.10058416585252E-15,0.));
#10317=DIRECTION('',(1.,-7.10058416585252E-15,0.));
#10318=DIRECTION('center_axis',(0.,0.,1.));
#10319=DIRECTION('ref_axis',(1.,0.,0.));
#10320=DIRECTION('center_axis',(0.,0.,1.));
#10321=DIRECTION('ref_axis',(-0.707106781186545,-0.70710678118655,0.));
#10322=DIRECTION('',(-2.19207399092985E-16,1.,0.));
#10323=DIRECTION('',(0.,-1.,0.));
#10324=DIRECTION('center_axis',(0.,0.,1.));
#10325=DIRECTION('ref_axis',(0.70710678118655,-0.707106781186545,0.));
#10326=DIRECTION('',(-1.,-5.657187386625E-17,0.));
#10327=DIRECTION('center_axis',(1.,0.,0.));
#10328=DIRECTION('ref_axis',(0.,1.,0.));
#10329=DIRECTION('',(0.,0.,1.));
#10330=DIRECTION('',(0.,1.,0.));
#10331=DIRECTION('center_axis',(0.,0.,1.));
#10332=DIRECTION('ref_axis',(0.70710678118655,-0.707106781186545,0.));
#10333=DIRECTION('center_axis',(0.,0.,-1.));
#10334=DIRECTION('ref_axis',(0.70710678118655,-0.707106781186545,0.));
#10335=DIRECTION('',(0.,0.,-1.));
#10336=DIRECTION('center_axis',(0.,0.,1.));
#10337=DIRECTION('ref_axis',(1.,0.,0.));
#10338=DIRECTION('center_axis',(0.,0.,-1.));
#10339=DIRECTION('ref_axis',(-0.707106781186545,-0.70710678118655,0.));
#10340=DIRECTION('',(1.,5.657187386625E-17,0.));
#10341=DIRECTION('',(2.19207399092985E-16,-1.,0.));
#10342=DIRECTION('center_axis',(0.,0.,-1.));
#10343=DIRECTION('ref_axis',(-1.,0.,0.));
#10344=DIRECTION('center_axis',(0.,0.,-1.));
#10345=DIRECTION('ref_axis',(-1.,0.,0.));
#10346=DIRECTION('center_axis',(0.,0.,-1.));
#10347=DIRECTION('ref_axis',(-1.,0.,0.));
#10348=DIRECTION('',(-1.,0.,0.));
#10349=DIRECTION('center_axis',(-1.,-2.19207399092985E-16,0.));
#10350=DIRECTION('ref_axis',(2.19207399092985E-16,-1.,0.));
#10351=DIRECTION('',(0.,0.,-1.));
#10352=DIRECTION('center_axis',(0.,0.,1.));
#10353=DIRECTION('ref_axis',(-0.707106781186545,-0.70710678118655,0.));
#10354=DIRECTION('',(0.,0.,1.));
#10355=DIRECTION('center_axis',(0.,0.,1.));
#10356=DIRECTION('ref_axis',(-1.,0.,0.));
#10357=DIRECTION('center_axis',(0.,0.,-1.));
#10358=DIRECTION('ref_axis',(-1.,0.,0.));
#10359=DIRECTION('center_axis',(0.,0.,-1.));
#10360=DIRECTION('ref_axis',(-1.,0.,0.));
#10361=DIRECTION('',(0.,0.,-1.));
#10362=DIRECTION('center_axis',(0.,0.,1.));
#10363=DIRECTION('ref_axis',(-1.,0.,0.));
#10364=DIRECTION('center_axis',(0.,0.,-1.));
#10365=DIRECTION('ref_axis',(-1.,0.,0.));
#10366=DIRECTION('center_axis',(0.,0.,-1.));
#10367=DIRECTION('ref_axis',(-1.,0.,0.));
#10368=DIRECTION('',(0.,0.,-1.));
#10369=DIRECTION('center_axis',(0.,0.,1.));
#10370=DIRECTION('ref_axis',(-1.,0.,0.));
#10371=DIRECTION('center_axis',(0.,0.,-1.));
#10372=DIRECTION('ref_axis',(-1.,0.,0.));
#10373=DIRECTION('center_axis',(0.,0.,-1.));
#10374=DIRECTION('ref_axis',(-1.,0.,0.));
#10375=DIRECTION('',(0.,0.,-1.));
#10376=DIRECTION('center_axis',(5.657187386625E-17,-1.,0.));
#10377=DIRECTION('ref_axis',(1.,5.657187386625E-17,0.));
#10378=DIRECTION('',(-9.02056207507944E-16,-5.10310099914073E-32,-1.));
#10379=DIRECTION('center_axis',(-5.657187386625E-17,1.,0.));
#10380=DIRECTION('ref_axis',(1.,2.1384603489703E-14,-5.34294830600854E-15));
#10381=DIRECTION('',(-1.,-5.657187386625E-17,9.02056207507939E-16));
#10382=DIRECTION('',(-0.745937661625914,-4.21990913055867E-17,0.666015769308854));
#10383=DIRECTION('',(9.02056207507944E-16,5.10310099914073E-32,1.));
#10384=DIRECTION('',(0.745937661625915,4.21990913055867E-17,0.666015769308852));
#10385=DIRECTION('',(1.,5.657187386625E-17,-9.02056207507939E-16));
#10386=DIRECTION('center_axis',(-5.657187386625E-17,1.,0.));
#10387=DIRECTION('ref_axis',(5.34294830600854E-15,2.39124959150148E-16,
1.));
#10388=DIRECTION('center_axis',(0.,1.,0.));
#10389=DIRECTION('ref_axis',(-1.,0.,0.));
#10390=DIRECTION('',(9.02056207507944E-16,0.,1.));
#10391=DIRECTION('center_axis',(0.,-1.,0.));
#10392=DIRECTION('ref_axis',(5.34294830600854E-15,2.39124959150148E-16,
1.));
#10393=DIRECTION('',(-1.,0.,9.02056207507939E-16));
#10394=DIRECTION('',(-0.745937661625915,0.,-0.666015769308852));
#10395=DIRECTION('',(-9.02056207507944E-16,0.,-1.));
#10396=DIRECTION('',(0.745937661625914,0.,-0.666015769308854));
#10397=DIRECTION('',(1.,0.,-9.02056207507939E-16));
#10398=DIRECTION('center_axis',(0.,-1.,0.));
#10399=DIRECTION('ref_axis',(1.,2.1384603489703E-14,-5.34294830600854E-15));
#10400=DIRECTION('center_axis',(-0.666015769308852,-1.40641108316946E-14,
0.745937661625915));
#10401=DIRECTION('ref_axis',(0.745937661625915,1.60795587060728E-14,0.666015769308852));
#10402=DIRECTION('',(-2.1384603489703E-14,1.,-2.39124959150034E-16));
#10403=DIRECTION('',(-2.1384603489703E-14,1.,-2.39124959150034E-16));
#10404=DIRECTION('center_axis',(9.02056207507939E-16,2.39124959150053E-16,
1.));
#10405=DIRECTION('ref_axis',(1.,2.13579154362265E-14,-9.02056207507944E-16));
#10406=DIRECTION('',(-2.1384603489703E-14,1.,-2.39124959150034E-16));
#10407=DIRECTION('center_axis',(-2.1384603489703E-14,1.,-2.39124959150034E-16));
#10408=DIRECTION('ref_axis',(5.34294830600854E-15,2.39124959150148E-16,
1.));
#10409=DIRECTION('',(-2.1384603489703E-14,1.,-2.39124959150034E-16));
#10410=DIRECTION('center_axis',(1.,2.1384603489703E-14,-9.02056207507944E-16));
#10411=DIRECTION('ref_axis',(-9.0205620750794E-16,-2.22044604925056E-16,
-1.));
#10412=DIRECTION('',(-2.1384603489703E-14,1.,-2.39124959150034E-16));
#10413=DIRECTION('center_axis',(-2.1384603489703E-14,1.,-2.39124959150034E-16));
#10414=DIRECTION('ref_axis',(1.,2.1384603489703E-14,-5.34294830600854E-15));
#10415=DIRECTION('',(-2.1384603489703E-14,1.,-2.39124959150034E-16));
#10416=DIRECTION('center_axis',(-9.02056207507939E-16,-2.39124959150053E-16,
-1.));
#10417=DIRECTION('ref_axis',(-1.,-2.13579154362265E-14,9.02056207507944E-16));
#10418=DIRECTION('',(-2.1384603489703E-14,1.,-2.39124959150034E-16));
#10419=DIRECTION('center_axis',(-0.666015769308854,-1.44208554574241E-14,
-0.745937661625914));
#10420=DIRECTION('ref_axis',(-0.745937661625914,-1.57837882893327E-14,0.666015769308854));
#10421=DIRECTION('',(-2.1384603489703E-14,1.,-2.39124959150034E-16));
#10422=DIRECTION('center_axis',(-1.,-2.1384603489703E-14,9.02056207507944E-16));
#10423=DIRECTION('ref_axis',(9.0205620750794E-16,2.22044604925056E-16,1.));
#10424=DIRECTION('',(0.,0.,1.));
#10425=DIRECTION('',(3.19189119579732E-16,-1.,0.));
#10426=DIRECTION('',(2.13579154362265E-14,-1.,2.22044604925037E-16));
#10427=DIRECTION('',(-9.02056207508011E-16,-2.22044604925056E-16,-1.));
#10428=CARTESIAN_POINT('',(0.,0.,0.));
#10429=CARTESIAN_POINT('',(0.,0.,0.));
#10430=CARTESIAN_POINT('',(0.,0.,0.));
#10431=CARTESIAN_POINT('Origin',(14.675,4.755,1.6));
#10432=CARTESIAN_POINT('',(14.675,4.755,0.));
#10433=CARTESIAN_POINT('',(14.675,5.405,0.));
#10434=CARTESIAN_POINT('',(14.675,4.755,0.));
#10435=CARTESIAN_POINT('',(14.675,5.405,1.6));
#10436=CARTESIAN_POINT('',(14.675,5.405,1.6));
#10437=CARTESIAN_POINT('',(14.675,4.755,1.6));
#10438=CARTESIAN_POINT('',(14.675,4.755,1.6));
#10439=CARTESIAN_POINT('',(14.675,4.755,1.6));
#10440=CARTESIAN_POINT('Origin',(14.675,5.405,1.6));
#10441=CARTESIAN_POINT('',(15.325,5.405,0.));
#10442=CARTESIAN_POINT('',(14.675,5.405,0.));
#10443=CARTESIAN_POINT('',(15.325,5.405,1.6));
#10444=CARTESIAN_POINT('',(15.325,5.405,1.6));
#10445=CARTESIAN_POINT('',(14.675,5.405,1.6));
#10446=CARTESIAN_POINT('Origin',(15.325,5.405,1.6));
#10447=CARTESIAN_POINT('',(15.325,4.755,0.));
#10448=CARTESIAN_POINT('',(15.325,5.405,0.));
#10449=CARTESIAN_POINT('',(15.325,4.755,1.6));
#10450=CARTESIAN_POINT('',(15.325,4.755,1.6));
#10451=CARTESIAN_POINT('',(15.325,5.405,1.6));
#10452=CARTESIAN_POINT('Origin',(14.675,2.865,1.6));
#10453=CARTESIAN_POINT('',(14.675,2.865,0.));
#10454=CARTESIAN_POINT('',(15.325,2.865,0.));
#10455=CARTESIAN_POINT('',(14.675,2.865,0.));
#10456=CARTESIAN_POINT('',(15.325,2.865,1.6));
#10457=CARTESIAN_POINT('',(15.325,2.865,1.6));
#10458=CARTESIAN_POINT('',(14.675,2.865,1.6));
#10459=CARTESIAN_POINT('',(14.675,2.865,1.6));
#10460=CARTESIAN_POINT('',(14.675,2.865,1.6));
#10461=CARTESIAN_POINT('Origin',(15.325,2.865,1.6));
#10462=CARTESIAN_POINT('',(15.325,2.215,0.));
#10463=CARTESIAN_POINT('',(15.325,2.865,0.));
#10464=CARTESIAN_POINT('',(15.325,2.215,1.6));
#10465=CARTESIAN_POINT('',(15.325,2.215,1.6));
#10466=CARTESIAN_POINT('',(15.325,2.865,1.6));
#10467=CARTESIAN_POINT('Origin',(15.325,2.215,1.6));
#10468=CARTESIAN_POINT('',(14.675,2.215,0.));
#10469=CARTESIAN_POINT('',(15.325,2.215,0.));
#10470=CARTESIAN_POINT('',(14.675,2.215,1.6));
#10471=CARTESIAN_POINT('',(14.675,2.215,1.6));
#10472=CARTESIAN_POINT('',(15.325,2.215,1.6));
#10473=CARTESIAN_POINT('Origin',(17.,-13.,1.6));
#10474=CARTESIAN_POINT('',(17.,-13.,0.));
#10475=CARTESIAN_POINT('',(17.,13.,0.));
#10476=CARTESIAN_POINT('',(17.,-13.,0.));
#10477=CARTESIAN_POINT('',(17.,13.,1.6));
#10478=CARTESIAN_POINT('',(17.,13.,1.6));
#10479=CARTESIAN_POINT('',(17.,-13.,1.6));
#10480=CARTESIAN_POINT('',(17.,-13.,1.6));
#10481=CARTESIAN_POINT('',(17.,-13.,1.6));
#10482=CARTESIAN_POINT('Origin',(17.,13.,1.6));
#10483=CARTESIAN_POINT('',(-17.,13.,0.));
#10484=CARTESIAN_POINT('',(17.,13.,0.));
#10485=CARTESIAN_POINT('',(-17.,13.,1.6));
#10486=CARTESIAN_POINT('',(-17.,13.,1.6));
#10487=CARTESIAN_POINT('',(17.,13.,1.6));
#10488=CARTESIAN_POINT('Origin',(-17.,13.,1.6));
#10489=CARTESIAN_POINT('',(-17.,-13.,0.));
#10490=CARTESIAN_POINT('',(-17.,13.,0.));
#10491=CARTESIAN_POINT('',(-17.,-13.,1.6));
#10492=CARTESIAN_POINT('',(-17.,-13.,1.6));
#10493=CARTESIAN_POINT('',(-17.,13.,1.6));
#10494=CARTESIAN_POINT('Origin',(15.325,0.325,1.6));
#10495=CARTESIAN_POINT('',(15.325,0.325,0.));
#10496=CARTESIAN_POINT('',(14.675,0.325,0.));
#10497=CARTESIAN_POINT('',(15.325,0.325,0.));
#10498=CARTESIAN_POINT('',(15.325,0.325,1.6));
#10499=CARTESIAN_POINT('',(15.325,0.325,1.6));
#10500=CARTESIAN_POINT('',(14.675,0.325,1.6));
#10501=CARTESIAN_POINT('',(15.325,0.325,1.6));
#10502=CARTESIAN_POINT('',(14.675,0.325,1.6));
#10503=CARTESIAN_POINT('Origin',(15.325,-0.325,1.6));
#10504=CARTESIAN_POINT('',(15.325,-0.325,0.));
#10505=CARTESIAN_POINT('',(15.325,-0.325,0.));
#10506=CARTESIAN_POINT('',(15.325,-0.325,1.6));
#10507=CARTESIAN_POINT('',(15.325,-0.325,1.6));
#10508=CARTESIAN_POINT('',(15.325,-0.325,1.6));
#10509=CARTESIAN_POINT('Origin',(14.675,-0.325,1.6));
#10510=CARTESIAN_POINT('',(14.675,-0.325,0.));
#10511=CARTESIAN_POINT('',(14.675,-0.325,0.));
#10512=CARTESIAN_POINT('',(14.675,-0.325,1.6));
#10513=CARTESIAN_POINT('',(14.675,-0.325,1.6));
#10514=CARTESIAN_POINT('',(14.675,-0.325,1.6));
#10515=CARTESIAN_POINT('Origin',(15.325,-2.215,1.6));
#10516=CARTESIAN_POINT('',(15.325,-2.215,0.));
#10517=CARTESIAN_POINT('',(14.675,-2.215,0.));
#10518=CARTESIAN_POINT('',(15.325,-2.215,0.));
#10519=CARTESIAN_POINT('',(15.325,-2.215,1.6));
#10520=CARTESIAN_POINT('',(15.325,-2.215,1.6));
#10521=CARTESIAN_POINT('',(14.675,-2.215,1.6));
#10522=CARTESIAN_POINT('',(15.325,-2.215,1.6));
#10523=CARTESIAN_POINT('',(14.675,-2.215,1.6));
#10524=CARTESIAN_POINT('Origin',(15.325,-2.865,1.6));
#10525=CARTESIAN_POINT('',(15.325,-2.865,0.));
#10526=CARTESIAN_POINT('',(15.325,-2.865,0.));
#10527=CARTESIAN_POINT('',(15.325,-2.865,1.6));
#10528=CARTESIAN_POINT('',(15.325,-2.865,1.6));
#10529=CARTESIAN_POINT('',(15.325,-2.865,1.6));
#10530=CARTESIAN_POINT('Origin',(14.675,-2.865,1.6));
#10531=CARTESIAN_POINT('',(14.675,-2.865,0.));
#10532=CARTESIAN_POINT('',(14.675,-2.865,0.));
#10533=CARTESIAN_POINT('',(14.675,-2.865,1.6));
#10534=CARTESIAN_POINT('',(14.675,-2.865,1.6));
#10535=CARTESIAN_POINT('',(14.675,-2.865,1.6));
#10536=CARTESIAN_POINT('Origin',(15.325,-4.755,1.6));
#10537=CARTESIAN_POINT('',(15.325,-4.755,0.));
#10538=CARTESIAN_POINT('',(14.675,-4.755,0.));
#10539=CARTESIAN_POINT('',(15.325,-4.755,0.));
#10540=CARTESIAN_POINT('',(15.325,-4.755,1.6));
#10541=CARTESIAN_POINT('',(15.325,-4.755,1.6));
#10542=CARTESIAN_POINT('',(14.675,-4.755,1.6));
#10543=CARTESIAN_POINT('',(15.325,-4.755,1.6));
#10544=CARTESIAN_POINT('',(14.675,-4.755,1.6));
#10545=CARTESIAN_POINT('Origin',(15.325,-5.405,1.6));
#10546=CARTESIAN_POINT('',(15.325,-5.405,0.));
#10547=CARTESIAN_POINT('',(15.325,-5.405,0.));
#10548=CARTESIAN_POINT('',(15.325,-5.405,1.6));
#10549=CARTESIAN_POINT('',(15.325,-5.405,1.6));
#10550=CARTESIAN_POINT('',(15.325,-5.405,1.6));
#10551=CARTESIAN_POINT('Origin',(14.675,-5.405,1.6));
#10552=CARTESIAN_POINT('',(14.675,-5.405,0.));
#10553=CARTESIAN_POINT('',(14.675,-5.405,0.));
#10554=CARTESIAN_POINT('',(14.675,-5.405,1.6));
#10555=CARTESIAN_POINT('',(14.675,-5.405,1.6));
#10556=CARTESIAN_POINT('',(14.675,-5.405,1.6));
#10557=CARTESIAN_POINT('Origin',(14.675,2.215,1.6));
#10558=CARTESIAN_POINT('',(14.675,2.215,0.));
#10559=CARTESIAN_POINT('',(14.675,2.215,1.6));
#10560=CARTESIAN_POINT('Origin',(-17.,-13.,1.6));
#10561=CARTESIAN_POINT('',(-17.,-13.,0.));
#10562=CARTESIAN_POINT('',(-17.,-13.,1.6));
#10563=CARTESIAN_POINT('Origin',(14.,-10.25,1.6));
#10564=CARTESIAN_POINT('',(15.5,-10.25,1.6));
#10565=CARTESIAN_POINT('Origin',(14.,-10.25,1.6));
#10566=CARTESIAN_POINT('',(15.5,-10.25,0.));
#10567=CARTESIAN_POINT('',(15.5,-10.25,1.6));
#10568=CARTESIAN_POINT('Origin',(14.,-10.25,0.));
#10569=CARTESIAN_POINT('Origin',(-14.,10.25,1.6));
#10570=CARTESIAN_POINT('',(-12.5,10.25,1.6));
#10571=CARTESIAN_POINT('Origin',(-14.,10.25,1.6));
#10572=CARTESIAN_POINT('',(-12.5,10.25,0.));
#10573=CARTESIAN_POINT('',(-12.5,10.25,1.6));
#10574=CARTESIAN_POINT('Origin',(-14.,10.25,0.));
#10575=CARTESIAN_POINT('Origin',(14.675,0.325,1.6));
#10576=CARTESIAN_POINT('',(14.675,0.325,0.));
#10577=CARTESIAN_POINT('',(14.675,0.325,1.6));
#10578=CARTESIAN_POINT('Origin',(14.675,-2.215,1.6));
#10579=CARTESIAN_POINT('',(14.675,-2.215,0.));
#10580=CARTESIAN_POINT('',(14.675,-2.215,1.6));
#10581=CARTESIAN_POINT('Origin',(14.675,-4.755,1.6));
#10582=CARTESIAN_POINT('',(14.675,-4.755,0.));
#10583=CARTESIAN_POINT('',(14.675,-4.755,1.6));
#10584=CARTESIAN_POINT('Origin',(14.,10.25,1.6));
#10585=CARTESIAN_POINT('',(15.5,10.25,1.6));
#10586=CARTESIAN_POINT('Origin',(14.,10.25,1.6));
#10587=CARTESIAN_POINT('',(15.5,10.25,0.));
#10588=CARTESIAN_POINT('',(15.5,10.25,1.6));
#10589=CARTESIAN_POINT('Origin',(14.,10.25,0.));
#10590=CARTESIAN_POINT('Origin',(-14.,-10.25,1.6));
#10591=CARTESIAN_POINT('',(-12.5,-10.25,1.6));
#10592=CARTESIAN_POINT('Origin',(-14.,-10.25,1.6));
#10593=CARTESIAN_POINT('',(-12.5,-10.25,0.));
#10594=CARTESIAN_POINT('',(-12.5,-10.25,1.6));
#10595=CARTESIAN_POINT('Origin',(-14.,-10.25,0.));
#10596=CARTESIAN_POINT('Origin',(15.325,4.755,1.6));
#10597=CARTESIAN_POINT('',(15.325,4.755,0.));
#10598=CARTESIAN_POINT('',(15.325,4.755,1.6));
#10599=CARTESIAN_POINT('Origin',(0.,0.,1.6));
#10600=CARTESIAN_POINT('Origin',(0.,0.,0.));
#10601=CARTESIAN_POINT('',(0.,0.,0.));
#10602=CARTESIAN_POINT('Origin',(-1.25,6.2,-2.));
#10603=CARTESIAN_POINT('',(-1.25,-1.56142135623731,-2.));
#10604=CARTESIAN_POINT('',(-1.25,-3.51857864376269,-2.));
#10605=CARTESIAN_POINT('',(-1.25,6.2,-2.));
#10606=CARTESIAN_POINT('',(-1.25,-3.51857864376269,0.5));
#10607=CARTESIAN_POINT('',(-1.25,-3.51857864376269,0.5));
#10608=CARTESIAN_POINT('',(-1.25,-1.56142135623731,0.5));
#10609=CARTESIAN_POINT('',(-1.25,6.2,0.5));
#10610=CARTESIAN_POINT('',(-1.25,-1.56142135623731,-2.));
#10611=CARTESIAN_POINT('Origin',(-1.25,6.2,-2.));
#10612=CARTESIAN_POINT('',(-1.25,0.978578643762692,-2.));
#10613=CARTESIAN_POINT('',(-1.25,-0.978578643762692,-2.));
#10614=CARTESIAN_POINT('',(-1.25,6.2,-2.));
#10615=CARTESIAN_POINT('',(-1.25,-0.978578643762692,0.5));
#10616=CARTESIAN_POINT('',(-1.25,-0.978578643762692,0.5));
#10617=CARTESIAN_POINT('',(-1.25,0.978578643762692,0.5));
#10618=CARTESIAN_POINT('',(-1.25,6.2,0.5));
#10619=CARTESIAN_POINT('',(-1.25,0.978578643762692,-2.));
#10620=CARTESIAN_POINT('Origin',(-1.25,6.2,-2.));
#10621=CARTESIAN_POINT('',(-1.25,3.51857864376269,-2.));
#10622=CARTESIAN_POINT('',(-1.25,1.56142135623731,-2.));
#10623=CARTESIAN_POINT('',(-1.25,6.2,-2.));
#10624=CARTESIAN_POINT('',(-1.25,1.56142135623731,0.5));
#10625=CARTESIAN_POINT('',(-1.25,1.56142135623731,0.5));
#10626=CARTESIAN_POINT('',(-1.25,3.51857864376269,0.5));
#10627=CARTESIAN_POINT('',(-1.25,6.2,0.5));
#10628=CARTESIAN_POINT('',(-1.25,3.51857864376269,-2.));
#10629=CARTESIAN_POINT('Origin',(-1.25,6.2,-2.));
#10630=CARTESIAN_POINT('',(-1.25,5.95,0.5));
#10631=CARTESIAN_POINT('',(-1.25,4.10142135623731,0.5));
#10632=CARTESIAN_POINT('',(-1.25,6.2,0.5));
#10633=CARTESIAN_POINT('',(-1.25,5.95,-2.));
#10634=CARTESIAN_POINT('',(-1.25,5.95,-2.));
#10635=CARTESIAN_POINT('',(-1.25,4.10142135623731,-2.));
#10636=CARTESIAN_POINT('',(-1.25,6.2,-2.));
#10637=CARTESIAN_POINT('',(-1.25,4.10142135623731,0.5));
#10638=CARTESIAN_POINT('Origin',(1.25,-6.2,-2.));
#10639=CARTESIAN_POINT('',(1.25,-5.95,0.5));
#10640=CARTESIAN_POINT('',(1.25,-4.10142135623731,0.5));
#10641=CARTESIAN_POINT('',(1.25,-6.2,0.5));
#10642=CARTESIAN_POINT('',(1.25,-5.95,-2.));
#10643=CARTESIAN_POINT('',(1.25,-5.95,-2.));
#10644=CARTESIAN_POINT('',(1.25,-4.10142135623731,-2.));
#10645=CARTESIAN_POINT('',(1.25,-6.2,-2.));
#10646=CARTESIAN_POINT('',(1.25,-4.10142135623731,0.5));
#10647=CARTESIAN_POINT('Origin',(1.25,-6.2,-2.));
#10648=CARTESIAN_POINT('',(1.25,-3.51857864376269,-2.));
#10649=CARTESIAN_POINT('',(1.25,-1.56142135623731,-2.));
#10650=CARTESIAN_POINT('',(1.25,-6.2,-2.));
#10651=CARTESIAN_POINT('',(1.25,-1.56142135623731,0.5));
#10652=CARTESIAN_POINT('',(1.25,-1.56142135623731,-2.));
#10653=CARTESIAN_POINT('',(1.25,-3.51857864376269,0.5));
#10654=CARTESIAN_POINT('',(1.25,-6.2,0.5));
#10655=CARTESIAN_POINT('',(1.25,-3.51857864376269,-2.));
#10656=CARTESIAN_POINT('Origin',(0.,0.,0.5));
#10657=CARTESIAN_POINT('',(1.25,4.10142135623731,0.5));
#10658=CARTESIAN_POINT('',(1.25,5.95,0.5));
#10659=CARTESIAN_POINT('',(1.25,-6.2,0.5));
#10660=CARTESIAN_POINT('',(1.,6.2,0.5));
#10661=CARTESIAN_POINT('Origin',(1.,5.95,0.5));
#10662=CARTESIAN_POINT('',(-1.,6.2,0.5));
#10663=CARTESIAN_POINT('',(1.25,6.2,0.5));
#10664=CARTESIAN_POINT('Origin',(-1.,5.95,0.5));
#10665=CARTESIAN_POINT('',(-1.22071067811865,4.03071067811865,0.5));
#10666=CARTESIAN_POINT('Origin',(-1.15,4.10142135623731,0.5));
#10667=CARTESIAN_POINT('',(-1.07071067811865,3.88071067811865,0.5));
#10668=CARTESIAN_POINT('',(-1.25,4.06,0.5));
#10669=CARTESIAN_POINT('',(-1.07071067811865,3.73928932188134,0.5));
#10670=CARTESIAN_POINT('Origin',(-1.14142135623731,3.81,0.5));
#10671=CARTESIAN_POINT('',(-1.22071067811865,3.58928932188134,0.5));
#10672=CARTESIAN_POINT('',(-1.25,3.56,0.5));
#10673=CARTESIAN_POINT('Origin',(-1.15,3.51857864376269,0.5));
#10674=CARTESIAN_POINT('',(-1.22071067811865,1.49071067811866,0.5));
#10675=CARTESIAN_POINT('Origin',(-1.15,1.56142135623731,0.5));
#10676=CARTESIAN_POINT('',(-1.07071067811865,1.34071067811866,0.5));
#10677=CARTESIAN_POINT('',(-1.25,1.52,0.5));
#10678=CARTESIAN_POINT('',(-1.07071067811865,1.19928932188135,0.5));
#10679=CARTESIAN_POINT('Origin',(-1.14142135623731,1.27,0.5));
#10680=CARTESIAN_POINT('',(-1.22071067811865,1.04928932188135,0.5));
#10681=CARTESIAN_POINT('',(-1.25,1.02,0.5));
#10682=CARTESIAN_POINT('Origin',(-1.15,0.978578643762692,0.5));
#10683=CARTESIAN_POINT('',(-1.22071067811865,-1.04928932188135,0.5));
#10684=CARTESIAN_POINT('Origin',(-1.15,-0.978578643762692,0.5));
#10685=CARTESIAN_POINT('',(-1.07071067811865,-1.19928932188135,0.5));
#10686=CARTESIAN_POINT('',(-1.25,-1.02,0.5));
#10687=CARTESIAN_POINT('',(-1.07071067811865,-1.34071067811866,0.5));
#10688=CARTESIAN_POINT('Origin',(-1.14142135623731,-1.27,0.5));
#10689=CARTESIAN_POINT('',(-1.22071067811865,-1.49071067811866,0.5));
#10690=CARTESIAN_POINT('',(-1.25,-1.52,0.5));
#10691=CARTESIAN_POINT('Origin',(-1.15,-1.56142135623731,0.5));
#10692=CARTESIAN_POINT('',(-1.22071067811865,-3.58928932188134,0.5));
#10693=CARTESIAN_POINT('Origin',(-1.15,-3.51857864376269,0.5));
#10694=CARTESIAN_POINT('',(-1.07071067811865,-3.73928932188134,0.5));
#10695=CARTESIAN_POINT('',(-1.25,-3.56,0.5));
#10696=CARTESIAN_POINT('',(-1.07071067811865,-3.88071067811865,0.5));
#10697=CARTESIAN_POINT('Origin',(-1.14142135623731,-3.81,0.5));
#10698=CARTESIAN_POINT('',(-1.22071067811865,-4.03071067811865,0.5));
#10699=CARTESIAN_POINT('',(-1.25,-4.06,0.5));
#10700=CARTESIAN_POINT('',(-1.25,-4.10142135623731,0.5));
#10701=CARTESIAN_POINT('Origin',(-1.15,-4.10142135623731,0.5));
#10702=CARTESIAN_POINT('',(-1.25,-5.95,0.5));
#10703=CARTESIAN_POINT('',(-1.25,6.2,0.5));
#10704=CARTESIAN_POINT('',(-1.,-6.2,0.5));
#10705=CARTESIAN_POINT('Origin',(-1.,-5.95,0.5));
#10706=CARTESIAN_POINT('',(1.,-6.2,0.5));
#10707=CARTESIAN_POINT('',(-1.25,-6.2,0.5));
#10708=CARTESIAN_POINT('Origin',(1.,-5.95,0.5));
#10709=CARTESIAN_POINT('',(1.22071067811865,-4.03071067811865,0.5));
#10710=CARTESIAN_POINT('Origin',(1.15,-4.10142135623731,0.5));
#10711=CARTESIAN_POINT('',(1.07071067811865,-3.88071067811865,0.5));
#10712=CARTESIAN_POINT('',(1.25,-4.06,0.5));
#10713=CARTESIAN_POINT('',(1.07071067811865,-3.73928932188134,0.5));
#10714=CARTESIAN_POINT('Origin',(1.14142135623731,-3.81,0.5));
#10715=CARTESIAN_POINT('',(1.22071067811865,-3.58928932188134,0.5));
#10716=CARTESIAN_POINT('',(1.25,-3.56,0.5));
#10717=CARTESIAN_POINT('Origin',(1.15,-3.51857864376269,0.5));
#10718=CARTESIAN_POINT('',(1.22071067811865,-1.49071067811866,0.5));
#10719=CARTESIAN_POINT('Origin',(1.15,-1.56142135623731,0.5));
#10720=CARTESIAN_POINT('',(1.07071067811865,-1.34071067811866,0.5));
#10721=CARTESIAN_POINT('',(1.25,-1.52,0.5));
#10722=CARTESIAN_POINT('',(1.07071067811865,-1.19928932188135,0.5));
#10723=CARTESIAN_POINT('Origin',(1.14142135623731,-1.27,0.5));
#10724=CARTESIAN_POINT('',(1.22071067811865,-1.04928932188135,0.5));
#10725=CARTESIAN_POINT('',(1.25,-1.02,0.5));
#10726=CARTESIAN_POINT('',(1.25,-0.978578643762692,0.5));
#10727=CARTESIAN_POINT('Origin',(1.15,-0.978578643762692,0.5));
#10728=CARTESIAN_POINT('',(1.25,0.978578643762691,0.5));
#10729=CARTESIAN_POINT('',(1.25,-6.2,0.5));
#10730=CARTESIAN_POINT('',(1.22071067811866,1.04928932188135,0.5));
#10731=CARTESIAN_POINT('Origin',(1.15,0.978578643762691,0.5));
#10732=CARTESIAN_POINT('',(1.07071067811865,1.19928932188135,0.5));
#10733=CARTESIAN_POINT('',(1.25,1.02,0.5));
#10734=CARTESIAN_POINT('',(1.07071067811865,1.34071067811866,0.5));
#10735=CARTESIAN_POINT('Origin',(1.14142135623731,1.27,0.5));
#10736=CARTESIAN_POINT('',(1.22071067811865,1.49071067811866,0.5));
#10737=CARTESIAN_POINT('',(1.25,1.52,0.5));
#10738=CARTESIAN_POINT('',(1.25,1.56142135623731,0.5));
#10739=CARTESIAN_POINT('Origin',(1.15,1.56142135623731,0.5));
#10740=CARTESIAN_POINT('',(1.25,3.51857864376269,0.5));
#10741=CARTESIAN_POINT('',(1.25,-6.2,0.5));
#10742=CARTESIAN_POINT('',(1.22071067811866,3.58928932188134,0.5));
#10743=CARTESIAN_POINT('Origin',(1.15,3.51857864376269,0.5));
#10744=CARTESIAN_POINT('',(1.07071067811865,3.73928932188134,0.5));
#10745=CARTESIAN_POINT('',(1.25,3.56,0.5));
#10746=CARTESIAN_POINT('',(1.07071067811865,3.88071067811865,0.5));
#10747=CARTESIAN_POINT('Origin',(1.14142135623731,3.81,0.5));
#10748=CARTESIAN_POINT('',(1.22071067811865,4.03071067811865,0.5));
#10749=CARTESIAN_POINT('',(1.25,4.06,0.5));
#10750=CARTESIAN_POINT('Origin',(1.15,4.10142135623731,0.5));
#10751=CARTESIAN_POINT('',(0.325,4.755,0.5));
#10752=CARTESIAN_POINT('',(0.325,5.405,0.5));
#10753=CARTESIAN_POINT('',(0.325,4.755,0.5));
#10754=CARTESIAN_POINT('',(-0.325,4.755,0.5));
#10755=CARTESIAN_POINT('',(-0.325,4.755,0.5));
#10756=CARTESIAN_POINT('',(-0.325,5.405,0.5));
#10757=CARTESIAN_POINT('',(-0.325,5.405,0.5));
#10758=CARTESIAN_POINT('',(0.325,5.405,0.5));
#10759=CARTESIAN_POINT('',(0.325,-4.755,0.5));
#10760=CARTESIAN_POINT('',(-0.325,-4.755,0.5));
#10761=CARTESIAN_POINT('',(0.325,-4.755,0.5));
#10762=CARTESIAN_POINT('',(0.325,-5.405,0.5));
#10763=CARTESIAN_POINT('',(0.325,-5.405,0.5));
#10764=CARTESIAN_POINT('',(-0.325,-5.405,0.5));
#10765=CARTESIAN_POINT('',(-0.325,-5.405,0.5));
#10766=CARTESIAN_POINT('',(-0.325,-4.755,0.5));
#10767=CARTESIAN_POINT('',(0.325,-2.215,0.5));
#10768=CARTESIAN_POINT('',(-0.325,-2.215,0.5));
#10769=CARTESIAN_POINT('',(0.325,-2.215,0.5));
#10770=CARTESIAN_POINT('',(0.325,-2.865,0.5));
#10771=CARTESIAN_POINT('',(0.325,-2.865,0.5));
#10772=CARTESIAN_POINT('',(-0.325,-2.865,0.5));
#10773=CARTESIAN_POINT('',(-0.325,-2.865,0.5));
#10774=CARTESIAN_POINT('',(-0.325,-2.215,0.5));
#10775=CARTESIAN_POINT('',(0.325,0.325,0.5));
#10776=CARTESIAN_POINT('',(-0.325,0.325,0.5));
#10777=CARTESIAN_POINT('',(0.325,0.325,0.5));
#10778=CARTESIAN_POINT('',(0.325,-0.325,0.5));
#10779=CARTESIAN_POINT('',(0.325,-0.325,0.5));
#10780=CARTESIAN_POINT('',(-0.325,-0.325,0.5));
#10781=CARTESIAN_POINT('',(-0.325,-0.325,0.5));
#10782=CARTESIAN_POINT('',(-0.325,0.325,0.5));
#10783=CARTESIAN_POINT('',(0.325,2.865,0.5));
#10784=CARTESIAN_POINT('',(-0.325,2.865,0.5));
#10785=CARTESIAN_POINT('',(0.325,2.865,0.5));
#10786=CARTESIAN_POINT('',(0.325,2.215,0.5));
#10787=CARTESIAN_POINT('',(0.325,2.215,0.5));
#10788=CARTESIAN_POINT('',(-0.325,2.215,0.5));
#10789=CARTESIAN_POINT('',(-0.325,2.215,0.5));
#10790=CARTESIAN_POINT('',(-0.325,2.865,0.5));
#10791=CARTESIAN_POINT('Origin',(0.,0.,-2.));
#10792=CARTESIAN_POINT('',(1.,6.2,-2.));
#10793=CARTESIAN_POINT('',(-1.,6.2,-2.));
#10794=CARTESIAN_POINT('',(1.25,6.2,-2.));
#10795=CARTESIAN_POINT('',(1.25,5.95,-2.));
#10796=CARTESIAN_POINT('Origin',(1.,5.95,-2.));
#10797=CARTESIAN_POINT('',(1.25,4.10142135623731,-2.));
#10798=CARTESIAN_POINT('',(1.25,-6.2,-2.));
#10799=CARTESIAN_POINT('',(1.22071067811865,4.03071067811866,-2.));
#10800=CARTESIAN_POINT('Origin',(1.15,4.10142135623731,-2.));
#10801=CARTESIAN_POINT('',(1.07071067811865,3.88071067811865,-2.));
#10802=CARTESIAN_POINT('',(-1.405,1.405,-2.));
#10803=CARTESIAN_POINT('',(1.07071067811865,3.73928932188134,-2.));
#10804=CARTESIAN_POINT('Origin',(1.14142135623731,3.81,-2.));
#10805=CARTESIAN_POINT('',(1.22071067811866,3.58928932188134,-2.));
#10806=CARTESIAN_POINT('',(2.405,2.405,-2.));
#10807=CARTESIAN_POINT('',(1.25,3.51857864376269,-2.));
#10808=CARTESIAN_POINT('Origin',(1.15,3.51857864376269,-2.));
#10809=CARTESIAN_POINT('',(1.25,1.56142135623731,-2.));
#10810=CARTESIAN_POINT('',(1.25,-6.2,-2.));
#10811=CARTESIAN_POINT('',(1.22071067811865,1.49071067811866,-2.));
#10812=CARTESIAN_POINT('Origin',(1.15,1.56142135623731,-2.));
#10813=CARTESIAN_POINT('',(1.07071067811865,1.34071067811866,-2.));
#10814=CARTESIAN_POINT('',(-0.135000000000001,0.135000000000002,-2.));
#10815=CARTESIAN_POINT('',(1.07071067811865,1.19928932188135,-2.));
#10816=CARTESIAN_POINT('Origin',(1.14142135623731,1.27,-2.));
#10817=CARTESIAN_POINT('',(1.22071067811866,1.04928932188135,-2.));
#10818=CARTESIAN_POINT('',(1.135,1.135,-2.));
#10819=CARTESIAN_POINT('',(1.25,0.978578643762691,-2.));
#10820=CARTESIAN_POINT('Origin',(1.15,0.978578643762691,-2.));
#10821=CARTESIAN_POINT('',(1.25,-0.978578643762692,-2.));
#10822=CARTESIAN_POINT('',(1.25,-6.2,-2.));
#10823=CARTESIAN_POINT('',(1.22071067811865,-1.04928932188135,-2.));
#10824=CARTESIAN_POINT('Origin',(1.15,-0.978578643762692,-2.));
#10825=CARTESIAN_POINT('',(1.07071067811865,-1.19928932188135,-2.));
#10826=CARTESIAN_POINT('',(1.135,-1.135,-2.));
#10827=CARTESIAN_POINT('',(1.07071067811865,-1.34071067811866,-2.));
#10828=CARTESIAN_POINT('Origin',(1.14142135623731,-1.27,-2.));
#10829=CARTESIAN_POINT('',(1.22071067811865,-1.49071067811866,-2.));
#10830=CARTESIAN_POINT('',(-0.135000000000001,-0.135000000000002,-2.));
#10831=CARTESIAN_POINT('Origin',(1.15,-1.56142135623731,-2.));
#10832=CARTESIAN_POINT('',(1.22071067811865,-3.58928932188134,-2.));
#10833=CARTESIAN_POINT('Origin',(1.15,-3.51857864376269,-2.));
#10834=CARTESIAN_POINT('',(1.07071067811865,-3.73928932188134,-2.));
#10835=CARTESIAN_POINT('',(2.405,-2.405,-2.));
#10836=CARTESIAN_POINT('',(1.07071067811865,-3.88071067811865,-2.));
#10837=CARTESIAN_POINT('Origin',(1.14142135623731,-3.81,-2.));
#10838=CARTESIAN_POINT('',(1.22071067811865,-4.03071067811866,-2.));
#10839=CARTESIAN_POINT('',(-1.405,-1.405,-2.));
#10840=CARTESIAN_POINT('Origin',(1.15,-4.10142135623731,-2.));
#10841=CARTESIAN_POINT('',(1.,-6.2,-2.));
#10842=CARTESIAN_POINT('Origin',(1.,-5.95,-2.));
#10843=CARTESIAN_POINT('',(-1.,-6.2,-2.));
#10844=CARTESIAN_POINT('',(-1.25,-6.2,-2.));
#10845=CARTESIAN_POINT('',(-1.25,-5.95,-2.));
#10846=CARTESIAN_POINT('Origin',(-1.,-5.95,-2.));
#10847=CARTESIAN_POINT('',(-1.25,-4.10142135623731,-2.));
#10848=CARTESIAN_POINT('',(-1.25,6.2,-2.));
#10849=CARTESIAN_POINT('',(-1.22071067811865,-4.03071067811866,-2.));
#10850=CARTESIAN_POINT('Origin',(-1.15,-4.10142135623731,-2.));
#10851=CARTESIAN_POINT('',(-1.07071067811865,-3.88071067811865,-2.));
#10852=CARTESIAN_POINT('',(1.405,-1.405,-2.));
#10853=CARTESIAN_POINT('',(-1.07071067811865,-3.73928932188134,-2.));
#10854=CARTESIAN_POINT('Origin',(-1.14142135623731,-3.81,-2.));
#10855=CARTESIAN_POINT('',(-1.22071067811865,-3.58928932188134,-2.));
#10856=CARTESIAN_POINT('',(-2.405,-2.405,-2.));
#10857=CARTESIAN_POINT('Origin',(-1.15,-3.51857864376269,-2.));
#10858=CARTESIAN_POINT('',(-1.22071067811865,-1.49071067811866,-2.));
#10859=CARTESIAN_POINT('Origin',(-1.15,-1.56142135623731,-2.));
#10860=CARTESIAN_POINT('',(-1.07071067811865,-1.34071067811866,-2.));
#10861=CARTESIAN_POINT('',(0.135000000000001,-0.135000000000002,-2.));
#10862=CARTESIAN_POINT('',(-1.07071067811865,-1.19928932188135,-2.));
#10863=CARTESIAN_POINT('Origin',(-1.14142135623731,-1.27,-2.));
#10864=CARTESIAN_POINT('',(-1.22071067811865,-1.04928932188135,-2.));
#10865=CARTESIAN_POINT('',(-1.135,-1.135,-2.));
#10866=CARTESIAN_POINT('Origin',(-1.15,-0.978578643762692,-2.));
#10867=CARTESIAN_POINT('',(-1.22071067811865,1.04928932188135,-2.));
#10868=CARTESIAN_POINT('Origin',(-1.15,0.978578643762692,-2.));
#10869=CARTESIAN_POINT('',(-1.07071067811865,1.19928932188135,-2.));
#10870=CARTESIAN_POINT('',(-1.135,1.135,-2.));
#10871=CARTESIAN_POINT('',(-1.07071067811865,1.34071067811866,-2.));
#10872=CARTESIAN_POINT('Origin',(-1.14142135623731,1.27,-2.));
#10873=CARTESIAN_POINT('',(-1.22071067811865,1.49071067811866,-2.));
#10874=CARTESIAN_POINT('',(0.135000000000001,0.135000000000002,-2.));
#10875=CARTESIAN_POINT('Origin',(-1.15,1.56142135623731,-2.));
#10876=CARTESIAN_POINT('',(-1.22071067811865,3.58928932188134,-2.));
#10877=CARTESIAN_POINT('Origin',(-1.15,3.51857864376269,-2.));
#10878=CARTESIAN_POINT('',(-1.07071067811865,3.73928932188134,-2.));
#10879=CARTESIAN_POINT('',(-2.405,2.405,-2.));
#10880=CARTESIAN_POINT('',(-1.07071067811865,3.88071067811865,-2.));
#10881=CARTESIAN_POINT('Origin',(-1.14142135623731,3.81,-2.));
#10882=CARTESIAN_POINT('',(-1.22071067811866,4.03071067811866,-2.));
#10883=CARTESIAN_POINT('',(1.405,1.405,-2.));
#10884=CARTESIAN_POINT('Origin',(-1.15,4.10142135623731,-2.));
#10885=CARTESIAN_POINT('Origin',(-1.,5.95,-2.));
#10886=CARTESIAN_POINT('',(0.325,4.755,-2.));
#10887=CARTESIAN_POINT('',(0.325,5.405,-2.));
#10888=CARTESIAN_POINT('',(0.325,4.755,-2.));
#10889=CARTESIAN_POINT('',(-0.325,5.405,-2.));
#10890=CARTESIAN_POINT('',(0.325,5.405,-2.));
#10891=CARTESIAN_POINT('',(-0.325,4.755,-2.));
#10892=CARTESIAN_POINT('',(-0.325,5.405,-2.));
#10893=CARTESIAN_POINT('',(-0.325,4.755,-2.));
#10894=CARTESIAN_POINT('',(0.325,-4.755,-2.));
#10895=CARTESIAN_POINT('',(-0.325,-4.755,-2.));
#10896=CARTESIAN_POINT('',(0.325,-4.755,-2.));
#10897=CARTESIAN_POINT('',(-0.325,-5.405,-2.));
#10898=CARTESIAN_POINT('',(-0.325,-4.755,-2.));
#10899=CARTESIAN_POINT('',(0.325,-5.405,-2.));
#10900=CARTESIAN_POINT('',(-0.325,-5.405,-2.));
#10901=CARTESIAN_POINT('',(0.325,-5.405,-2.));
#10902=CARTESIAN_POINT('',(0.325,-2.215,-2.));
#10903=CARTESIAN_POINT('',(-0.325,-2.215,-2.));
#10904=CARTESIAN_POINT('',(0.325,-2.215,-2.));
#10905=CARTESIAN_POINT('',(-0.325,-2.865,-2.));
#10906=CARTESIAN_POINT('',(-0.325,-2.215,-2.));
#10907=CARTESIAN_POINT('',(0.325,-2.865,-2.));
#10908=CARTESIAN_POINT('',(-0.325,-2.865,-2.));
#10909=CARTESIAN_POINT('',(0.325,-2.865,-2.));
#10910=CARTESIAN_POINT('',(0.325,0.325,-2.));
#10911=CARTESIAN_POINT('',(-0.325,0.325,-2.));
#10912=CARTESIAN_POINT('',(0.325,0.325,-2.));
#10913=CARTESIAN_POINT('',(-0.325,-0.325,-2.));
#10914=CARTESIAN_POINT('',(-0.325,0.325,-2.));
#10915=CARTESIAN_POINT('',(0.325,-0.325,-2.));
#10916=CARTESIAN_POINT('',(-0.325,-0.325,-2.));
#10917=CARTESIAN_POINT('',(0.325,-0.325,-2.));
#10918=CARTESIAN_POINT('',(0.325,2.865,-2.));
#10919=CARTESIAN_POINT('',(-0.325,2.865,-2.));
#10920=CARTESIAN_POINT('',(0.325,2.865,-2.));
#10921=CARTESIAN_POINT('',(-0.325,2.215,-2.));
#10922=CARTESIAN_POINT('',(-0.325,2.865,-2.));
#10923=CARTESIAN_POINT('',(0.325,2.215,-2.));
#10924=CARTESIAN_POINT('',(-0.325,2.215,-2.));
#10925=CARTESIAN_POINT('',(0.325,2.215,-2.));
#10926=CARTESIAN_POINT('Origin',(1.25,-6.2,-2.));
#10927=CARTESIAN_POINT('',(1.25,0.978578643762691,0.5));
#10928=CARTESIAN_POINT('',(1.25,-0.978578643762692,-2.));
#10929=CARTESIAN_POINT('Origin',(1.25,-6.2,-2.));
#10930=CARTESIAN_POINT('',(1.25,3.51857864376269,-2.));
#10931=CARTESIAN_POINT('',(1.25,1.56142135623731,-2.));
#10932=CARTESIAN_POINT('Origin',(1.25,-6.2,-2.));
#10933=CARTESIAN_POINT('',(1.25,5.95,-2.));
#10934=CARTESIAN_POINT('',(1.25,4.10142135623731,-2.));
#10935=CARTESIAN_POINT('Origin',(1.25,6.2,-2.));
#10936=CARTESIAN_POINT('',(1.,6.2,-2.));
#10937=CARTESIAN_POINT('',(-1.,6.2,-2.));
#10938=CARTESIAN_POINT('Origin',(-1.25,6.2,-2.));
#10939=CARTESIAN_POINT('',(-1.25,-5.95,-2.));
#10940=CARTESIAN_POINT('',(-1.25,-4.10142135623731,-2.));
#10941=CARTESIAN_POINT('Origin',(0.325,2.865,-2.));
#10942=CARTESIAN_POINT('',(-0.325,2.865,-2.));
#10943=CARTESIAN_POINT('',(0.325,2.865,-2.));
#10944=CARTESIAN_POINT('Origin',(0.325,2.215,-2.));
#10945=CARTESIAN_POINT('',(0.325,2.215,-2.));
#10946=CARTESIAN_POINT('Origin',(-0.325,2.215,-2.));
#10947=CARTESIAN_POINT('',(-0.325,2.215,-2.));
#10948=CARTESIAN_POINT('Origin',(0.325,0.325,-2.));
#10949=CARTESIAN_POINT('',(-0.325,0.325,-2.));
#10950=CARTESIAN_POINT('',(0.325,0.325,-2.));
#10951=CARTESIAN_POINT('Origin',(0.325,-0.325,-2.));
#10952=CARTESIAN_POINT('',(0.325,-0.325,-2.));
#10953=CARTESIAN_POINT('Origin',(-0.325,-0.325,-2.));
#10954=CARTESIAN_POINT('',(-0.325,-0.325,-2.));
#10955=CARTESIAN_POINT('Origin',(0.325,-2.215,-2.));
#10956=CARTESIAN_POINT('',(-0.325,-2.215,-2.));
#10957=CARTESIAN_POINT('',(0.325,-2.215,-2.));
#10958=CARTESIAN_POINT('Origin',(0.325,-2.865,-2.));
#10959=CARTESIAN_POINT('',(0.325,-2.865,-2.));
#10960=CARTESIAN_POINT('Origin',(-0.325,-2.865,-2.));
#10961=CARTESIAN_POINT('',(-0.325,-2.865,-2.));
#10962=CARTESIAN_POINT('Origin',(0.325,-4.755,-2.));
#10963=CARTESIAN_POINT('',(-0.325,-4.755,-2.));
#10964=CARTESIAN_POINT('',(0.325,-4.755,-2.));
#10965=CARTESIAN_POINT('Origin',(0.325,-5.405,-2.));
#10966=CARTESIAN_POINT('',(0.325,-5.405,-2.));
#10967=CARTESIAN_POINT('Origin',(-0.325,-5.405,-2.));
#10968=CARTESIAN_POINT('',(-0.325,-5.405,-2.));
#10969=CARTESIAN_POINT('Origin',(0.325,4.755,-2.));
#10970=CARTESIAN_POINT('',(0.325,5.405,-2.));
#10971=CARTESIAN_POINT('',(0.325,4.755,-2.));
#10972=CARTESIAN_POINT('Origin',(-0.325,4.755,-2.));
#10973=CARTESIAN_POINT('',(-0.325,4.755,-2.));
#10974=CARTESIAN_POINT('Origin',(-0.325,5.405,-2.));
#10975=CARTESIAN_POINT('',(-0.325,5.405,-2.));
#10976=CARTESIAN_POINT('Origin',(-0.325,2.865,-2.));
#10977=CARTESIAN_POINT('Origin',(-0.325,0.325,-2.));
#10978=CARTESIAN_POINT('Origin',(-0.325,-2.215,-2.));
#10979=CARTESIAN_POINT('Origin',(-0.325,-4.755,-2.));
#10980=CARTESIAN_POINT('Origin',(0.325,5.405,-2.));
#10981=CARTESIAN_POINT('Origin',(-1.25,-6.2,-2.));
#10982=CARTESIAN_POINT('',(-1.,-6.2,-2.));
#10983=CARTESIAN_POINT('',(1.,-6.2,-2.));
#10984=CARTESIAN_POINT('Origin',(1.25,3.56,-6.86031124789355));
#10985=CARTESIAN_POINT('',(1.07071067811865,3.73928932188134,0.5));
#10986=CARTESIAN_POINT('',(1.22071067811866,3.58928932188134,-6.86031124789355));
#10987=CARTESIAN_POINT('Origin',(1.25,4.06,-6.86031124789355));
#10988=CARTESIAN_POINT('',(1.07071067811865,3.88071067811865,-2.));
#10989=CARTESIAN_POINT('',(1.22071067811865,4.03071067811865,-6.86031124789355));
#10990=CARTESIAN_POINT('Origin',(1.25,1.52,-6.86031124789355));
#10991=CARTESIAN_POINT('',(1.07071067811865,1.34071067811866,-2.));
#10992=CARTESIAN_POINT('',(1.22071067811865,1.49071067811866,0.5));
#10993=CARTESIAN_POINT('Origin',(1.25,1.02,-6.86031124789355));
#10994=CARTESIAN_POINT('',(1.07071067811865,1.19928932188135,0.5));
#10995=CARTESIAN_POINT('',(1.22071067811866,1.04928932188135,-2.));
#10996=CARTESIAN_POINT('Origin',(1.25,-1.52,-6.86031124789355));
#10997=CARTESIAN_POINT('',(1.07071067811865,-1.34071067811866,0.5));
#10998=CARTESIAN_POINT('',(1.22071067811865,-1.49071067811866,-6.86031124789355));
#10999=CARTESIAN_POINT('Origin',(1.25,-1.02,-6.86031124789355));
#11000=CARTESIAN_POINT('',(1.07071067811865,-1.19928932188135,-2.));
#11001=CARTESIAN_POINT('',(1.22071067811865,-1.04928932188135,-6.86031124789355));
#11002=CARTESIAN_POINT('Origin',(1.25,-3.56,-6.86031124789355));
#11003=CARTESIAN_POINT('',(1.07071067811865,-3.73928932188134,-2.));
#11004=CARTESIAN_POINT('',(1.22071067811865,-3.58928932188134,0.5));
#11005=CARTESIAN_POINT('Origin',(1.25,-4.06,-6.86031124789355));
#11006=CARTESIAN_POINT('',(1.07071067811865,-3.88071067811865,0.5));
#11007=CARTESIAN_POINT('',(1.22071067811865,-4.03071067811865,-2.));
#11008=CARTESIAN_POINT('Origin',(-1.25,3.56,-6.86031124789355));
#11009=CARTESIAN_POINT('',(-1.07071067811865,3.73928932188134,-2.));
#11010=CARTESIAN_POINT('',(-1.22071067811865,3.58928932188134,0.5));
#11011=CARTESIAN_POINT('Origin',(-1.25,4.06,-6.86031124789355));
#11012=CARTESIAN_POINT('',(-1.07071067811865,3.88071067811865,0.5));
#11013=CARTESIAN_POINT('',(-1.22071067811865,4.03071067811865,-2.));
#11014=CARTESIAN_POINT('Origin',(-1.25,1.02,-6.86031124789355));
#11015=CARTESIAN_POINT('',(-1.07071067811865,1.19928932188135,-2.));
#11016=CARTESIAN_POINT('',(-1.22071067811865,1.04928932188135,0.5));
#11017=CARTESIAN_POINT('Origin',(-1.25,1.52,-6.86031124789355));
#11018=CARTESIAN_POINT('',(-1.07071067811865,1.34071067811866,0.5));
#11019=CARTESIAN_POINT('',(-1.22071067811865,1.49071067811866,-2.));
#11020=CARTESIAN_POINT('Origin',(-1.25,-1.52,-6.86031124789355));
#11021=CARTESIAN_POINT('',(-1.07071067811865,-1.34071067811866,-2.));
#11022=CARTESIAN_POINT('',(-1.22071067811865,-1.49071067811866,0.5));
#11023=CARTESIAN_POINT('Origin',(-1.25,-1.02,-6.86031124789355));
#11024=CARTESIAN_POINT('',(-1.07071067811865,-1.19928932188135,0.5));
#11025=CARTESIAN_POINT('',(-1.22071067811865,-1.04928932188135,-2.));
#11026=CARTESIAN_POINT('Origin',(-1.25,-4.06,-6.86031124789355));
#11027=CARTESIAN_POINT('',(-1.07071067811865,-3.88071067811865,-2.));
#11028=CARTESIAN_POINT('',(-1.22071067811865,-4.03071067811865,0.5));
#11029=CARTESIAN_POINT('Origin',(-1.25,-3.56,-6.86031124789355));
#11030=CARTESIAN_POINT('',(-1.07071067811865,-3.73928932188134,0.5));
#11031=CARTESIAN_POINT('',(-1.22071067811865,-3.58928932188134,-2.));
#11032=CARTESIAN_POINT('Origin',(1.15,4.10142135623731,-6.86031124789355));
#11033=CARTESIAN_POINT('Origin',(-1.15,3.51857864376269,-6.86031124789355));
#11034=CARTESIAN_POINT('Origin',(-1.15,4.10142135623731,-2.));
#11035=CARTESIAN_POINT('Origin',(-1.15,1.56142135623731,-2.));
#11036=CARTESIAN_POINT('Origin',(-1.15,0.978578643762692,-6.86031124789355));
#11037=CARTESIAN_POINT('Origin',(-1.15,-1.56142135623731,-6.86031124789355));
#11038=CARTESIAN_POINT('Origin',(-1.15,-0.978578643762692,-2.));
#11039=CARTESIAN_POINT('Origin',(-1.15,-3.51857864376269,-2.));
#11040=CARTESIAN_POINT('Origin',(-1.15,-4.10142135623731,-6.86031124789355));
#11041=CARTESIAN_POINT('Origin',(1.15,-4.10142135623731,-2.));
#11042=CARTESIAN_POINT('Origin',(1.15,-3.51857864376269,-6.86031124789355));
#11043=CARTESIAN_POINT('Origin',(1.15,-1.56142135623731,-2.));
#11044=CARTESIAN_POINT('Origin',(1.15,-0.978578643762692,-6.86031124789355));
#11045=CARTESIAN_POINT('Origin',(1.15,0.978578643762691,-2.));
#11046=CARTESIAN_POINT('Origin',(1.15,1.56142135623731,-6.86031124789355));
#11047=CARTESIAN_POINT('Origin',(1.15,3.51857864376269,-2.));
#11048=CARTESIAN_POINT('Origin',(-1.14142135623731,-3.81,-6.86031124789355));
#11049=CARTESIAN_POINT('Origin',(1.14142135623731,-3.81,-6.86031124789355));
#11050=CARTESIAN_POINT('Origin',(1.14142135623731,-1.27,-6.86031124789355));
#11051=CARTESIAN_POINT('Origin',(1.14142135623731,1.27,-6.86031124789355));
#11052=CARTESIAN_POINT('Origin',(1.14142135623731,3.81,-6.86031124789355));
#11053=CARTESIAN_POINT('Origin',(-1.14142135623731,3.81,-6.86031124789355));
#11054=CARTESIAN_POINT('Origin',(-1.14142135623731,1.27,-6.86031124789355));
#11055=CARTESIAN_POINT('Origin',(-1.14142135623731,-1.27,-6.86031124789355));
#11056=CARTESIAN_POINT('Origin',(1.,-5.95,-2.));
#11057=CARTESIAN_POINT('Origin',(-1.,-5.95,-2.));
#11058=CARTESIAN_POINT('Origin',(-1.,5.95,-2.));
#11059=CARTESIAN_POINT('Origin',(1.,5.95,-2.));
#11060=CARTESIAN_POINT('',(0.,0.,0.));
#11061=CARTESIAN_POINT('Origin',(-8.,-8.,12.));
#11062=CARTESIAN_POINT('',(-8.,-8.,0.));
#11063=CARTESIAN_POINT('',(8.,-8.,0.));
#11064=CARTESIAN_POINT('',(-8.,-8.,0.));
#11065=CARTESIAN_POINT('',(8.,-8.,12.));
#11066=CARTESIAN_POINT('',(8.,-8.,12.));
#11067=CARTESIAN_POINT('',(-8.,-8.,12.));
#11068=CARTESIAN_POINT('',(-8.,-8.,12.));
#11069=CARTESIAN_POINT('',(-8.,-8.,12.));
#11070=CARTESIAN_POINT('Origin',(8.,-8.,12.));
#11071=CARTESIAN_POINT('',(8.,8.,0.));
#11072=CARTESIAN_POINT('',(8.,-8.,0.));
#11073=CARTESIAN_POINT('',(8.,8.,12.));
#11074=CARTESIAN_POINT('',(8.,8.,12.));
#11075=CARTESIAN_POINT('',(8.,-8.,12.));
#11076=CARTESIAN_POINT('Origin',(8.,8.,12.));
#11077=CARTESIAN_POINT('',(-8.,8.,0.));
#11078=CARTESIAN_POINT('',(8.,8.,0.));
#11079=CARTESIAN_POINT('',(-8.,8.,12.));
#11080=CARTESIAN_POINT('',(-8.,8.,12.));
#11081=CARTESIAN_POINT('',(8.,8.,12.));
#11082=CARTESIAN_POINT('Origin',(-8.,8.,12.));
#11083=CARTESIAN_POINT('',(-8.,8.,0.));
#11084=CARTESIAN_POINT('',(-8.,8.,12.));
#11085=CARTESIAN_POINT('Origin',(0.,0.,12.));
#11086=CARTESIAN_POINT('',(-1.,1.,12.));
#11087=CARTESIAN_POINT('',(-1.,-1.,12.));
#11088=CARTESIAN_POINT('',(-1.,1.,12.));
#11089=CARTESIAN_POINT('',(1.,1.,12.));
#11090=CARTESIAN_POINT('',(1.,1.,12.));
#11091=CARTESIAN_POINT('',(1.,-1.,12.));
#11092=CARTESIAN_POINT('',(1.,-1.,12.));
#11093=CARTESIAN_POINT('',(-1.,-1.,12.));
#11094=CARTESIAN_POINT('Origin',(0.,0.,0.));
#11095=CARTESIAN_POINT('Origin',(-1.,1.,18.));
#11096=CARTESIAN_POINT('',(-1.,-1.,18.));
#11097=CARTESIAN_POINT('',(-1.,-1.,18.));
#11098=CARTESIAN_POINT('',(-1.,1.,18.));
#11099=CARTESIAN_POINT('',(-1.,1.,18.));
#11100=CARTESIAN_POINT('',(-1.,1.,18.));
#11101=CARTESIAN_POINT('Origin',(-1.,-1.,18.));
#11102=CARTESIAN_POINT('',(1.,-1.,18.));
#11103=CARTESIAN_POINT('',(1.,-1.,18.));
#11104=CARTESIAN_POINT('',(-1.,-1.,18.));
#11105=CARTESIAN_POINT('Origin',(1.,-1.,18.));
#11106=CARTESIAN_POINT('',(1.,1.,18.));
#11107=CARTESIAN_POINT('',(1.,1.,18.));
#11108=CARTESIAN_POINT('',(1.,-1.,18.));
#11109=CARTESIAN_POINT('Origin',(1.,1.,18.));
#11110=CARTESIAN_POINT('',(1.,1.,18.));
#11111=CARTESIAN_POINT('Origin',(0.,0.,18.));
#11112=CARTESIAN_POINT('',(0.,0.,0.));
#11113=CARTESIAN_POINT('Origin',(-13.5,0.,16.6));
#11114=CARTESIAN_POINT('',(-19.,-6.73555739531047E-16,16.6));
#11115=CARTESIAN_POINT('Origin',(-13.5,0.,16.6));
#11116=CARTESIAN_POINT('Origin',(-13.5,0.,11.725));
#11117=CARTESIAN_POINT('',(-23.1980229377202,0.,14.2033519553073));
#11118=CARTESIAN_POINT('Origin',(-19.,-6.73555739531047E-16,11.725));
#11119=CARTESIAN_POINT('',(-3.80197706227982,-1.18766527487366E-15,14.2033519553073));
#11120=CARTESIAN_POINT('Origin',(-13.5,0.,14.2033519553073));
#11121=CARTESIAN_POINT('Origin',(-13.5,0.,14.2033519553073));
#11122=CARTESIAN_POINT('Origin',(-18.5,0.,13.6));
#11123=CARTESIAN_POINT('',(-4.14643022640046,-1.14548192838401E-15,13.6));
#11124=CARTESIAN_POINT('Origin',(-13.5,0.,13.6));
#11125=CARTESIAN_POINT('',(-8.10000000000001,-6.6130927153957E-16,13.6));
#11126=CARTESIAN_POINT('Origin',(-13.5,0.,13.6));
#11127=CARTESIAN_POINT('Origin',(-13.5,0.,7.44));
#11128=CARTESIAN_POINT('',(-18.5,0.,13.2));
#11129=CARTESIAN_POINT('',(-8.50000000000001,-6.12323399573676E-16,13.2));
#11130=CARTESIAN_POINT('Origin',(-13.5,0.,13.2));
#11131=CARTESIAN_POINT('Origin',(-13.5,0.,13.2));
#11132=CARTESIAN_POINT('',(-18.5,-6.12323399573676E-16,8.39102246920103));
#11133=CARTESIAN_POINT('',(-18.5,-6.12323399573676E-16,7.44));
#11134=CARTESIAN_POINT('Origin',(-13.5,0.,8.39102246920103));
#11135=CARTESIAN_POINT('Ctrl Pts',(-26.9735561682857,0.,0.329783187523773));
#11136=CARTESIAN_POINT('Ctrl Pts',(-26.9735561682857,-13.4735561682857,
0.329783187523773));
#11137=CARTESIAN_POINT('Ctrl Pts',(-13.5,-13.4735561682857,0.329783187523773));
#11138=CARTESIAN_POINT('Ctrl Pts',(-0.0264438317142934,-13.4735561682857,
0.329783187523773));
#11139=CARTESIAN_POINT('Ctrl Pts',(-0.0264438317142912,0.,0.329783187523773));
#11140=CARTESIAN_POINT('Ctrl Pts',(-0.0264438317142934,13.4735561682857,
0.329783187523773));
#11141=CARTESIAN_POINT('Ctrl Pts',(-13.5,13.4735561682857,0.329783187523773));
#11142=CARTESIAN_POINT('Ctrl Pts',(-26.9735561682857,13.4735561682857,0.329783187523773));
#11143=CARTESIAN_POINT('Ctrl Pts',(-26.9735561682857,0.,0.329783187523773));
#11144=CARTESIAN_POINT('Ctrl Pts',(-26.2421311372113,0.,7.66088214677644));
#11145=CARTESIAN_POINT('Ctrl Pts',(-26.2421311372113,-12.7421311372113,
7.66088214677644));
#11146=CARTESIAN_POINT('Ctrl Pts',(-13.5,-12.7421311372113,7.66088214677644));
#11147=CARTESIAN_POINT('Ctrl Pts',(-0.757868862788722,-12.7421311372113,
7.66088214677644));
#11148=CARTESIAN_POINT('Ctrl Pts',(-0.75786886278872,0.,7.66088214677644));
#11149=CARTESIAN_POINT('Ctrl Pts',(-0.757868862788722,12.7421311372113,
7.66088214677644));
#11150=CARTESIAN_POINT('Ctrl Pts',(-13.5,12.7421311372113,7.66088214677644));
#11151=CARTESIAN_POINT('Ctrl Pts',(-26.2421311372113,12.7421311372113,7.66088214677644));
#11152=CARTESIAN_POINT('Ctrl Pts',(-26.2421311372113,0.,7.66088214677644));
#11153=CARTESIAN_POINT('Ctrl Pts',(-18.8820539782685,0.,7.99142524660806));
#11154=CARTESIAN_POINT('Ctrl Pts',(-18.8820539782685,-5.38205397826848,
7.99142524660806));
#11155=CARTESIAN_POINT('Ctrl Pts',(-13.5,-5.38205397826848,7.99142524660806));
#11156=CARTESIAN_POINT('Ctrl Pts',(-8.11794602173152,-5.38205397826848,
7.99142524660806));
#11157=CARTESIAN_POINT('Ctrl Pts',(-8.11794602173152,0.,7.99142524660806));
#11158=CARTESIAN_POINT('Ctrl Pts',(-8.11794602173152,5.38205397826848,7.99142524660806));
#11159=CARTESIAN_POINT('Ctrl Pts',(-13.5,5.38205397826848,7.99142524660806));
#11160=CARTESIAN_POINT('Ctrl Pts',(-18.8820539782685,5.38205397826848,7.99142524660806));
#11161=CARTESIAN_POINT('Ctrl Pts',(-18.8820539782685,0.,7.99142524660806));
#11162=CARTESIAN_POINT('',(-18.8820539782685,0.,7.99142524660796));
#11163=CARTESIAN_POINT('Origin',(-13.5,0.,7.99142524660796));
#11164=CARTESIAN_POINT('',(-26.9735561682857,0.,0.329783187523773));
#11165=CARTESIAN_POINT('Origin',(-18.5,-6.12323399573676E-16,-0.515625000000011));
#11166=CARTESIAN_POINT('',(-0.0264438317143001,-1.65003474346232E-15,0.329783187523773));
#11167=CARTESIAN_POINT('Origin',(-13.5,0.,0.329783187523773));
#11168=CARTESIAN_POINT('Origin',(-13.5,0.,0.329783187523773));
#11169=CARTESIAN_POINT('Origin',(-13.5,0.,-1.4501879727951E-15));
#11170=CARTESIAN_POINT('',(-0.3249617737897,-1.61347683923725E-15,-1.45716771982052E-15));
#11171=CARTESIAN_POINT('Origin',(-13.5,0.,-1.46367293285543E-15));
#11172=CARTESIAN_POINT('',(-14.5,-1.,-1.4501879727951E-15));
#11173=CARTESIAN_POINT('',(-14.5,1.,-1.4501879727951E-15));
#11174=CARTESIAN_POINT('',(-14.5,-1.,-1.4501879727951E-15));
#11175=CARTESIAN_POINT('',(-12.5,-1.,-1.4501879727951E-15));
#11176=CARTESIAN_POINT('',(-12.5,-1.,-1.4501879727951E-15));
#11177=CARTESIAN_POINT('',(-12.5,1.,-1.4501879727951E-15));
#11178=CARTESIAN_POINT('',(-12.5,1.,-1.4501879727951E-15));
#11179=CARTESIAN_POINT('',(-14.5,1.,-1.4501879727951E-15));
#11180=CARTESIAN_POINT('Origin',(-13.5,0.,0.299999999999998));
#11181=CARTESIAN_POINT('Origin',(-0.3249617737897,-1.61347683923725E-15,
0.299999999999998));
#11182=CARTESIAN_POINT('Origin',(-13.5,0.,14.));
#11183=CARTESIAN_POINT('Origin',(-4.14643022640046,-1.14548192838401E-15,
14.));
#11184=CARTESIAN_POINT('Origin',(-13.5,0.,13.2));
#11185=CARTESIAN_POINT('Origin',(-8.10000000000001,-6.6130927153957E-16,
13.2));
#11186=CARTESIAN_POINT('Origin',(-13.5,0.,8.39102246920103));
#11187=CARTESIAN_POINT('Origin',(-18.9,-6.61309271539571E-16,8.39102246920103));
#11188=CARTESIAN_POINT('Origin',(-14.5,-1.,5.));
#11189=CARTESIAN_POINT('',(-14.5,1.,5.));
#11190=CARTESIAN_POINT('',(-14.5,1.,5.));
#11191=CARTESIAN_POINT('',(-14.5,-1.,5.));
#11192=CARTESIAN_POINT('',(-14.5,-1.,5.));
#11193=CARTESIAN_POINT('',(-14.5,-1.,5.));
#11194=CARTESIAN_POINT('Origin',(-14.5,1.,5.));
#11195=CARTESIAN_POINT('',(-12.5,1.,5.));
#11196=CARTESIAN_POINT('',(-12.5,1.,5.));
#11197=CARTESIAN_POINT('',(-14.5,1.,5.));
#11198=CARTESIAN_POINT('Origin',(-12.5,1.,5.));
#11199=CARTESIAN_POINT('',(-12.5,-1.,5.));
#11200=CARTESIAN_POINT('',(-12.5,-1.,5.));
#11201=CARTESIAN_POINT('',(-12.5,1.,5.));
#11202=CARTESIAN_POINT('Origin',(-12.5,-1.,5.));
#11203=CARTESIAN_POINT('',(-12.5,-1.,5.));
#11204=CARTESIAN_POINT('Origin',(0.,0.,5.));
#11205=CARTESIAN_POINT('',(0.,0.,0.));
#11206=CARTESIAN_POINT('Origin',(0.,-0.65,0.));
#11207=CARTESIAN_POINT('',(0.,0.,0.));
#11208=CARTESIAN_POINT('',(0.65,0.,0.));
#11209=CARTESIAN_POINT('',(0.,0.,0.));
#11210=CARTESIAN_POINT('',(0.65,-0.65,0.));
#11211=CARTESIAN_POINT('',(0.65,-0.65,0.));
#11212=CARTESIAN_POINT('',(0.,-0.65,0.));
#11213=CARTESIAN_POINT('',(0.,-0.65,0.));
#11214=CARTESIAN_POINT('',(0.,-0.65,0.));
#11215=CARTESIAN_POINT('Origin',(0.65,-0.65,0.));
#11216=CARTESIAN_POINT('',(0.650000000000001,0.,6.25));
#11217=CARTESIAN_POINT('',(0.65,0.,0.));
#11218=CARTESIAN_POINT('',(0.650000000000001,-0.65,6.25));
#11219=CARTESIAN_POINT('',(0.650000000000001,-0.65,6.25));
#11220=CARTESIAN_POINT('',(0.65,-0.65,0.));
#11221=CARTESIAN_POINT('Origin',(1.,-0.65,6.25));
#11222=CARTESIAN_POINT('',(1.,0.,6.6));
#11223=CARTESIAN_POINT('Origin',(1.,0.,6.25));
#11224=CARTESIAN_POINT('',(1.,-0.65,6.6));
#11225=CARTESIAN_POINT('',(1.,-0.65,6.6));
#11226=CARTESIAN_POINT('Origin',(1.,-0.65,6.25));
#11227=CARTESIAN_POINT('Origin',(1.,-0.65,6.6));
#11228=CARTESIAN_POINT('',(7.65,0.,6.6));
#11229=CARTESIAN_POINT('',(1.,0.,6.6));
#11230=CARTESIAN_POINT('',(7.65,-0.65,6.6));
#11231=CARTESIAN_POINT('',(7.65,-0.65,6.6));
#11232=CARTESIAN_POINT('',(1.,-0.65,6.6));
#11233=CARTESIAN_POINT('Origin',(7.8,-0.65,7.25));
#11234=CARTESIAN_POINT('',(7.8,-0.15,7.1));
#11235=CARTESIAN_POINT('',(7.8,-0.5,7.1));
#11236=CARTESIAN_POINT('',(7.8,-0.65,7.1));
#11237=CARTESIAN_POINT('',(7.8,-0.5,6.75));
#11238=CARTESIAN_POINT('',(7.8,-0.5,7.25));
#11239=CARTESIAN_POINT('',(7.8,-0.15,6.75));
#11240=CARTESIAN_POINT('',(7.8,-0.65,6.75));
#11241=CARTESIAN_POINT('',(7.8,-0.15,7.25));
#11242=CARTESIAN_POINT('Origin',(1.,-0.65,7.25));
#11243=CARTESIAN_POINT('',(7.65,-0.65,7.25));
#11244=CARTESIAN_POINT('',(1.,-0.65,7.25));
#11245=CARTESIAN_POINT('',(1.,-0.65,7.25));
#11246=CARTESIAN_POINT('',(7.65,0.,7.25));
#11247=CARTESIAN_POINT('',(7.65,-0.65,7.25));
#11248=CARTESIAN_POINT('',(1.,0.,7.25));
#11249=CARTESIAN_POINT('',(1.,0.,7.25));
#11250=CARTESIAN_POINT('',(1.,-0.65,7.25));
#11251=CARTESIAN_POINT('Origin',(1.,-0.65,6.25));
#11252=CARTESIAN_POINT('',(1.0842021724855E-15,0.,6.25));
#11253=CARTESIAN_POINT('Origin',(1.,0.,6.25));
#11254=CARTESIAN_POINT('',(1.0842021724855E-15,-0.65,6.25));
#11255=CARTESIAN_POINT('',(1.0842021724855E-15,-0.65,6.25));
#11256=CARTESIAN_POINT('Origin',(1.,-0.65,6.25));
#11257=CARTESIAN_POINT('Origin',(0.,-0.65,0.));
#11258=CARTESIAN_POINT('',(0.,0.,0.));
#11259=CARTESIAN_POINT('',(0.,-0.65,0.));
#11260=CARTESIAN_POINT('Origin',(1.,-0.65,6.25));
#11261=CARTESIAN_POINT('',(7.65,-0.65,6.25));
#11262=CARTESIAN_POINT('Origin',(1.,0.,6.25));
#11263=CARTESIAN_POINT('',(7.65,0.,6.6));
#11264=CARTESIAN_POINT('Origin',(7.8,-0.15,7.25));
#11265=CARTESIAN_POINT('',(7.86666666666667,-0.216666666666667,7.03333333333333));
#11266=CARTESIAN_POINT('',(7.96666666666667,-0.316666666666667,6.91666666666667));
#11267=CARTESIAN_POINT('Origin',(7.8,-0.65,6.75));
#11268=CARTESIAN_POINT('',(7.75,-0.55,6.7));
#11269=CARTESIAN_POINT('Origin',(7.65,-0.65,7.25));
#11270=CARTESIAN_POINT('',(7.65,-0.65,7.25));
#11271=CARTESIAN_POINT('Origin',(7.65,-0.65,6.25));
#11272=CARTESIAN_POINT('',(0.,0.,0.));
#11273=CARTESIAN_POINT('',(15.,-8.67361737988404E-16,3.6));
#11274=CARTESIAN_POINT('',(14.675,-4.755,-1.4));
#11275=CARTESIAN_POINT('',(3.46944695195361E-15,6.93889390390723E-15,1.59999999999997));
#11276=CARTESIAN_POINT('',(13.5,2.08166817117217E-14,14.6));
#11277=CARTESIAN_POINT('',(14.675,-2.21500000000001,-1.4));
#11278=CARTESIAN_POINT('',(14.675,0.325,-1.4));
#11279=CARTESIAN_POINT('',(14.675,5.405,-1.4));
#11280=CARTESIAN_POINT('',(14.675,2.865,-1.4));
#11281=CARTESIAN_POINT('',(0.,0.,0.));
#11282=CARTESIAN_POINT('Origin',(0.,0.,-16.59));
#11283=CARTESIAN_POINT('',(4.71499999999978,-3.75000000000292,-16.59));
#11284=CARTESIAN_POINT('',(12.3999999999998,-3.75000000000292,-16.59));
#11285=CARTESIAN_POINT('',(2.35749999999989,-3.75000000000292,-16.59));
#11286=CARTESIAN_POINT('',(12.3999999999998,4.64999999999708,-16.59));
#11287=CARTESIAN_POINT('',(12.3999999999998,-1.87500000000146,-16.59));
#11288=CARTESIAN_POINT('',(-12.4000000000002,4.64999999999708,-16.59));
#11289=CARTESIAN_POINT('',(6.19999999999989,4.64999999999708,-16.59));
#11290=CARTESIAN_POINT('',(-12.4000000000002,-3.75000000000292,-16.59));
#11291=CARTESIAN_POINT('',(-12.4000000000002,2.32499999999854,-16.59));
#11292=CARTESIAN_POINT('',(-4.71500000000022,-3.75000000000292,-16.59));
#11293=CARTESIAN_POINT('',(-6.20000000000011,-3.75000000000292,-16.59));
#11294=CARTESIAN_POINT('',(-4.71500000000022,-5.71000000000292,-16.59));
#11295=CARTESIAN_POINT('',(-4.71500000000022,-1.87500000000146,-16.59));
#11296=CARTESIAN_POINT('',(-12.4000000000002,-5.71000000000292,-16.59));
#11297=CARTESIAN_POINT('',(-2.35750000000011,-5.71000000000292,-16.59));
#11298=CARTESIAN_POINT('',(-12.4000000000002,-17.7100000000029,-16.59));
#11299=CARTESIAN_POINT('',(-12.4000000000002,-2.85500000000146,-16.59));
#11300=CARTESIAN_POINT('',(-8.00000000000005,-22.7100000000029,-16.59));
#11301=CARTESIAN_POINT('',(-14.0857078449061,-15.794422903519,-16.59));
#11302=CARTESIAN_POINT('',(7.99999999999994,-22.7100000000029,-16.59));
#11303=CARTESIAN_POINT('',(-4.00000000000003,-22.7100000000029,-16.59));
#11304=CARTESIAN_POINT('',(12.3999999999998,-17.7100000000029,-16.59));
#11305=CARTESIAN_POINT('',(11.885707844906,-18.2944229035185,-16.59));
#11306=CARTESIAN_POINT('',(12.3999999999998,-5.71000000000292,-16.59));
#11307=CARTESIAN_POINT('',(12.3999999999998,-8.85500000000146,-16.59));
#11308=CARTESIAN_POINT('',(4.71499999999978,-5.71000000000292,-16.59));
#11309=CARTESIAN_POINT('',(6.19999999999989,-5.71000000000292,-16.59));
#11310=CARTESIAN_POINT('',(4.71499999999978,-2.85500000000146,-16.59));
#11311=CARTESIAN_POINT('Origin',(12.125,7.87,-2.2));
#11312=CARTESIAN_POINT('',(12.125,21.37,-2.2));
#11313=CARTESIAN_POINT('',(12.125,7.87,-2.2));
#11314=CARTESIAN_POINT('',(12.125,3.935,-2.2));
#11315=CARTESIAN_POINT('',(12.125,21.37,-19.12));
#11316=CARTESIAN_POINT('',(12.125,21.37,-2.2));
#11317=CARTESIAN_POINT('',(12.125,7.87,-19.12));
#11318=CARTESIAN_POINT('',(12.125,21.37,-19.12));
#11319=CARTESIAN_POINT('',(12.125,7.87,-2.2));
#11320=CARTESIAN_POINT('Origin',(11.125,7.87,-2.2));
#11321=CARTESIAN_POINT('',(11.125,6.87,-2.2));
#11322=CARTESIAN_POINT('Origin',(11.125,7.87,-2.2));
#11323=CARTESIAN_POINT('',(11.125,6.87,-19.12));
#11324=CARTESIAN_POINT('Origin',(11.125,7.87,-19.12));
#11325=CARTESIAN_POINT('',(11.125,6.87,-2.2));
#11326=CARTESIAN_POINT('Origin',(-11.125,6.87,-2.2));
#11327=CARTESIAN_POINT('',(-11.125,6.87,-2.2));
#11328=CARTESIAN_POINT('',(-5.56250000000001,6.87,-2.2));
#11329=CARTESIAN_POINT('',(-11.125,6.87,-19.12));
#11330=CARTESIAN_POINT('',(11.125,6.87,-19.12));
#11331=CARTESIAN_POINT('',(-11.125,6.87,-2.2));
#11332=CARTESIAN_POINT('Origin',(-11.125,7.86999999999999,-2.2));
#11333=CARTESIAN_POINT('',(-12.125,7.87,-2.2));
#11334=CARTESIAN_POINT('Origin',(-11.125,7.86999999999999,-2.2));
#11335=CARTESIAN_POINT('',(-12.125,7.87,-19.12));
#11336=CARTESIAN_POINT('Origin',(-11.125,7.86999999999999,-19.12));
#11337=CARTESIAN_POINT('',(-12.125,7.87,-2.2));
#11338=CARTESIAN_POINT('Origin',(-12.125,21.37,-2.2));
#11339=CARTESIAN_POINT('',(-12.125,21.37,-2.2));
#11340=CARTESIAN_POINT('',(-12.125,10.685,-2.2));
#11341=CARTESIAN_POINT('',(-12.125,21.37,-19.12));
#11342=CARTESIAN_POINT('',(-12.125,21.37,-19.12));
#11343=CARTESIAN_POINT('',(-12.125,21.37,-2.2));
#11344=CARTESIAN_POINT('Origin',(-11.125,21.37,-2.2));
#11345=CARTESIAN_POINT('',(-11.125,22.37,-2.2));
#11346=CARTESIAN_POINT('Origin',(-11.125,21.37,-2.2));
#11347=CARTESIAN_POINT('',(-11.125,22.37,-19.12));
#11348=CARTESIAN_POINT('Origin',(-11.125,21.37,-19.12));
#11349=CARTESIAN_POINT('',(-11.125,22.37,-2.2));
#11350=CARTESIAN_POINT('Origin',(11.125,22.37,-2.2));
#11351=CARTESIAN_POINT('',(11.125,22.37,-2.2));
#11352=CARTESIAN_POINT('',(5.5625,22.37,-2.2));
#11353=CARTESIAN_POINT('',(11.125,22.37,-19.12));
#11354=CARTESIAN_POINT('',(11.125,22.37,-19.12));
#11355=CARTESIAN_POINT('',(11.125,22.37,-2.2));
#11356=CARTESIAN_POINT('Origin',(11.125,21.37,-2.2));
#11357=CARTESIAN_POINT('Origin',(11.125,21.37,-2.2));
#11358=CARTESIAN_POINT('Origin',(11.125,21.37,-19.12));
#11359=CARTESIAN_POINT('Origin',(-12.5,23.55,-2.2));
#11360=CARTESIAN_POINT('',(12.5,23.55,-2.2));
#11361=CARTESIAN_POINT('',(-12.5,23.55,-2.2));
#11362=CARTESIAN_POINT('',(-6.25,23.55,-2.2));
#11363=CARTESIAN_POINT('',(12.5,23.55,-19.12));
#11364=CARTESIAN_POINT('',(12.5,23.55,-2.2));
#11365=CARTESIAN_POINT('',(-12.5,23.55,-19.12));
#11366=CARTESIAN_POINT('',(12.5,23.55,-19.12));
#11367=CARTESIAN_POINT('',(-12.5,23.55,-2.2));
#11368=CARTESIAN_POINT('Origin',(-12.5,22.55,-2.2));
#11369=CARTESIAN_POINT('',(-13.5,22.55,-2.2));
#11370=CARTESIAN_POINT('Origin',(-12.5,22.55,-2.2));
#11371=CARTESIAN_POINT('',(-13.5,22.55,-19.12));
#11372=CARTESIAN_POINT('Origin',(-12.5,22.55,-19.12));
#11373=CARTESIAN_POINT('',(-13.5,22.55,-2.2));
#11374=CARTESIAN_POINT('Origin',(-13.5,-17.95,-2.2));
#11375=CARTESIAN_POINT('',(-13.5,-17.95,-2.2));
#11376=CARTESIAN_POINT('',(-13.5,-8.975,-2.2));
#11377=CARTESIAN_POINT('',(-13.5,-17.95,-19.12));
#11378=CARTESIAN_POINT('',(-13.5,22.55,-19.12));
#11379=CARTESIAN_POINT('',(-13.5,-17.95,-2.2));
#11380=CARTESIAN_POINT('Origin',(-8.5,-23.55,-2.2));
#11381=CARTESIAN_POINT('',(-8.5,-23.55,-2.2));
#11382=CARTESIAN_POINT('',(-12.4646912704045,-19.1095457771469,-2.2));
#11383=CARTESIAN_POINT('',(-8.5,-23.55,-19.12));
#11384=CARTESIAN_POINT('',(-8.5,-23.55,-19.12));
#11385=CARTESIAN_POINT('',(-8.5,-23.55,-2.2));
#11386=CARTESIAN_POINT('Origin',(8.5,-23.55,-2.2));
#11387=CARTESIAN_POINT('',(8.5,-23.55,-2.2));
#11388=CARTESIAN_POINT('',(4.25,-23.55,-2.2));
#11389=CARTESIAN_POINT('',(8.5,-23.55,-19.12));
#11390=CARTESIAN_POINT('',(8.5,-23.55,-19.12));
#11391=CARTESIAN_POINT('',(8.5,-23.55,-2.2));
#11392=CARTESIAN_POINT('Origin',(13.5,-17.95,-2.2));
#11393=CARTESIAN_POINT('',(13.5,-17.95,-2.2));
#11394=CARTESIAN_POINT('',(14.9646912704045,-16.3095457771469,-2.2));
#11395=CARTESIAN_POINT('',(13.5,-17.95,-19.12));
#11396=CARTESIAN_POINT('',(13.5,-17.95,-19.12));
#11397=CARTESIAN_POINT('',(13.5,-17.95,-2.2));
#11398=CARTESIAN_POINT('Origin',(13.5,22.55,-2.2));
#11399=CARTESIAN_POINT('',(13.5,22.55,-2.2));
#11400=CARTESIAN_POINT('',(13.5,11.275,-2.2));
#11401=CARTESIAN_POINT('',(13.5,22.55,-19.12));
#11402=CARTESIAN_POINT('',(13.5,22.55,-19.12));
#11403=CARTESIAN_POINT('',(13.5,22.55,-2.2));
#11404=CARTESIAN_POINT('Origin',(12.5,22.55,-2.2));
#11405=CARTESIAN_POINT('Origin',(12.5,22.55,-2.2));
#11406=CARTESIAN_POINT('Origin',(12.5,22.55,-19.12));
#11407=CARTESIAN_POINT('Origin',(0.,0.,-19.12));
#11408=CARTESIAN_POINT('Origin',(0.,0.,-2.2));
#11409=CARTESIAN_POINT('',(-13.8173611633268,28.9972692478967,-2.2));
#11410=CARTESIAN_POINT('',(-12.6600099817526,29.775,-2.2));
#11411=CARTESIAN_POINT('Origin',(-12.6600099817526,28.525,-2.2));
#11412=CARTESIAN_POINT('',(12.6600099817526,29.775,-2.2));
#11413=CARTESIAN_POINT('',(-12.6600099817526,29.775,-2.2));
#11414=CARTESIAN_POINT('',(13.8173611633268,28.9972692478967,-2.2));
#11415=CARTESIAN_POINT('Origin',(12.6600099817526,28.525,-2.2));
#11416=CARTESIAN_POINT('',(25.4572855965761,0.472269247896749,-2.2));
#11417=CARTESIAN_POINT('',(25.4572855965761,0.472269247896749,-2.2));
#11418=CARTESIAN_POINT('',(25.4572855965761,-0.472269247896753,-2.2));
#11419=CARTESIAN_POINT('Origin',(24.299934415002,-2.04697370165263E-15,
-2.2));
#11420=CARTESIAN_POINT('',(13.8173611633268,-28.9972692478967,-2.2));
#11421=CARTESIAN_POINT('',(13.8173611633268,-28.9972692478967,-2.2));
#11422=CARTESIAN_POINT('',(12.6600099817526,-29.775,-2.2));
#11423=CARTESIAN_POINT('Origin',(12.6600099817526,-28.525,-2.2));
#11424=CARTESIAN_POINT('',(-12.6600099817526,-29.775,-2.2));
#11425=CARTESIAN_POINT('',(-12.6600099817526,-29.775,-2.2));
#11426=CARTESIAN_POINT('',(-13.8173611633268,-28.9972692478967,-2.2));
#11427=CARTESIAN_POINT('Origin',(-12.6600099817526,-28.525,-2.2));
#11428=CARTESIAN_POINT('',(-25.4572855965761,-0.472269247896747,-2.2));
#11429=CARTESIAN_POINT('',(-25.4572855965761,-0.472269247896749,-2.2));
#11430=CARTESIAN_POINT('',(-25.4572855965761,0.472269247896753,-2.2));
#11431=CARTESIAN_POINT('Origin',(-24.299934415002,1.6306400674182E-15,-2.2));
#11432=CARTESIAN_POINT('',(-13.8173611633268,28.9972692478967,-2.2));
#11433=CARTESIAN_POINT('',(17.85,-2.17374806848655E-16,-2.2));
#11434=CARTESIAN_POINT('Origin',(19.625,0.,-2.2));
#11435=CARTESIAN_POINT('',(-21.4,-2.17374806848655E-16,-2.2));
#11436=CARTESIAN_POINT('Origin',(-19.625,0.,-2.2));
#11437=CARTESIAN_POINT('Origin',(19.625,0.,-0.5625));
#11438=CARTESIAN_POINT('',(17.85,2.17374806848655E-16,-1.125));
#11439=CARTESIAN_POINT('Origin',(19.625,0.,-1.125));
#11440=CARTESIAN_POINT('',(16.725,-3.55147571752732E-16,0.));
#11441=CARTESIAN_POINT('',(17.2875,-2.86261189300694E-16,-0.5625));
#11442=CARTESIAN_POINT('Origin',(19.625,0.,0.));
#11443=CARTESIAN_POINT('Origin',(0.,0.,0.));
#11444=CARTESIAN_POINT('',(-12.6600099817526,29.775,0.));
#11445=CARTESIAN_POINT('',(-13.8173611633268,28.9972692478967,0.));
#11446=CARTESIAN_POINT('Origin',(-12.6600099817526,28.525,0.));
#11447=CARTESIAN_POINT('',(-25.4572855965761,0.472269247896753,0.));
#11448=CARTESIAN_POINT('',(-13.8173611633268,28.9972692478967,0.));
#11449=CARTESIAN_POINT('',(-25.4572855965761,-0.472269247896747,0.));
#11450=CARTESIAN_POINT('Origin',(-24.299934415002,1.6306400674182E-15,0.));
#11451=CARTESIAN_POINT('',(-13.8173611633268,-28.9972692478967,0.));
#11452=CARTESIAN_POINT('',(-25.4572855965761,-0.472269247896749,0.));
#11453=CARTESIAN_POINT('',(-12.6600099817526,-29.775,0.));
#11454=CARTESIAN_POINT('Origin',(-12.6600099817526,-28.525,0.));
#11455=CARTESIAN_POINT('',(12.6600099817526,-29.775,0.));
#11456=CARTESIAN_POINT('',(-12.6600099817526,-29.775,0.));
#11457=CARTESIAN_POINT('',(13.8173611633268,-28.9972692478967,0.));
#11458=CARTESIAN_POINT('Origin',(12.6600099817526,-28.525,0.));
#11459=CARTESIAN_POINT('',(25.4572855965761,-0.472269247896753,0.));
#11460=CARTESIAN_POINT('',(13.8173611633268,-28.9972692478967,0.));
#11461=CARTESIAN_POINT('',(25.4572855965761,0.472269247896749,0.));
#11462=CARTESIAN_POINT('Origin',(24.299934415002,-2.04697370165263E-15,
0.));
#11463=CARTESIAN_POINT('',(13.8173611633268,28.9972692478967,0.));
#11464=CARTESIAN_POINT('',(25.4572855965761,0.472269247896749,0.));
#11465=CARTESIAN_POINT('',(12.6600099817526,29.775,0.));
#11466=CARTESIAN_POINT('Origin',(12.6600099817526,28.525,0.));
#11467=CARTESIAN_POINT('',(-12.6600099817526,29.775,0.));
#11468=CARTESIAN_POINT('',(-22.525,-3.55147571752732E-16,0.));
#11469=CARTESIAN_POINT('Origin',(-19.625,0.,0.));
#11470=CARTESIAN_POINT('',(12.4399999999999,-26.8000000000028,0.));
#11471=CARTESIAN_POINT('',(-12.44,-26.7999999999989,0.));
#11472=CARTESIAN_POINT('',(-6.21999999999985,-26.800000000003,0.));
#11473=CARTESIAN_POINT('',(-14.4399999999999,-24.7999999999988,0.));
#11474=CARTESIAN_POINT('Origin',(-12.44,-24.7999999999989,0.));
#11475=CARTESIAN_POINT('',(-14.44,24.7999999999988,0.));
#11476=CARTESIAN_POINT('',(-14.44,12.3999999999994,0.));
#11477=CARTESIAN_POINT('',(-12.44,26.7999999999988,0.));
#11478=CARTESIAN_POINT('Origin',(-12.44,24.7999999999988,0.));
#11479=CARTESIAN_POINT('',(12.4399999999999,26.7999999999984,0.));
#11480=CARTESIAN_POINT('',(6.22000000000009,26.7999999999986,0.));
#11481=CARTESIAN_POINT('',(14.4399999999999,24.7999999999984,0.));
#11482=CARTESIAN_POINT('Origin',(12.4399999999999,24.7999999999984,0.));
#11483=CARTESIAN_POINT('',(14.4400000000043,-24.7999999999984,0.));
#11484=CARTESIAN_POINT('',(14.4399999999999,-12.3999999999992,0.));
#11485=CARTESIAN_POINT('Origin',(12.4399999999999,-24.7999999999984,0.));
#11486=CARTESIAN_POINT('Origin',(19.625,0.,0.));
#11487=CARTESIAN_POINT('',(17.85,2.17374806848655E-16,0.));
#11488=CARTESIAN_POINT('Origin',(-19.625,0.,-0.5625));
#11489=CARTESIAN_POINT('',(-21.4,2.17374806848655E-16,-1.125));
#11490=CARTESIAN_POINT('Origin',(-19.625,0.,-1.125));
#11491=CARTESIAN_POINT('',(-21.9625,-2.86261189300694E-16,-0.5625));
#11492=CARTESIAN_POINT('Origin',(-19.625,0.,0.));
#11493=CARTESIAN_POINT('',(-21.4,2.17374806848655E-16,0.));
#11494=CARTESIAN_POINT('Origin',(-2.22044604925031E-13,14.9699999999971,
-1.15));
#11495=CARTESIAN_POINT('',(10.7249999999998,7.37999999999708,-1.15));
#11496=CARTESIAN_POINT('',(-10.7250000000002,7.37999999999708,-1.15));
#11497=CARTESIAN_POINT('',(-10.7250000000002,7.37999999999708,-1.15));
#11498=CARTESIAN_POINT('',(10.7249999999998,22.5599999999971,-1.15));
#11499=CARTESIAN_POINT('',(10.7249999999998,7.37999999999708,-1.15));
#11500=CARTESIAN_POINT('',(-10.7250000000002,22.5599999999971,-1.15));
#11501=CARTESIAN_POINT('',(-10.7250000000002,22.5599999999971,-1.15));
#11502=CARTESIAN_POINT('',(-10.7250000000002,7.37999999999708,-1.15));
#11503=CARTESIAN_POINT('',(9.67499999999978,8.34499999999708,-1.15));
#11504=CARTESIAN_POINT('',(9.67499999999978,21.5949999999971,-1.15));
#11505=CARTESIAN_POINT('',(9.67499999999978,11.6574999999971,-1.15));
#11506=CARTESIAN_POINT('',(-9.67500000000022,8.34499999999708,-1.15));
#11507=CARTESIAN_POINT('',(-4.83750000000022,8.34499999999708,-1.15));
#11508=CARTESIAN_POINT('',(-9.67500000000022,21.5949999999971,-1.15));
#11509=CARTESIAN_POINT('',(-9.67500000000022,18.2824999999971,-1.15));
#11510=CARTESIAN_POINT('',(4.83749999999978,21.5949999999971,-1.15));
#11511=CARTESIAN_POINT('Origin',(-9.67500000000022,8.34499999999708,0.));
#11512=CARTESIAN_POINT('',(9.67499999999978,8.34499999999708,-2.2));
#11513=CARTESIAN_POINT('',(9.67499999999978,8.34499999999708,0.));
#11514=CARTESIAN_POINT('',(-9.67500000000022,8.34499999999708,-2.2));
#11515=CARTESIAN_POINT('',(-9.67500000000022,8.34499999999708,-2.2));
#11516=CARTESIAN_POINT('',(-9.67500000000022,8.34499999999708,0.));
#11517=CARTESIAN_POINT('Origin',(9.67499999999978,8.34499999999708,0.));
#11518=CARTESIAN_POINT('',(9.67499999999978,21.5949999999971,-2.2));
#11519=CARTESIAN_POINT('',(9.67499999999978,21.5949999999971,0.));
#11520=CARTESIAN_POINT('',(9.67499999999978,8.34499999999708,-2.2));
#11521=CARTESIAN_POINT('Origin',(10.7249999999998,22.5599999999971,0.));
#11522=CARTESIAN_POINT('',(10.7249999999998,7.37999999999708,1.));
#11523=CARTESIAN_POINT('',(10.7249999999998,7.37999999999708,0.));
#11524=CARTESIAN_POINT('',(10.7249999999998,22.5599999999971,1.));
#11525=CARTESIAN_POINT('',(10.7249999999998,7.37999999999708,1.));
#11526=CARTESIAN_POINT('',(10.7249999999998,22.5599999999971,0.));
#11527=CARTESIAN_POINT('Origin',(-10.7250000000002,22.5599999999971,0.));
#11528=CARTESIAN_POINT('',(-10.7250000000002,22.5599999999971,1.));
#11529=CARTESIAN_POINT('',(-10.7250000000002,22.5599999999971,1.));
#11530=CARTESIAN_POINT('',(-10.7250000000002,22.5599999999971,0.));
#11531=CARTESIAN_POINT('Origin',(-10.7250000000002,7.37999999999708,0.));
#11532=CARTESIAN_POINT('',(-10.7250000000002,7.37999999999708,1.));
#11533=CARTESIAN_POINT('',(-10.7250000000002,7.37999999999708,1.));
#11534=CARTESIAN_POINT('',(-10.7250000000002,7.37999999999708,0.));
#11535=CARTESIAN_POINT('Origin',(10.7249999999998,7.37999999999708,0.));
#11536=CARTESIAN_POINT('',(-10.7250000000002,7.37999999999708,1.));
#11537=CARTESIAN_POINT('Origin',(-12.44,-26.800000000003,0.));
#11538=CARTESIAN_POINT('',(12.4399999999999,-26.8000000000028,1.));
#11539=CARTESIAN_POINT('',(12.4399999999999,-26.8000000000028,0.));
#11540=CARTESIAN_POINT('',(-12.44,-26.7999999999989,1.));
#11541=CARTESIAN_POINT('',(12.4399999999999,-26.8000000000028,1.));
#11542=CARTESIAN_POINT('',(-12.44,-26.7999999999989,0.));
#11543=CARTESIAN_POINT('Origin',(-12.44,-24.7999999999989,0.));
#11544=CARTESIAN_POINT('',(-14.4399999999999,-24.7999999999988,1.));
#11545=CARTESIAN_POINT('Origin',(-12.44,-24.7999999999989,1.));
#11546=CARTESIAN_POINT('',(-14.4399999999999,-24.7999999999988,0.));
#11547=CARTESIAN_POINT('Origin',(-14.44,24.7999999999988,0.));
#11548=CARTESIAN_POINT('',(-14.44,24.7999999999988,1.));
#11549=CARTESIAN_POINT('',(-14.4399999999999,-24.7999999999988,1.));
#11550=CARTESIAN_POINT('',(-14.44,24.7999999999988,0.));
#11551=CARTESIAN_POINT('Origin',(-12.44,24.7999999999988,0.));
#11552=CARTESIAN_POINT('',(-12.44,26.7999999999988,1.));
#11553=CARTESIAN_POINT('Origin',(-12.44,24.7999999999988,1.));
#11554=CARTESIAN_POINT('',(-12.44,26.7999999999988,0.));
#11555=CARTESIAN_POINT('Origin',(12.4399999999999,26.7999999999986,0.));
#11556=CARTESIAN_POINT('',(12.4399999999999,26.7999999999984,1.));
#11557=CARTESIAN_POINT('',(-12.44,26.7999999999988,1.));
#11558=CARTESIAN_POINT('',(12.4399999999999,26.7999999999984,0.));
#11559=CARTESIAN_POINT('Origin',(12.4399999999999,24.7999999999984,0.));
#11560=CARTESIAN_POINT('',(14.4399999999999,24.7999999999984,1.));
#11561=CARTESIAN_POINT('Origin',(12.4399999999999,24.7999999999984,1.));
#11562=CARTESIAN_POINT('',(14.4399999999999,24.7999999999984,0.));
#11563=CARTESIAN_POINT('Origin',(14.4399999999999,-24.7999999999984,0.));
#11564=CARTESIAN_POINT('',(14.4400000000043,-24.7999999999984,1.));
#11565=CARTESIAN_POINT('',(14.4399999999999,24.7999999999984,1.));
#11566=CARTESIAN_POINT('',(14.4400000000043,-24.7999999999984,0.));
#11567=CARTESIAN_POINT('Origin',(12.4399999999999,-24.7999999999984,0.));
#11568=CARTESIAN_POINT('Origin',(12.4399999999999,-24.7999999999984,1.));
#11569=CARTESIAN_POINT('Origin',(2.18269846641306E-12,-2.1138646388863E-12,
1.));
#11570=CARTESIAN_POINT('',(12.3999999999998,4.64999999999708,1.));
#11571=CARTESIAN_POINT('',(12.3999999999998,-3.75000000000292,1.));
#11572=CARTESIAN_POINT('',(12.3999999999998,-3.75000000000292,1.));
#11573=CARTESIAN_POINT('',(4.71499999999978,-3.75000000000292,1.));
#11574=CARTESIAN_POINT('',(-12.4000000000002,-3.75000000000292,1.));
#11575=CARTESIAN_POINT('',(4.71499999999978,-5.71000000000292,1.));
#11576=CARTESIAN_POINT('',(4.71499999999978,-3.75000000000292,1.));
#11577=CARTESIAN_POINT('',(12.3999999999998,-5.71000000000292,1.));
#11578=CARTESIAN_POINT('',(-12.4000000000002,-5.71000000000292,1.));
#11579=CARTESIAN_POINT('',(12.3999999999998,-17.7100000000029,1.));
#11580=CARTESIAN_POINT('',(12.3999999999998,-5.71000000000292,1.));
#11581=CARTESIAN_POINT('',(7.99999999999994,-22.7100000000029,1.));
#11582=CARTESIAN_POINT('',(7.99999999999994,-22.7100000000029,1.));
#11583=CARTESIAN_POINT('',(-8.00000000000005,-22.7100000000029,1.));
#11584=CARTESIAN_POINT('',(-8.00000000000005,-22.7100000000029,1.));
#11585=CARTESIAN_POINT('',(-12.4000000000002,-17.7100000000029,1.));
#11586=CARTESIAN_POINT('',(-12.4000000000002,-17.7100000000029,1.));
#11587=CARTESIAN_POINT('',(-12.4000000000002,-5.71000000000292,1.));
#11588=CARTESIAN_POINT('',(-12.4000000000002,-5.71000000000292,1.));
#11589=CARTESIAN_POINT('',(-4.71500000000022,-5.71000000000292,1.));
#11590=CARTESIAN_POINT('',(-12.4000000000002,-5.71000000000292,1.));
#11591=CARTESIAN_POINT('',(-4.71500000000022,-3.75000000000292,1.));
#11592=CARTESIAN_POINT('',(-4.71500000000022,-5.71000000000292,1.));
#11593=CARTESIAN_POINT('',(-12.4000000000002,-3.75000000000292,1.));
#11594=CARTESIAN_POINT('',(-12.4000000000002,-3.75000000000292,1.));
#11595=CARTESIAN_POINT('',(-12.4000000000002,4.64999999999708,1.));
#11596=CARTESIAN_POINT('',(-12.4000000000002,-3.75000000000292,1.));
#11597=CARTESIAN_POINT('',(-12.4000000000002,4.64999999999708,1.));
#11598=CARTESIAN_POINT('Origin',(-9.67500000000022,21.5949999999971,0.));
#11599=CARTESIAN_POINT('',(-9.67500000000022,21.5949999999971,-2.2));
#11600=CARTESIAN_POINT('',(-9.67500000000022,21.5949999999971,-2.2));
#11601=CARTESIAN_POINT('',(-9.67500000000022,21.5949999999971,0.));
#11602=CARTESIAN_POINT('Origin',(9.67499999999978,21.5949999999971,0.));
#11603=CARTESIAN_POINT('',(9.67499999999978,21.5949999999971,-2.2));
#11604=CARTESIAN_POINT('Origin',(4.71499999999978,-3.75000000000292,0.));
#11605=CARTESIAN_POINT('',(12.3999999999998,-3.75000000000292,0.));
#11606=CARTESIAN_POINT('',(4.71499999999978,-3.75000000000292,0.));
#11607=CARTESIAN_POINT('Origin',(4.71499999999978,-5.71000000000292,0.));
#11608=CARTESIAN_POINT('',(4.71499999999978,-5.71000000000292,0.));
#11609=CARTESIAN_POINT('Origin',(12.3999999999998,-5.71000000000292,0.));
#11610=CARTESIAN_POINT('',(12.3999999999998,-5.71000000000292,0.));
#11611=CARTESIAN_POINT('Origin',(12.3999999999998,-17.7100000000029,0.));
#11612=CARTESIAN_POINT('',(12.3999999999998,-17.7100000000029,0.));
#11613=CARTESIAN_POINT('Origin',(7.99999999999994,-22.7100000000029,0.));
#11614=CARTESIAN_POINT('',(7.99999999999994,-22.7100000000029,0.));
#11615=CARTESIAN_POINT('Origin',(-8.00000000000005,-22.7100000000029,0.));
#11616=CARTESIAN_POINT('',(-8.00000000000005,-22.7100000000029,0.));
#11617=CARTESIAN_POINT('Origin',(-12.4000000000002,-17.7100000000029,0.));
#11618=CARTESIAN_POINT('',(-12.4000000000002,-17.7100000000029,0.));
#11619=CARTESIAN_POINT('Origin',(-12.4000000000002,-5.71000000000292,0.));
#11620=CARTESIAN_POINT('',(-12.4000000000002,-5.71000000000292,0.));
#11621=CARTESIAN_POINT('Origin',(-4.71500000000022,-5.71000000000292,0.));
#11622=CARTESIAN_POINT('',(-4.71500000000022,-5.71000000000292,0.));
#11623=CARTESIAN_POINT('Origin',(-4.71500000000022,-3.75000000000292,0.));
#11624=CARTESIAN_POINT('',(-4.71500000000022,-3.75000000000292,0.));
#11625=CARTESIAN_POINT('Origin',(-12.4000000000002,-3.75000000000292,0.));
#11626=CARTESIAN_POINT('',(-12.4000000000002,-3.75000000000292,0.));
#11627=CARTESIAN_POINT('Origin',(-12.4000000000002,4.64999999999708,0.));
#11628=CARTESIAN_POINT('',(-12.4000000000002,4.64999999999708,0.));
#11629=CARTESIAN_POINT('Origin',(12.3999999999998,4.64999999999708,0.));
#11630=CARTESIAN_POINT('',(12.3999999999998,4.64999999999708,0.));
#11631=CARTESIAN_POINT('Origin',(12.3999999999998,-3.75000000000292,0.));
#11632=CARTESIAN_POINT('Origin',(-25.4572855965761,0.472269247896753,0.));
#11633=CARTESIAN_POINT('',(-13.8173611633268,28.9972692478967,0.));
#11634=CARTESIAN_POINT('',(-25.4572855965761,0.472269247896753,0.));
#11635=CARTESIAN_POINT('Origin',(-24.299934415002,1.6306400674182E-15,0.));
#11636=CARTESIAN_POINT('',(-25.4572855965761,-0.472269247896747,0.));
#11637=CARTESIAN_POINT('Origin',(-13.8173611633268,-28.9972692478967,0.));
#11638=CARTESIAN_POINT('',(-13.8173611633268,-28.9972692478967,0.));
#11639=CARTESIAN_POINT('Origin',(-12.6600099817526,-28.525,0.));
#11640=CARTESIAN_POINT('',(-12.6600099817526,-29.775,0.));
#11641=CARTESIAN_POINT('Origin',(12.6600099817526,-29.775,0.));
#11642=CARTESIAN_POINT('',(12.6600099817526,-29.775,0.));
#11643=CARTESIAN_POINT('Origin',(12.6600099817526,-28.525,0.));
#11644=CARTESIAN_POINT('',(13.8173611633268,-28.9972692478967,0.));
#11645=CARTESIAN_POINT('Origin',(25.4572855965761,-0.472269247896753,0.));
#11646=CARTESIAN_POINT('',(25.4572855965761,-0.472269247896753,0.));
#11647=CARTESIAN_POINT('Origin',(24.299934415002,-2.04697370165263E-15,
0.));
#11648=CARTESIAN_POINT('',(25.4572855965761,0.472269247896749,0.));
#11649=CARTESIAN_POINT('Origin',(13.8173611633268,28.9972692478967,0.));
#11650=CARTESIAN_POINT('',(13.8173611633268,28.9972692478967,0.));
#11651=CARTESIAN_POINT('Origin',(12.6600099817526,28.525,0.));
#11652=CARTESIAN_POINT('',(12.6600099817526,29.775,0.));
#11653=CARTESIAN_POINT('Origin',(-12.6600099817526,29.775,0.));
#11654=CARTESIAN_POINT('',(-12.6600099817526,29.775,0.));
#11655=CARTESIAN_POINT('Origin',(-12.6600099817526,28.525,0.));
#11656=CARTESIAN_POINT('Origin',(0.,0.,-2.2));
#11657=CARTESIAN_POINT('Origin',(0.899999999999904,-13.9550000000029,0.));
#11658=CARTESIAN_POINT('',(0.824999999999904,-13.8800000000029,-16.59));
#11659=CARTESIAN_POINT('',(0.824999999999904,-13.8800000000029,-4.56));
#11660=CARTESIAN_POINT('',(0.824999999999904,-13.8800000000029,0.));
#11661=CARTESIAN_POINT('',(0.974999999999904,-14.0300000000029,-4.62213203435597));
#11662=CARTESIAN_POINT('',(0.824999999999904,-13.8800000000029,-4.56));
#11663=CARTESIAN_POINT('',(0.974999999999904,-14.0300000000029,-16.44));
#11664=CARTESIAN_POINT('',(0.974999999999904,-14.0300000000029,0.));
#11665=CARTESIAN_POINT('',(0.974999999999904,-14.0300000000029,-16.44));
#11666=CARTESIAN_POINT('Origin',(0.899999999999904,-17.8050000000029,0.));
#11667=CARTESIAN_POINT('',(0.974999999999904,-17.7300000000029,-16.44));
#11668=CARTESIAN_POINT('',(0.974999999999904,-17.7300000000029,-4.62213203435597));
#11669=CARTESIAN_POINT('',(0.974999999999904,-17.7300000000029,0.));
#11670=CARTESIAN_POINT('',(0.824999999999904,-17.8800000000029,-4.56));
#11671=CARTESIAN_POINT('',(0.974999999999904,-17.7300000000029,-4.62213203435597));
#11672=CARTESIAN_POINT('',(0.824999999999904,-17.8800000000029,-16.59));
#11673=CARTESIAN_POINT('',(0.824999999999904,-17.8800000000029,0.));
#11674=CARTESIAN_POINT('',(0.824999999999904,-17.8800000000029,-16.59));
#11675=CARTESIAN_POINT('Origin',(0.899999999999904,-15.4369669914139,-2.22303300858899));
#11676=CARTESIAN_POINT('',(0.824999999999904,-16.8800000000029,-3.56));
#11677=CARTESIAN_POINT('',(0.824999999999904,-15.4900000000029,-2.17));
#11678=CARTESIAN_POINT('',(0.974999999999904,-16.817867965647,-3.71));
#11679=CARTESIAN_POINT('',(0.974999999999904,-15.3839339828249,-2.27606601717798));
#11680=CARTESIAN_POINT('',(0.974999999999904,-16.817867965647,-3.71));
#11681=CARTESIAN_POINT('Origin',(0.899999999999904,-14.8800000000029,-3.635));
#11682=CARTESIAN_POINT('',(0.824999999999904,-14.8800000000029,-3.56));
#11683=CARTESIAN_POINT('',(0.824999999999904,-14.8800000000029,-3.56));
#11684=CARTESIAN_POINT('',(0.974999999999904,-14.9421320343589,-3.71));
#11685=CARTESIAN_POINT('',(0.974999999999904,-14.8800000000029,-3.71));
#11686=CARTESIAN_POINT('',(0.974999999999904,-14.9421320343589,-3.71));
#11687=CARTESIAN_POINT('Origin',(0.899999999999904,-14.8800000000029,-16.515));
#11688=CARTESIAN_POINT('',(0.974999999999904,-14.8800000000029,-16.44));
#11689=CARTESIAN_POINT('',(0.824999999999904,-14.8800000000029,-16.59));
#11690=CARTESIAN_POINT('Origin',(0.899999999999904,-15.3230330085919,-3.22303300858899));
#11691=CARTESIAN_POINT('',(0.824999999999904,-15.2700000000029,-3.17));
#11692=CARTESIAN_POINT('',(0.974999999999904,-15.3760660171809,-3.27606601717798));
#11693=CARTESIAN_POINT('Origin',(-0.975000000000099,-13.8800000000029,0.));
#11694=CARTESIAN_POINT('',(-0.825000000000099,-13.8800000000029,-16.59));
#11695=CARTESIAN_POINT('',(-0.975000000000099,-13.8800000000029,-16.59));
#11696=CARTESIAN_POINT('',(-0.825000000000099,-13.8800000000029,-4.56));
#11697=CARTESIAN_POINT('',(-0.825000000000099,-13.8800000000029,0.));
#11698=CARTESIAN_POINT('',(-0.487500000000098,-13.8800000000029,-4.56));
#11699=CARTESIAN_POINT('Origin',(-9.76996261670138E-14,-15.8800000000029,
-16.59));
#11700=CARTESIAN_POINT('',(-0.825000000000099,-17.8800000000029,-16.59));
#11701=CARTESIAN_POINT('',(0.974999999999904,-17.8800000000029,-16.59));
#11702=CARTESIAN_POINT('',(-0.825000000000099,-16.8800000000029,-16.59));
#11703=CARTESIAN_POINT('Origin',(0.974999999999904,-17.8800000000029,0.));
#11704=CARTESIAN_POINT('',(-0.825000000000099,-17.8800000000029,-4.56));
#11705=CARTESIAN_POINT('',(0.487499999999903,-17.8800000000029,-4.56));
#11706=CARTESIAN_POINT('',(-0.825000000000099,-17.8800000000029,0.));
#11707=CARTESIAN_POINT('Origin',(0.974999999999904,-13.8800000000029,0.));
#11708=CARTESIAN_POINT('Origin',(-0.900000000000099,-13.9550000000029,0.));
#11709=CARTESIAN_POINT('',(-0.975000000000099,-14.0300000000029,-16.44));
#11710=CARTESIAN_POINT('',(-0.975000000000099,-14.0300000000029,-4.62213203435597));
#11711=CARTESIAN_POINT('',(-0.975000000000099,-14.0300000000029,0.));
#11712=CARTESIAN_POINT('',(-0.975000000000099,-14.0300000000029,-4.62213203435597));
#11713=CARTESIAN_POINT('',(-0.825000000000099,-13.8800000000029,-16.59));
#11714=CARTESIAN_POINT('Origin',(-0.900000000000099,-16.3230330085919,-2.22303300858899));
#11715=CARTESIAN_POINT('',(-0.975000000000099,-14.9421320343589,-3.71));
#11716=CARTESIAN_POINT('',(-0.975000000000099,-16.3760660171809,-2.27606601717798));
#11717=CARTESIAN_POINT('',(-0.825000000000099,-14.8800000000029,-3.56));
#11718=CARTESIAN_POINT('',(-0.975000000000099,-14.9421320343589,-3.71));
#11719=CARTESIAN_POINT('',(-0.825000000000099,-16.2700000000029,-2.17));
#11720=CARTESIAN_POINT('Origin',(-0.900000000000099,-17.8050000000029,0.));
#11721=CARTESIAN_POINT('',(-0.975000000000099,-17.7300000000029,-4.62213203435597));
#11722=CARTESIAN_POINT('',(-0.825000000000099,-17.8800000000029,-4.56));
#11723=CARTESIAN_POINT('',(-0.975000000000099,-17.7300000000029,-16.44));
#11724=CARTESIAN_POINT('',(-0.975000000000099,-17.7300000000029,0.));
#11725=CARTESIAN_POINT('',(-0.975000000000099,-17.7300000000029,-16.44));
#11726=CARTESIAN_POINT('Origin',(-0.900000000000099,-16.8800000000029,-3.635));
#11727=CARTESIAN_POINT('',(-0.975000000000099,-16.817867965647,-3.71));
#11728=CARTESIAN_POINT('',(-0.975000000000099,-16.8800000000029,-3.71));
#11729=CARTESIAN_POINT('',(-0.825000000000099,-16.8800000000029,-3.56));
#11730=CARTESIAN_POINT('',(-0.975000000000099,-16.817867965647,-3.71));
#11731=CARTESIAN_POINT('',(-0.825000000000099,-16.8800000000029,-3.56));
#11732=CARTESIAN_POINT('Origin',(-0.900000000000099,-16.4369669914139,-3.22303300858899));
#11733=CARTESIAN_POINT('',(-0.825000000000099,-16.4900000000029,-3.17));
#11734=CARTESIAN_POINT('',(-0.975000000000099,-16.3839339828249,-3.27606601717798));
#11735=CARTESIAN_POINT('Origin',(-0.900000000000099,-16.8800000000029,-16.515));
#11736=CARTESIAN_POINT('',(-0.975000000000099,-16.8800000000029,-16.44));
#11737=CARTESIAN_POINT('Origin',(-9.76996261670138E-14,-15.8800000000029,
-3.56));
#11738=CARTESIAN_POINT('',(-0.487500000000098,-14.8800000000029,-3.56));
#11739=CARTESIAN_POINT('',(0.487499999999903,-16.8800000000029,-3.56));
#11740=CARTESIAN_POINT('Origin',(0.487499999999903,-17.3800000000029,-4.06));
#11741=CARTESIAN_POINT('Origin',(-0.975000000000099,-17.8800000000029,0.));
#11742=CARTESIAN_POINT('Origin',(-0.487500000000098,-14.3800000000029,-4.06));
#11743=CARTESIAN_POINT('Origin',(-6.20000000000005,-10.2350000000029,0.));
#11744=CARTESIAN_POINT('',(-6.27500000000005,-10.1600000000029,-16.59));
#11745=CARTESIAN_POINT('',(-6.27500000000005,-10.1600000000029,-4.56));
#11746=CARTESIAN_POINT('',(-6.27500000000005,-10.1600000000029,0.));
#11747=CARTESIAN_POINT('',(-6.12500000000005,-10.3100000000029,-4.62213203435597));
#11748=CARTESIAN_POINT('',(-6.27500000000005,-10.1600000000029,-4.56));
#11749=CARTESIAN_POINT('',(-6.12500000000005,-10.3100000000029,-16.44));
#11750=CARTESIAN_POINT('',(-6.12500000000005,-10.3100000000029,0.));
#11751=CARTESIAN_POINT('',(-6.12500000000005,-10.3100000000029,-16.44));
#11752=CARTESIAN_POINT('Origin',(-6.20000000000005,-14.0850000000029,0.));
#11753=CARTESIAN_POINT('',(-6.12500000000005,-14.0100000000029,-16.44));
#11754=CARTESIAN_POINT('',(-6.12500000000005,-14.0100000000029,-4.62213203435597));
#11755=CARTESIAN_POINT('',(-6.12500000000005,-14.0100000000029,0.));
#11756=CARTESIAN_POINT('',(-6.27500000000005,-14.1600000000029,-4.56));
#11757=CARTESIAN_POINT('',(-6.12500000000005,-14.0100000000029,-4.62213203435597));
#11758=CARTESIAN_POINT('',(-6.27500000000005,-14.1600000000029,-16.59));
#11759=CARTESIAN_POINT('',(-6.27500000000005,-14.1600000000029,0.));
#11760=CARTESIAN_POINT('',(-6.27500000000005,-14.1600000000029,-16.59));
#11761=CARTESIAN_POINT('Origin',(-6.20000000000005,-11.7169669914139,-2.22303300858899));
#11762=CARTESIAN_POINT('',(-6.27500000000005,-13.1600000000029,-3.56));
#11763=CARTESIAN_POINT('',(-6.27500000000005,-11.7700000000029,-2.17));
#11764=CARTESIAN_POINT('',(-6.12500000000005,-13.097867965647,-3.71));
#11765=CARTESIAN_POINT('',(-6.12500000000005,-11.6639339828249,-2.27606601717798));
#11766=CARTESIAN_POINT('',(-6.12500000000005,-13.097867965647,-3.71));
#11767=CARTESIAN_POINT('Origin',(-6.20000000000005,-11.1600000000029,-3.635));
#11768=CARTESIAN_POINT('',(-6.27500000000005,-11.1600000000029,-3.56));
#11769=CARTESIAN_POINT('',(-6.27500000000005,-11.1600000000029,-3.56));
#11770=CARTESIAN_POINT('',(-6.12500000000005,-11.2221320343589,-3.71));
#11771=CARTESIAN_POINT('',(-6.12500000000005,-11.1600000000029,-3.71));
#11772=CARTESIAN_POINT('',(-6.12500000000005,-11.2221320343589,-3.71));
#11773=CARTESIAN_POINT('Origin',(-6.20000000000005,-11.1600000000029,-16.515));
#11774=CARTESIAN_POINT('',(-6.12500000000005,-11.1600000000029,-16.44));
#11775=CARTESIAN_POINT('',(-6.27500000000005,-11.1600000000029,-16.59));
#11776=CARTESIAN_POINT('Origin',(-6.20000000000005,-11.6030330085919,-3.22303300858899));
#11777=CARTESIAN_POINT('',(-6.27500000000005,-11.5500000000029,-3.17));
#11778=CARTESIAN_POINT('',(-6.12500000000005,-11.6560660171809,-3.27606601717798));
#11779=CARTESIAN_POINT('Origin',(-8.07500000000005,-10.1600000000029,0.));
#11780=CARTESIAN_POINT('',(-7.92500000000005,-10.1600000000029,-16.59));
#11781=CARTESIAN_POINT('',(-8.07500000000005,-10.1600000000029,-16.59));
#11782=CARTESIAN_POINT('',(-7.92500000000005,-10.1600000000029,-4.56));
#11783=CARTESIAN_POINT('',(-7.92500000000005,-10.1600000000029,0.));
#11784=CARTESIAN_POINT('',(-7.58750000000005,-10.1600000000029,-4.56));
#11785=CARTESIAN_POINT('Origin',(-7.10000000000005,-12.1600000000029,-16.59));
#11786=CARTESIAN_POINT('',(-7.92500000000005,-14.1600000000029,-16.59));
#11787=CARTESIAN_POINT('',(-6.12500000000005,-14.1600000000029,-16.59));
#11788=CARTESIAN_POINT('',(-7.92500000000005,-13.1600000000029,-16.59));
#11789=CARTESIAN_POINT('Origin',(-6.12500000000005,-14.1600000000029,0.));
#11790=CARTESIAN_POINT('',(-7.92500000000005,-14.1600000000029,-4.56));
#11791=CARTESIAN_POINT('',(-6.61250000000005,-14.1600000000029,-4.56));
#11792=CARTESIAN_POINT('',(-7.92500000000005,-14.1600000000029,0.));
#11793=CARTESIAN_POINT('Origin',(-6.12500000000005,-10.1600000000029,0.));
#11794=CARTESIAN_POINT('Origin',(-8.00000000000005,-10.2350000000029,0.));
#11795=CARTESIAN_POINT('',(-8.07500000000005,-10.3100000000029,-16.44));
#11796=CARTESIAN_POINT('',(-8.07500000000005,-10.3100000000029,-4.62213203435597));
#11797=CARTESIAN_POINT('',(-8.07500000000005,-10.3100000000029,0.));
#11798=CARTESIAN_POINT('',(-8.07500000000005,-10.3100000000029,-4.62213203435597));
#11799=CARTESIAN_POINT('',(-7.92500000000005,-10.1600000000029,-16.59));
#11800=CARTESIAN_POINT('Origin',(-8.00000000000005,-12.6030330085919,-2.22303300858899));
#11801=CARTESIAN_POINT('',(-8.07500000000005,-11.2221320343589,-3.71));
#11802=CARTESIAN_POINT('',(-8.07500000000005,-12.6560660171809,-2.27606601717798));
#11803=CARTESIAN_POINT('',(-7.92500000000005,-11.1600000000029,-3.56));
#11804=CARTESIAN_POINT('',(-8.07500000000005,-11.2221320343589,-3.71));
#11805=CARTESIAN_POINT('',(-7.92500000000005,-12.5500000000029,-2.17));
#11806=CARTESIAN_POINT('Origin',(-8.00000000000005,-14.0850000000029,0.));
#11807=CARTESIAN_POINT('',(-8.07500000000005,-14.0100000000029,-4.62213203435597));
#11808=CARTESIAN_POINT('',(-7.92500000000005,-14.1600000000029,-4.56));
#11809=CARTESIAN_POINT('',(-8.07500000000005,-14.0100000000029,-16.44));
#11810=CARTESIAN_POINT('',(-8.07500000000005,-14.0100000000029,0.));
#11811=CARTESIAN_POINT('',(-8.07500000000005,-14.0100000000029,-16.44));
#11812=CARTESIAN_POINT('Origin',(-8.00000000000005,-13.1600000000029,-3.635));
#11813=CARTESIAN_POINT('',(-8.07500000000005,-13.097867965647,-3.71));
#11814=CARTESIAN_POINT('',(-8.07500000000005,-13.1600000000029,-3.71));
#11815=CARTESIAN_POINT('',(-7.92500000000005,-13.1600000000029,-3.56));
#11816=CARTESIAN_POINT('',(-8.07500000000005,-13.097867965647,-3.71));
#11817=CARTESIAN_POINT('',(-7.92500000000005,-13.1600000000029,-3.56));
#11818=CARTESIAN_POINT('Origin',(-8.00000000000005,-12.7169669914139,-3.22303300858899));
#11819=CARTESIAN_POINT('',(-7.92500000000005,-12.7700000000029,-3.17));
#11820=CARTESIAN_POINT('',(-8.07500000000005,-12.6639339828249,-3.27606601717798));
#11821=CARTESIAN_POINT('Origin',(-8.00000000000005,-13.1600000000029,-16.515));
#11822=CARTESIAN_POINT('',(-8.07500000000005,-13.1600000000029,-16.44));
#11823=CARTESIAN_POINT('Origin',(-7.10000000000005,-12.1600000000029,-3.56));
#11824=CARTESIAN_POINT('',(-7.58750000000005,-11.1600000000029,-3.56));
#11825=CARTESIAN_POINT('',(-6.61250000000005,-13.1600000000029,-3.56));
#11826=CARTESIAN_POINT('Origin',(-6.61250000000005,-13.6600000000029,-4.06));
#11827=CARTESIAN_POINT('Origin',(-8.07500000000005,-14.1600000000029,0.));
#11828=CARTESIAN_POINT('Origin',(-7.58750000000005,-10.6600000000029,-4.06));
#11829=CARTESIAN_POINT('Origin',(7.99999999999995,-10.2350000000029,0.));
#11830=CARTESIAN_POINT('',(7.92499999999995,-10.1600000000029,-16.59));
#11831=CARTESIAN_POINT('',(7.92499999999995,-10.1600000000029,-4.56));
#11832=CARTESIAN_POINT('',(7.92499999999995,-10.1600000000029,0.));
#11833=CARTESIAN_POINT('',(8.07499999999995,-10.3100000000029,-4.62213203435597));
#11834=CARTESIAN_POINT('',(7.92499999999995,-10.1600000000029,-4.56));
#11835=CARTESIAN_POINT('',(8.07499999999995,-10.3100000000029,-16.44));
#11836=CARTESIAN_POINT('',(8.07499999999995,-10.3100000000029,0.));
#11837=CARTESIAN_POINT('',(8.07499999999995,-10.3100000000029,-16.44));
#11838=CARTESIAN_POINT('Origin',(7.99999999999995,-14.0850000000029,0.));
#11839=CARTESIAN_POINT('',(8.07499999999995,-14.0100000000029,-16.44));
#11840=CARTESIAN_POINT('',(8.07499999999995,-14.0100000000029,-4.62213203435597));
#11841=CARTESIAN_POINT('',(8.07499999999995,-14.0100000000029,0.));
#11842=CARTESIAN_POINT('',(7.92499999999995,-14.1600000000029,-4.56));
#11843=CARTESIAN_POINT('',(8.07499999999995,-14.0100000000029,-4.62213203435597));
#11844=CARTESIAN_POINT('',(7.92499999999995,-14.1600000000029,-16.59));
#11845=CARTESIAN_POINT('',(7.92499999999995,-14.1600000000029,0.));
#11846=CARTESIAN_POINT('',(7.92499999999995,-14.1600000000029,-16.59));
#11847=CARTESIAN_POINT('Origin',(7.99999999999995,-11.7169669914139,-2.22303300858899));
#11848=CARTESIAN_POINT('',(7.92499999999995,-13.1600000000029,-3.56));
#11849=CARTESIAN_POINT('',(7.92499999999995,-11.7700000000029,-2.17));
#11850=CARTESIAN_POINT('',(8.07499999999995,-13.097867965647,-3.71));
#11851=CARTESIAN_POINT('',(8.07499999999995,-11.6639339828249,-2.27606601717798));
#11852=CARTESIAN_POINT('',(8.07499999999995,-13.097867965647,-3.71));
#11853=CARTESIAN_POINT('Origin',(7.99999999999995,-11.1600000000029,-3.635));
#11854=CARTESIAN_POINT('',(7.92499999999995,-11.1600000000029,-3.56));
#11855=CARTESIAN_POINT('',(7.92499999999995,-11.1600000000029,-3.56));
#11856=CARTESIAN_POINT('',(8.07499999999995,-11.2221320343589,-3.71));
#11857=CARTESIAN_POINT('',(8.07499999999995,-11.1600000000029,-3.71));
#11858=CARTESIAN_POINT('',(8.07499999999995,-11.2221320343589,-3.71));
#11859=CARTESIAN_POINT('Origin',(7.99999999999995,-11.1600000000029,-16.515));
#11860=CARTESIAN_POINT('',(8.07499999999995,-11.1600000000029,-16.44));
#11861=CARTESIAN_POINT('',(7.92499999999995,-11.1600000000029,-16.59));
#11862=CARTESIAN_POINT('Origin',(7.99999999999995,-11.6030330085919,-3.22303300858899));
#11863=CARTESIAN_POINT('',(7.92499999999995,-11.5500000000029,-3.17));
#11864=CARTESIAN_POINT('',(8.07499999999995,-11.6560660171809,-3.27606601717798));
#11865=CARTESIAN_POINT('Origin',(6.12499999999995,-10.1600000000029,0.));
#11866=CARTESIAN_POINT('',(6.27499999999995,-10.1600000000029,-16.59));
#11867=CARTESIAN_POINT('',(8.07499999999995,-10.1600000000029,-16.59));
#11868=CARTESIAN_POINT('',(6.27499999999995,-10.1600000000029,-4.56));
#11869=CARTESIAN_POINT('',(6.27499999999995,-10.1600000000029,0.));
#11870=CARTESIAN_POINT('',(6.61249999999995,-10.1600000000029,-4.56));
#11871=CARTESIAN_POINT('Origin',(7.09999999999995,-12.1600000000029,-16.59));
#11872=CARTESIAN_POINT('',(6.27499999999995,-14.1600000000029,-16.59));
#11873=CARTESIAN_POINT('',(6.12499999999995,-14.1600000000029,-16.59));
#11874=CARTESIAN_POINT('',(6.27499999999995,-13.1600000000029,-16.59));
#11875=CARTESIAN_POINT('Origin',(8.07499999999995,-14.1600000000029,0.));
#11876=CARTESIAN_POINT('',(6.27499999999995,-14.1600000000029,-4.56));
#11877=CARTESIAN_POINT('',(7.58749999999995,-14.1600000000029,-4.56));
#11878=CARTESIAN_POINT('',(6.27499999999995,-14.1600000000029,0.));
#11879=CARTESIAN_POINT('Origin',(8.07499999999995,-10.1600000000029,0.));
#11880=CARTESIAN_POINT('Origin',(6.19999999999995,-10.2350000000029,0.));
#11881=CARTESIAN_POINT('',(6.12499999999995,-10.3100000000029,-16.44));
#11882=CARTESIAN_POINT('',(6.12499999999995,-10.3100000000029,-4.62213203435597));
#11883=CARTESIAN_POINT('',(6.12499999999995,-10.3100000000029,0.));
#11884=CARTESIAN_POINT('',(6.12499999999995,-10.3100000000029,-4.62213203435597));
#11885=CARTESIAN_POINT('',(6.27499999999995,-10.1600000000029,-16.59));
#11886=CARTESIAN_POINT('Origin',(6.19999999999995,-12.6030330085919,-2.22303300858899));
#11887=CARTESIAN_POINT('',(6.12499999999995,-11.2221320343589,-3.71));
#11888=CARTESIAN_POINT('',(6.12499999999995,-12.6560660171809,-2.27606601717798));
#11889=CARTESIAN_POINT('',(6.27499999999995,-11.1600000000029,-3.56));
#11890=CARTESIAN_POINT('',(6.12499999999995,-11.2221320343589,-3.71));
#11891=CARTESIAN_POINT('',(6.27499999999995,-12.5500000000029,-2.17));
#11892=CARTESIAN_POINT('Origin',(6.19999999999995,-14.0850000000029,0.));
#11893=CARTESIAN_POINT('',(6.12499999999995,-14.0100000000029,-4.62213203435597));
#11894=CARTESIAN_POINT('',(6.27499999999995,-14.1600000000029,-4.56));
#11895=CARTESIAN_POINT('',(6.12499999999995,-14.0100000000029,-16.44));
#11896=CARTESIAN_POINT('',(6.12499999999995,-14.0100000000029,0.));
#11897=CARTESIAN_POINT('',(6.12499999999995,-14.0100000000029,-16.44));
#11898=CARTESIAN_POINT('Origin',(6.19999999999995,-13.1600000000029,-3.635));
#11899=CARTESIAN_POINT('',(6.12499999999995,-13.097867965647,-3.71));
#11900=CARTESIAN_POINT('',(6.12499999999995,-13.1600000000029,-3.71));
#11901=CARTESIAN_POINT('',(6.27499999999995,-13.1600000000029,-3.56));
#11902=CARTESIAN_POINT('',(6.12499999999995,-13.097867965647,-3.71));
#11903=CARTESIAN_POINT('',(6.27499999999995,-13.1600000000029,-3.56));
#11904=CARTESIAN_POINT('Origin',(6.19999999999995,-12.7169669914139,-3.22303300858899));
#11905=CARTESIAN_POINT('',(6.27499999999995,-12.7700000000029,-3.17));
#11906=CARTESIAN_POINT('',(6.12499999999995,-12.6639339828249,-3.27606601717798));
#11907=CARTESIAN_POINT('Origin',(6.19999999999995,-13.1600000000029,-16.515));
#11908=CARTESIAN_POINT('',(6.12499999999995,-13.1600000000029,-16.44));
#11909=CARTESIAN_POINT('Origin',(7.09999999999995,-12.1600000000029,-3.56));
#11910=CARTESIAN_POINT('',(6.61249999999995,-11.1600000000029,-3.56));
#11911=CARTESIAN_POINT('',(7.58749999999995,-13.1600000000029,-3.56));
#11912=CARTESIAN_POINT('Origin',(7.58749999999995,-13.6600000000029,-4.06));
#11913=CARTESIAN_POINT('Origin',(6.12499999999995,-14.1600000000029,0.));
#11914=CARTESIAN_POINT('Origin',(6.61249999999995,-10.6600000000029,-4.06));
#11915=CARTESIAN_POINT('Origin',(-4.66500000000022,-3.70000000000292,1.));
#11916=CARTESIAN_POINT('',(4.66499999999978,-3.70000000000292,0.));
#11917=CARTESIAN_POINT('',(-4.66500000000022,-3.70000000000292,0.));
#11918=CARTESIAN_POINT('',(-2.33250000000022,-3.70000000000292,0.));
#11919=CARTESIAN_POINT('',(4.66499999999978,-3.70000000000292,-16.59));
#11920=CARTESIAN_POINT('',(4.66499999999978,-3.70000000000292,1.));
#11921=CARTESIAN_POINT('',(-4.66500000000022,-3.70000000000292,-16.59));
#11922=CARTESIAN_POINT('',(-12.4000000000002,-3.70000000000292,-16.59));
#11923=CARTESIAN_POINT('',(-4.66500000000022,-3.70000000000292,1.));
#11924=CARTESIAN_POINT('Origin',(-2.20934381900406E-13,-4.70500000000292,
-16.59));
#11925=CARTESIAN_POINT('',(4.66499999999978,-5.71000000000292,-16.59));
#11926=CARTESIAN_POINT('',(-4.66500000000022,-5.71000000000292,-16.59));
#11927=CARTESIAN_POINT('',(-4.66500000000022,-5.71000000000292,-16.59));
#11928=CARTESIAN_POINT('',(-4.66500000000022,-3.75000000000292,-16.59));
#11929=CARTESIAN_POINT('',(4.66499999999978,-3.75000000000292,-16.59));
#11930=CARTESIAN_POINT('Origin',(-2.22044604925031E-13,-0.555000000002919,
0.));
#11931=CARTESIAN_POINT('',(-12.3500000000002,-3.70000000000292,0.));
#11932=CARTESIAN_POINT('',(-12.4000000000002,-3.70000000000292,0.));
#11933=CARTESIAN_POINT('',(-12.3500000000002,4.59999999999708,0.));
#11934=CARTESIAN_POINT('',(-12.3500000000002,-3.75000000000292,0.));
#11935=CARTESIAN_POINT('',(12.3499999999998,4.59999999999708,0.));
#11936=CARTESIAN_POINT('',(-12.4000000000002,4.59999999999708,0.));
#11937=CARTESIAN_POINT('',(12.3499999999998,-3.70000000000292,0.));
#11938=CARTESIAN_POINT('',(12.3499999999998,-3.75000000000292,0.));
#11939=CARTESIAN_POINT('',(-12.4000000000002,-3.70000000000292,0.));
#11940=CARTESIAN_POINT('Origin',(4.66499999999978,-3.70000000000292,1.));
#11941=CARTESIAN_POINT('',(4.66499999999978,-3.70000000000292,1.));
#11942=CARTESIAN_POINT('',(4.66499999999978,-5.71000000000292,1.));
#11943=CARTESIAN_POINT('',(4.66499999999978,-3.75000000000292,1.));
#11944=CARTESIAN_POINT('',(4.66499999999978,-5.71000000000292,1.));
#11945=CARTESIAN_POINT('',(4.66499999999978,-3.70000000000292,1.));
#11946=CARTESIAN_POINT('Origin',(12.3499999999998,-3.70000000000292,1.));
#11947=CARTESIAN_POINT('',(12.3499999999998,-3.70000000000292,1.));
#11948=CARTESIAN_POINT('',(-12.4000000000002,-3.70000000000292,1.));
#11949=CARTESIAN_POINT('',(12.3499999999998,-3.70000000000292,1.));
#11950=CARTESIAN_POINT('Origin',(12.3499999999998,4.59999999999708,1.));
#11951=CARTESIAN_POINT('',(12.3499999999998,4.59999999999708,1.));
#11952=CARTESIAN_POINT('',(12.3499999999998,-3.75000000000292,1.));
#11953=CARTESIAN_POINT('',(12.3499999999998,4.59999999999708,1.));
#11954=CARTESIAN_POINT('Origin',(-12.3500000000002,4.59999999999708,1.));
#11955=CARTESIAN_POINT('',(-12.3500000000002,4.59999999999708,1.));
#11956=CARTESIAN_POINT('',(-12.4000000000002,4.59999999999708,1.));
#11957=CARTESIAN_POINT('',(-12.3500000000002,4.59999999999708,1.));
#11958=CARTESIAN_POINT('Origin',(-12.3500000000002,-3.70000000000292,1.));
#11959=CARTESIAN_POINT('',(-12.3500000000002,-3.70000000000292,1.));
#11960=CARTESIAN_POINT('',(-12.3500000000002,-3.75000000000292,1.));
#11961=CARTESIAN_POINT('',(-12.3500000000002,-3.70000000000292,1.));
#11962=CARTESIAN_POINT('Origin',(-4.66500000000022,-3.70000000000292,1.));
#11963=CARTESIAN_POINT('',(-4.66500000000022,-3.70000000000292,1.));
#11964=CARTESIAN_POINT('',(-12.4000000000002,-3.70000000000292,1.));
#11965=CARTESIAN_POINT('',(-4.66500000000022,-3.70000000000292,1.));
#11966=CARTESIAN_POINT('Origin',(-4.66500000000022,-5.71000000000292,1.));
#11967=CARTESIAN_POINT('',(-4.66500000000022,-5.71000000000292,1.));
#11968=CARTESIAN_POINT('',(-4.66500000000022,-3.75000000000292,1.));
#11969=CARTESIAN_POINT('',(-4.66500000000022,-5.71000000000292,1.));
#11970=CARTESIAN_POINT('Origin',(4.66499999999978,-5.71000000000292,1.));
#11971=CARTESIAN_POINT('',(-4.66500000000022,-5.71000000000292,1.));
#11972=CARTESIAN_POINT('Origin',(-2.22044604925031E-13,-0.555000000002919,
1.));
#11973=CARTESIAN_POINT('Origin',(1.35055096821827,15.4699999999971,-15.31));
#11974=CARTESIAN_POINT('',(1.35055096821827,21.2799999999971,-15.31));
#11975=CARTESIAN_POINT('',(1.35055096821827,15.4699999999971,-15.31));
#11976=CARTESIAN_POINT('',(1.35055096821827,15.2199999999971,-15.31));
#11977=CARTESIAN_POINT('',(1.35055096821827,21.2799999999971,-22.04));
#11978=CARTESIAN_POINT('',(1.35055096821827,21.2799999999971,-15.31));
#11979=CARTESIAN_POINT('',(1.35055096821827,15.4699999999971,-22.04));
#11980=CARTESIAN_POINT('',(1.35055096821827,21.2799999999971,-22.04));
#11981=CARTESIAN_POINT('',(1.35055096821827,15.4699999999971,-15.31));
#11982=CARTESIAN_POINT('Origin',(-9.31500000000022,15.4699999999971,-15.31));
#11983=CARTESIAN_POINT('',(-9.31500000000022,15.4699999999971,-15.31));
#11984=CARTESIAN_POINT('',(-4.65750000000022,15.4699999999971,-15.31));
#11985=CARTESIAN_POINT('',(-9.31500000000022,15.4699999999971,-22.04));
#11986=CARTESIAN_POINT('',(9.31499999999977,15.4699999999971,-22.04));
#11987=CARTESIAN_POINT('',(-9.31500000000022,15.4699999999971,-15.31));
#11988=CARTESIAN_POINT('Origin',(1.35055096821827,14.4699999999971,-15.31));
#11989=CARTESIAN_POINT('',(-9.31500000000022,14.4699999999971,-15.31));
#11990=CARTESIAN_POINT('',(1.35055096821827,14.4699999999971,-15.31));
#11991=CARTESIAN_POINT('',(0.675275484109026,14.4699999999971,-15.31));
#11992=CARTESIAN_POINT('',(-9.31500000000022,14.4699999999971,-22.04));
#11993=CARTESIAN_POINT('',(-9.31500000000022,14.4699999999971,-15.31));
#11994=CARTESIAN_POINT('',(1.35055096821827,14.4699999999971,-22.04));
#11995=CARTESIAN_POINT('',(-9.31500000000022,14.4699999999971,-22.04));
#11996=CARTESIAN_POINT('',(1.35055096821827,14.4699999999971,-15.31));
#11997=CARTESIAN_POINT('Origin',(1.35055096821827,8.65999999999708,-15.31));
#11998=CARTESIAN_POINT('',(1.35055096821827,8.65999999999708,-15.31));
#11999=CARTESIAN_POINT('',(1.35055096821827,11.8149999999971,-15.31));
#12000=CARTESIAN_POINT('',(1.35055096821827,8.65999999999708,-22.04));
#12001=CARTESIAN_POINT('',(1.35055096821827,21.2799999999971,-22.04));
#12002=CARTESIAN_POINT('',(1.35055096821827,8.65999999999708,-15.31));
#12003=CARTESIAN_POINT('Origin',(2.35055096821827,14.4699999999971,-15.31));
#12004=CARTESIAN_POINT('',(2.35055096821827,8.65999999999708,-15.31));
#12005=CARTESIAN_POINT('',(2.35055096821827,14.4699999999971,-15.31));
#12006=CARTESIAN_POINT('',(2.35055096821827,14.7199999999971,-15.31));
#12007=CARTESIAN_POINT('',(2.35055096821827,8.65999999999708,-22.04));
#12008=CARTESIAN_POINT('',(2.35055096821827,8.65999999999708,-15.31));
#12009=CARTESIAN_POINT('',(2.35055096821827,14.4699999999971,-22.04));
#12010=CARTESIAN_POINT('',(2.35055096821827,8.65999999999708,-22.04));
#12011=CARTESIAN_POINT('',(2.35055096821827,14.4699999999971,-15.31));
#12012=CARTESIAN_POINT('Origin',(9.31499999999977,14.4699999999971,-15.31));
#12013=CARTESIAN_POINT('',(9.31499999999977,14.4699999999971,-15.31));
#12014=CARTESIAN_POINT('',(4.65749999999978,14.4699999999971,-15.31));
#12015=CARTESIAN_POINT('',(9.31499999999978,14.4699999999971,-22.04));
#12016=CARTESIAN_POINT('',(-9.31500000000022,14.4699999999971,-22.04));
#12017=CARTESIAN_POINT('',(9.31499999999977,14.4699999999971,-15.31));
#12018=CARTESIAN_POINT('Origin',(2.35055096821827,15.4699999999971,-15.31));
#12019=CARTESIAN_POINT('',(9.31499999999977,15.4699999999971,-15.31));
#12020=CARTESIAN_POINT('',(2.35055096821827,15.4699999999971,-15.31));
#12021=CARTESIAN_POINT('',(1.17527548410903,15.4699999999971,-15.31));
#12022=CARTESIAN_POINT('',(9.31499999999978,15.4699999999971,-22.04));
#12023=CARTESIAN_POINT('',(9.31499999999977,15.4699999999971,-15.31));
#12024=CARTESIAN_POINT('',(2.35055096821827,15.4699999999971,-22.04));
#12025=CARTESIAN_POINT('',(9.31499999999977,15.4699999999971,-22.04));
#12026=CARTESIAN_POINT('',(2.35055096821827,15.4699999999971,-15.31));
#12027=CARTESIAN_POINT('Origin',(2.35055096821827,21.2799999999971,-15.31));
#12028=CARTESIAN_POINT('',(2.35055096821827,21.2799999999971,-15.31));
#12029=CARTESIAN_POINT('',(2.35055096821827,18.1249999999971,-15.31));
#12030=CARTESIAN_POINT('',(2.35055096821827,21.2799999999971,-22.04));
#12031=CARTESIAN_POINT('',(2.35055096821827,8.65999999999708,-22.04));
#12032=CARTESIAN_POINT('',(2.35055096821827,21.2799999999971,-15.31));
#12033=CARTESIAN_POINT('Origin',(-2.22044604925031E-13,14.9699999999971,
-22.04));
#12034=CARTESIAN_POINT('',(2.35055096821827,21.2799999999971,-22.04));
#12035=CARTESIAN_POINT('',(9.31499999999977,14.4699999999971,-22.04));
#12036=CARTESIAN_POINT('',(1.35055096821827,8.65999999999708,-22.04));
#12037=CARTESIAN_POINT('',(-9.31500000000022,15.4699999999971,-22.04));
#12038=CARTESIAN_POINT('Origin',(-2.22044604925031E-13,14.9699999999971,
-15.31));
#12039=CARTESIAN_POINT('',(9.31499999999978,21.2799999999971,-15.31));
#12040=CARTESIAN_POINT('',(-4.65750000000022,21.2799999999971,-15.31));
#12041=CARTESIAN_POINT('',(9.31499999999978,18.1249999999971,-15.31));
#12042=CARTESIAN_POINT('Origin',(-2.22044604925031E-13,14.9699999999971,
-15.31));
#12043=CARTESIAN_POINT('',(-9.31500000000022,21.2799999999971,-15.31));
#12044=CARTESIAN_POINT('',(-9.31500000000022,11.8149999999971,-15.31));
#12045=CARTESIAN_POINT('',(-4.65750000000022,21.2799999999971,-15.31));
#12046=CARTESIAN_POINT('Origin',(-2.22044604925031E-13,14.9699999999971,
-15.31));
#12047=CARTESIAN_POINT('',(-9.31500000000022,8.65999999999708,-15.31));
#12048=CARTESIAN_POINT('',(4.65749999999978,8.65999999999708,-15.31));
#12049=CARTESIAN_POINT('',(-9.31500000000022,11.8149999999971,-15.31));
#12050=CARTESIAN_POINT('Origin',(-2.22044604925031E-13,14.9699999999971,
-15.31));
#12051=CARTESIAN_POINT('',(9.31499999999978,8.65999999999708,-15.31));
#12052=CARTESIAN_POINT('',(9.31499999999978,18.1249999999971,-15.31));
#12053=CARTESIAN_POINT('',(4.65749999999978,8.65999999999708,-15.31));
#12054=CARTESIAN_POINT('Origin',(-2.22044604925031E-13,14.9699999999971,
-14.31));
#12055=CARTESIAN_POINT('',(-8.17500000000022,9.34499999999708,-14.31));
#12056=CARTESIAN_POINT('',(-8.17500000000022,20.5949999999971,-14.31));
#12057=CARTESIAN_POINT('',(-8.17500000000022,17.7824999999971,-14.31));
#12058=CARTESIAN_POINT('',(8.17499999999978,9.34499999999708,-14.31));
#12059=CARTESIAN_POINT('',(-4.08750000000022,9.34499999999708,-14.31));
#12060=CARTESIAN_POINT('',(8.17499999999978,20.5949999999971,-14.31));
#12061=CARTESIAN_POINT('',(8.17499999999978,12.1574999999971,-14.31));
#12062=CARTESIAN_POINT('',(4.08749999999978,20.5949999999971,-14.31));
#12063=CARTESIAN_POINT('Origin',(-8.17500000000022,9.34499999999708,1.));
#12064=CARTESIAN_POINT('',(-8.17500000000022,9.34499999999708,1.));
#12065=CARTESIAN_POINT('',(-8.17500000000022,9.34499999999708,1.));
#12066=CARTESIAN_POINT('',(8.17499999999978,9.34499999999708,1.));
#12067=CARTESIAN_POINT('',(8.17499999999978,9.34499999999708,1.));
#12068=CARTESIAN_POINT('',(8.17499999999978,9.34499999999708,1.));
#12069=CARTESIAN_POINT('',(0.999999999999778,9.34499999999708,-2.6));
#12070=CARTESIAN_POINT('Origin',(-2.22044604925031E-13,9.34499999999708,
-2.6));
#12071=CARTESIAN_POINT('Origin',(-8.17500000000022,20.5949999999971,1.));
#12072=CARTESIAN_POINT('',(-8.17500000000022,20.5949999999971,1.));
#12073=CARTESIAN_POINT('',(-8.17500000000022,20.5949999999971,1.));
#12074=CARTESIAN_POINT('',(-8.17500000000022,9.34499999999708,1.));
#12075=CARTESIAN_POINT('Origin',(9.31499999999978,21.2799999999971,-1.15));
#12076=CARTESIAN_POINT('',(9.31499999999978,21.2799999999971,-1.15));
#12077=CARTESIAN_POINT('',(9.31499999999978,21.2799999999971,-1.15));
#12078=CARTESIAN_POINT('',(9.31499999999978,8.65999999999708,-1.15));
#12079=CARTESIAN_POINT('',(9.31499999999978,18.1249999999971,-1.15));
#12080=CARTESIAN_POINT('',(9.31499999999978,8.65999999999708,-1.15));
#12081=CARTESIAN_POINT('Origin',(-9.31500000000022,21.2799999999971,-1.15));
#12082=CARTESIAN_POINT('',(-9.31500000000022,21.2799999999971,-1.15));
#12083=CARTESIAN_POINT('',(-9.31500000000022,21.2799999999971,-1.15));
#12084=CARTESIAN_POINT('',(-4.65750000000022,21.2799999999971,-1.15));
#12085=CARTESIAN_POINT('',(0.999999999999778,21.2799999999971,-2.6));
#12086=CARTESIAN_POINT('Origin',(-2.22044604925031E-13,21.2799999999971,
-2.6));
#12087=CARTESIAN_POINT('Origin',(8.17499999999978,20.5949999999971,1.));
#12088=CARTESIAN_POINT('',(8.17499999999978,20.5949999999971,1.));
#12089=CARTESIAN_POINT('',(8.17499999999978,20.5949999999971,1.));
#12090=CARTESIAN_POINT('',(-8.17500000000022,20.5949999999971,1.));
#12091=CARTESIAN_POINT('',(0.999999999999778,20.5949999999971,-2.6));
#12092=CARTESIAN_POINT('Origin',(-2.22044604925031E-13,20.5949999999971,
-2.6));
#12093=CARTESIAN_POINT('Origin',(-2.22044604925031E-13,22.5099999999971,
-2.6));
#12094=CARTESIAN_POINT('',(0.999999999999778,22.5099999999971,-2.6));
#12095=CARTESIAN_POINT('Origin',(-2.22044604925031E-13,22.5099999999971,
-2.6));
#12096=CARTESIAN_POINT('',(0.999999999999778,8.65999999999708,-2.6));
#12097=CARTESIAN_POINT('',(0.999999999999778,22.5099999999971,-2.6));
#12098=CARTESIAN_POINT('Origin',(-2.22044604925031E-13,8.65999999999708,
-2.6));
#12099=CARTESIAN_POINT('Origin',(-9.31500000000022,8.65999999999708,-1.15));
#12100=CARTESIAN_POINT('',(-9.31500000000022,8.65999999999708,-1.15));
#12101=CARTESIAN_POINT('',(-9.31500000000022,8.65999999999708,-1.15));
#12102=CARTESIAN_POINT('',(-9.31500000000022,11.8149999999971,-1.15));
#12103=CARTESIAN_POINT('Origin',(9.31499999999978,8.65999999999708,-1.15));
#12104=CARTESIAN_POINT('',(4.65749999999978,8.65999999999708,-1.15));
#12105=CARTESIAN_POINT('Origin',(8.17499999999978,9.34499999999708,1.));
#12106=CARTESIAN_POINT('',(8.17499999999978,20.5949999999971,1.));
#12107=CARTESIAN_POINT('Origin',(-10.6750000000002,7.42999999999708,1.));
#12108=CARTESIAN_POINT('',(-10.6750000000002,7.42999999999708,1.));
#12109=CARTESIAN_POINT('',(-10.6750000000002,22.5099999999971,1.));
#12110=CARTESIAN_POINT('',(-10.6750000000002,7.42999999999708,1.));
#12111=CARTESIAN_POINT('',(-10.6750000000002,22.5099999999971,-1.15));
#12112=CARTESIAN_POINT('',(-10.6750000000002,22.5099999999971,1.));
#12113=CARTESIAN_POINT('',(-10.6750000000002,7.42999999999708,-1.15));
#12114=CARTESIAN_POINT('',(-10.6750000000002,7.42999999999708,-1.15));
#12115=CARTESIAN_POINT('',(-10.6750000000002,7.42999999999708,1.));
#12116=CARTESIAN_POINT('Origin',(10.6749999999998,7.42999999999708,1.));
#12117=CARTESIAN_POINT('',(10.6749999999998,7.42999999999708,1.));
#12118=CARTESIAN_POINT('',(10.6749999999998,7.42999999999708,1.));
#12119=CARTESIAN_POINT('',(10.6749999999998,7.42999999999708,-1.15));
#12120=CARTESIAN_POINT('',(10.6749999999998,7.42999999999708,-1.15));
#12121=CARTESIAN_POINT('',(10.6749999999998,7.42999999999708,1.));
#12122=CARTESIAN_POINT('Origin',(10.6749999999998,22.5099999999971,1.));
#12123=CARTESIAN_POINT('',(10.6749999999998,22.5099999999971,1.));
#12124=CARTESIAN_POINT('',(10.6749999999998,22.5099999999971,1.));
#12125=CARTESIAN_POINT('',(10.6749999999998,22.5099999999971,-1.15));
#12126=CARTESIAN_POINT('',(10.6749999999998,22.5099999999971,-1.15));
#12127=CARTESIAN_POINT('',(10.6749999999998,22.5099999999971,1.));
#12128=CARTESIAN_POINT('Origin',(-10.6750000000002,22.5099999999971,1.));
#12129=CARTESIAN_POINT('',(-10.6750000000002,22.5099999999971,1.));
#12130=CARTESIAN_POINT('',(-10.6750000000002,22.5099999999971,-1.15));
#12131=CARTESIAN_POINT('Origin',(-2.22044604925031E-13,14.9699999999971,
1.));
#12132=CARTESIAN_POINT('Origin',(-2.22044604925031E-13,14.9699999999971,
-1.15));
#12133=CARTESIAN_POINT('Ctrl Pts',(-8.08748392688971,20.5449999999971,0.860488697975452));
#12134=CARTESIAN_POINT('Ctrl Pts',(-8.08748392688971,7.16499999999708,0.860488697975452));
#12135=CARTESIAN_POINT('Ctrl Pts',(-8.08968576619184,20.5449999999971,0.926515255346696));
#12136=CARTESIAN_POINT('Ctrl Pts',(-8.08968576619184,7.16499999999708,0.926515255346696));
#12137=CARTESIAN_POINT('Ctrl Pts',(-8.03876059589505,20.5449999999971,1.05977219434986));
#12138=CARTESIAN_POINT('Ctrl Pts',(-8.03876059589505,7.16499999999708,1.05977219434986));
#12139=CARTESIAN_POINT('Ctrl Pts',(-7.90832774484609,20.5449999999971,1.11754810740616));
#12140=CARTESIAN_POINT('Ctrl Pts',(-7.90832774484609,7.16499999999708,1.11754810740616));
#12141=CARTESIAN_POINT('Ctrl Pts',(-7.84227592834163,20.5449999999971,1.11877770533693));
#12142=CARTESIAN_POINT('Ctrl Pts',(-7.84227592834163,7.16499999999708,1.11877770533693));
#12143=CARTESIAN_POINT('',(-8.08748392688972,9.39499999999708,0.860488697975455));
#12144=CARTESIAN_POINT('',(-7.84227592834163,9.39499999999708,1.11877770533693));
#12145=CARTESIAN_POINT('Ctrl Pts',(-8.08748392688971,9.39499999999708,0.860488697975452));
#12146=CARTESIAN_POINT('Ctrl Pts',(-8.08968576619184,9.39499999999708,0.926515255346696));
#12147=CARTESIAN_POINT('Ctrl Pts',(-8.03876059589506,9.39499999999708,1.05977219434986));
#12148=CARTESIAN_POINT('Ctrl Pts',(-7.90832774484609,9.39499999999708,1.11754810740616));
#12149=CARTESIAN_POINT('Ctrl Pts',(-7.84227592834163,9.39499999999708,1.11877770533693));
#12150=CARTESIAN_POINT('',(-7.84227592834163,20.5449999999971,1.11877770533693));
#12151=CARTESIAN_POINT('',(-7.84227592834163,9.39499999999708,1.11877770533693));
#12152=CARTESIAN_POINT('',(-8.08748392688972,20.5449999999971,0.860488697975454));
#12153=CARTESIAN_POINT('Ctrl Pts',(-7.84227592834163,20.5449999999971,1.11877770533693));
#12154=CARTESIAN_POINT('Ctrl Pts',(-7.90832774484609,20.5449999999971,1.11754810740616));
#12155=CARTESIAN_POINT('Ctrl Pts',(-8.03876059589505,20.5449999999971,1.05977219434986));
#12156=CARTESIAN_POINT('Ctrl Pts',(-8.08968576619184,20.5449999999971,0.926515255346696));
#12157=CARTESIAN_POINT('Ctrl Pts',(-8.08748392688971,20.5449999999971,0.860488697975452));
#12158=CARTESIAN_POINT('',(-8.08748392688971,20.5449999999971,0.860488697975452));
#12159=CARTESIAN_POINT('Origin',(-0.814007941115313,20.5449999999971,-0.363531562529538));
#12160=CARTESIAN_POINT('',(3.61714766414232,20.5449999999971,5.28966679484896));
#12161=CARTESIAN_POINT('Origin',(-8.1920392667889,20.5449999999971,19.9074429047875));
#12162=CARTESIAN_POINT('',(3.9710128624886,20.5449999999971,5.24942259930372));
#12163=CARTESIAN_POINT('Ctrl Pts',(3.9710128624886,20.5449999999971,5.24942259930372));
#12164=CARTESIAN_POINT('Ctrl Pts',(3.93025851626214,20.5449999999971,5.30141719169817));
#12165=CARTESIAN_POINT('Ctrl Pts',(3.80559158071776,20.5449999999971,5.37076313517905));
#12166=CARTESIAN_POINT('Ctrl Pts',(3.66853666144827,20.5449999999971,5.33118215743318));
#12167=CARTESIAN_POINT('Ctrl Pts',(3.61714766414232,20.5449999999971,5.28966679484896));
#12168=CARTESIAN_POINT('',(7.72517107952013,20.5449999999971,-1.38453433115436));
#12169=CARTESIAN_POINT('Ctrl Pts',(7.72517107952013,20.5449999999971,-1.38453433115436));
#12170=CARTESIAN_POINT('Ctrl Pts',(7.6508170558749,20.5449999999971,-1.21194573622147));
#12171=CARTESIAN_POINT('Ctrl Pts',(7.57578818708112,20.5449999999971,-1.04057284506799));
#12172=CARTESIAN_POINT('Ctrl Pts',(7.50000244306786,20.5449999999971,-0.870409301939446));
#12173=CARTESIAN_POINT('Ctrl Pts',(7.42184645285843,20.5449999999971,-0.694923788352205));
#12174=CARTESIAN_POINT('Ctrl Pts',(7.34288561429533,20.5449999999971,-0.520724372977007));
#12175=CARTESIAN_POINT('Ctrl Pts',(7.26301983312912,20.5449999999971,-0.347747366531123));
#12176=CARTESIAN_POINT('Ctrl Pts',(7.17683684710009,20.5449999999971,-0.161088265321765));
#12177=CARTESIAN_POINT('Ctrl Pts',(7.08960035054602,20.5449999999971,0.024147727482141));
#12178=CARTESIAN_POINT('Ctrl Pts',(7.00116994477666,20.5449999999971,0.20810401532057));
#12179=CARTESIAN_POINT('Ctrl Pts',(6.90141644690267,20.5449999999971,0.415615029299812));
#12180=CARTESIAN_POINT('Ctrl Pts',(6.8001443245628,20.5449999999971,0.621499275870688));
#12181=CARTESIAN_POINT('Ctrl Pts',(6.69712709653487,20.5449999999971,0.826024411226504));
#12182=CARTESIAN_POINT('Ctrl Pts',(6.58934527924615,20.5449999999971,1.04000891839937));
#12183=CARTESIAN_POINT('Ctrl Pts',(6.47965388791954,20.5449999999971,1.25250816077145));
#12184=CARTESIAN_POINT('Ctrl Pts',(6.36775753914775,20.5449999999971,1.46386343163032));
#12185=CARTESIAN_POINT('Ctrl Pts',(6.27360818167143,20.5449999999971,1.64169732137754));
#12186=CARTESIAN_POINT('Ctrl Pts',(6.17789730346731,20.5449999999971,1.81872425922917));
#12187=CARTESIAN_POINT('Ctrl Pts',(6.08042544363798,20.5449999999971,1.99513301036873));
#12188=CARTESIAN_POINT('Ctrl Pts',(5.99513756628733,20.5449999999971,2.14949066761585));
#12189=CARTESIAN_POINT('Ctrl Pts',(5.90850119827684,20.5449999999971,2.30337560999136));
#12190=CARTESIAN_POINT('Ctrl Pts',(5.82036759337061,20.5449999999971,2.45688026302855));
#12191=CARTESIAN_POINT('Ctrl Pts',(5.80916928631668,20.5449999999971,2.4763846534452));
#12192=CARTESIAN_POINT('Ctrl Pts',(5.79794678733323,20.5449999999971,2.49588284871796));
#12193=CARTESIAN_POINT('Ctrl Pts',(5.78669977362964,20.5449999999971,2.51537498692264));
#12194=CARTESIAN_POINT('Ctrl Pts',(5.78148209842381,20.5449999999971,2.5244177114093));
#12195=CARTESIAN_POINT('Ctrl Pts',(5.77625785785186,20.5449999999971,2.53346136091416));
#12196=CARTESIAN_POINT('Ctrl Pts',(5.77103125889028,20.5449999999971,2.54249861924674));
#12197=CARTESIAN_POINT('Ctrl Pts',(5.68304646167421,20.5449999999971,2.69463222422149));
#12198=CARTESIAN_POINT('Ctrl Pts',(5.59513525455699,20.5449999999971,2.84367731125753));
#12199=CARTESIAN_POINT('Ctrl Pts',(5.50729701185154,20.5449999999971,2.98972111762804));
#12200=CARTESIAN_POINT('Ctrl Pts',(5.41880667138741,20.5449999999971,3.13684913101218));
#12201=CARTESIAN_POINT('Ctrl Pts',(5.33039019448029,20.5449999999971,3.28093141648699));
#12202=CARTESIAN_POINT('Ctrl Pts',(5.24205030605692,20.5449999999971,3.42200327405171));
#12203=CARTESIAN_POINT('Ctrl Pts',(5.14811614894042,20.5449999999971,3.57200873896347));
#12204=CARTESIAN_POINT('Ctrl Pts',(5.05426820350269,20.5449999999971,3.71860987850586));
#12205=CARTESIAN_POINT('Ctrl Pts',(4.96051805515244,20.5449999999971,3.861789393036));
#12206=CARTESIAN_POINT('Ctrl Pts',(4.85194822242131,20.5449999999971,4.02760220737936));
#12207=CARTESIAN_POINT('Ctrl Pts',(4.74350855402499,20.5449999999971,4.18882544046543));
#12208=CARTESIAN_POINT('Ctrl Pts',(4.63523944654973,20.5449999999971,4.34536316576186));
#12209=CARTESIAN_POINT('Ctrl Pts',(4.524063229336,20.5449999999971,4.5061040507246));
#12210=CARTESIAN_POINT('Ctrl Pts',(4.41306596475265,20.5449999999971,4.66190026458505));
#12211=CARTESIAN_POINT('Ctrl Pts',(4.30232722711474,20.5449999999971,4.81261649554234));
#12212=CARTESIAN_POINT('Ctrl Pts',(4.209420365638,20.5449999999971,4.93906341276864));
#12213=CARTESIAN_POINT('Ctrl Pts',(4.1166958634029,20.5449999999971,5.06193233638758));
#12214=CARTESIAN_POINT('Ctrl Pts',(4.02422709739306,20.5449999999971,5.18116812131306));
#12215=CARTESIAN_POINT('Ctrl Pts',(4.00647930613142,20.5449999999971,5.20405338206749));
#12216=CARTESIAN_POINT('Ctrl Pts',(3.98874101591245,20.5449999999971,5.22680493526227));
#12217=CARTESIAN_POINT('Ctrl Pts',(3.9710128624886,20.5449999999971,5.24942259930372));
#12218=CARTESIAN_POINT('',(-6.69911064954356,20.5449999999971,-6.63454353120337));
#12219=CARTESIAN_POINT('',(-3.09304021727764,20.5449999999971,-5.32204123119112));
#12220=CARTESIAN_POINT('Ctrl Pts',(-8.08748392688972,20.5449999999971,0.860488697975454));
#12221=CARTESIAN_POINT('Ctrl Pts',(-8.08254271052894,20.5449999999971,0.712316437986439));
#12222=CARTESIAN_POINT('Ctrl Pts',(-8.07551352572213,20.5449999999971,0.561239464583312));
#12223=CARTESIAN_POINT('Ctrl Pts',(-8.06636676478828,20.5449999999971,0.407341384222866));
#12224=CARTESIAN_POINT('Ctrl Pts',(-8.05477511500525,20.5449999999971,0.212307025861435));
#12225=CARTESIAN_POINT('Ctrl Pts',(-8.03978343555489,20.5449999999971,0.0127448165839006));
#12226=CARTESIAN_POINT('Ctrl Pts',(-8.02141495576101,20.5449999999971,-0.191161727154866));
#12227=CARTESIAN_POINT('Ctrl Pts',(-8.00516745175509,20.5449999999971,-0.371523543886759));
#12228=CARTESIAN_POINT('Ctrl Pts',(-7.98628149734962,20.5449999999971,-0.555282260701382));
#12229=CARTESIAN_POINT('Ctrl Pts',(-7.96478541922175,20.5449999999971,-0.742343688280617));
#12230=CARTESIAN_POINT('Ctrl Pts',(-7.94546425736012,20.5449999999971,-0.910478735931055));
#12231=CARTESIAN_POINT('Ctrl Pts',(-7.92403540608021,20.5449999999971,-1.08128174008991));
#12232=CARTESIAN_POINT('Ctrl Pts',(-7.90050554853947,20.5449999999971,-1.25472362265743));
#12233=CARTESIAN_POINT('Ctrl Pts',(-7.87844736964223,20.5449999999971,-1.41731755537989));
#12234=CARTESIAN_POINT('Ctrl Pts',(-7.85454337381035,20.5449999999971,-1.58223041061153));
#12235=CARTESIAN_POINT('Ctrl Pts',(-7.82877561557833,20.5449999999971,-1.74947777886112));
#12236=CARTESIAN_POINT('Ctrl Pts',(-7.80286636339443,20.5449999999971,-1.91764352312384));
#12237=CARTESIAN_POINT('Ctrl Pts',(-7.77507299160195,20.5449999999971,-2.08816958321769));
#12238=CARTESIAN_POINT('Ctrl Pts',(-7.74534578611983,20.5449999999971,-2.26111544484639));
#12239=CARTESIAN_POINT('Ctrl Pts',(-7.74141201119212,20.5449999999971,-2.28400121844302));
#12240=CARTESIAN_POINT('Ctrl Pts',(-7.7374443274172,20.5449999999971,-2.30692942453803));
#12241=CARTESIAN_POINT('Ctrl Pts',(-7.73344257826772,20.5449999999971,-2.32990025411205));
#12242=CARTESIAN_POINT('Ctrl Pts',(-7.73138971510994,20.5449999999971,-2.34168409362189));
#12243=CARTESIAN_POINT('Ctrl Pts',(-7.72932788714643,20.5449999999971,-2.35347915012784));
#12244=CARTESIAN_POINT('Ctrl Pts',(-7.72725707228022,20.5449999999971,-2.36528545060603));
#12245=CARTESIAN_POINT('Ctrl Pts',(-7.72548677567241,20.5449999999971,-2.37537841160816));
#12246=CARTESIAN_POINT('Ctrl Pts',(-7.72370998420978,20.5449999999971,-2.38547914778908));
#12247=CARTESIAN_POINT('Ctrl Pts',(-7.72192909987327,20.5449999999971,-2.39557406634887));
#12248=CARTESIAN_POINT('Ctrl Pts',(-7.68845483815664,20.5449999999971,-2.58532246210437));
#12249=CARTESIAN_POINT('Ctrl Pts',(-7.65332229322064,20.5449999999971,-2.77425134910955));
#12250=CARTESIAN_POINT('Ctrl Pts',(-7.61660631903728,20.5449999999971,-2.96257223235721));
#12251=CARTESIAN_POINT('Ctrl Pts',(-7.5760846994367,20.5449999999971,-3.17041275309888));
#12252=CARTESIAN_POINT('Ctrl Pts',(-7.53363366338574,20.5449999999971,-3.37751391757982));
#12253=CARTESIAN_POINT('Ctrl Pts',(-7.48929065267687,20.5449999999971,-3.58419160087029));
#12254=CARTESIAN_POINT('Ctrl Pts',(-7.43481188756543,20.5449999999971,-3.83811087206463));
#12255=CARTESIAN_POINT('Ctrl Pts',(-7.37747458280909,20.5449999999971,-4.09139617493905));
#12256=CARTESIAN_POINT('Ctrl Pts',(-7.31728641821465,20.5449999999971,-4.34462299361094));
#12257=CARTESIAN_POINT('Ctrl Pts',(-7.26813055434133,20.5449999999971,-4.55143413516315));
#12258=CARTESIAN_POINT('Ctrl Pts',(-7.21707142510718,20.5449999999971,-4.75820633627923));
#12259=CARTESIAN_POINT('Ctrl Pts',(-7.16411053759421,20.5449999999971,-4.96521719635944));
#12260=CARTESIAN_POINT('Ctrl Pts',(-7.11581261884571,20.5449999999971,-5.1540016780727));
#12261=CARTESIAN_POINT('Ctrl Pts',(-7.06593210769888,20.5449999999971,-5.34298533375844));
#12262=CARTESIAN_POINT('Ctrl Pts',(-7.01448243297098,20.5449999999971,-5.5323420392981));
#12263=CARTESIAN_POINT('Ctrl Pts',(-6.96479742848445,20.5449999999971,-5.71520400711517));
#12264=CARTESIAN_POINT('Ctrl Pts',(-6.91364858742268,20.5449999999971,-5.89841423944186));
#12265=CARTESIAN_POINT('Ctrl Pts',(-6.86107049593659,20.5449999999971,-6.08208515625426));
#12266=CARTESIAN_POINT('Ctrl Pts',(-6.80849240445049,20.5449999999971,-6.26575607306665));
#12267=CARTESIAN_POINT('Ctrl Pts',(-6.75448477329467,20.5449999999971,-6.44988792463544));
#12268=CARTESIAN_POINT('Ctrl Pts',(-6.69911064954357,20.5449999999971,-6.63454353120337));
#12269=CARTESIAN_POINT('',(0.939692620785686,20.5449999999971,-2.25797985667433));
#12270=CARTESIAN_POINT('Origin',(-2.22044604925031E-13,20.5449999999971,
-2.6));
#12271=CARTESIAN_POINT('Origin',(-8.1920392667889,22.5099999999971,19.9074429047875));
#12272=CARTESIAN_POINT('',(3.61714766414232,9.39499999999708,5.28966679484896));
#12273=CARTESIAN_POINT('Origin',(-8.1920392667889,9.39499999999708,19.9074429047875));
#12274=CARTESIAN_POINT('',(3.61714766414232,20.5449999999971,5.28966679484896));
#12275=CARTESIAN_POINT('Ctrl Pts',(3.61714766414232,20.5449999999971,5.28966679484896));
#12276=CARTESIAN_POINT('Ctrl Pts',(3.61714766414232,7.16499999999708,5.28966679484896));
#12277=CARTESIAN_POINT('Ctrl Pts',(3.66853666144827,20.5449999999971,5.33118215743318));
#12278=CARTESIAN_POINT('Ctrl Pts',(3.66853666144827,7.16499999999708,5.33118215743318));
#12279=CARTESIAN_POINT('Ctrl Pts',(3.80559158071775,20.5449999999971,5.37076313517905));
#12280=CARTESIAN_POINT('Ctrl Pts',(3.80559158071775,7.16499999999708,5.37076313517905));
#12281=CARTESIAN_POINT('Ctrl Pts',(3.93025851626214,20.5449999999971,5.30141719169817));
#12282=CARTESIAN_POINT('Ctrl Pts',(3.93025851626214,7.16499999999708,5.30141719169817));
#12283=CARTESIAN_POINT('Ctrl Pts',(3.9710128624886,20.5449999999971,5.24942259930372));
#12284=CARTESIAN_POINT('Ctrl Pts',(3.9710128624886,7.16499999999708,5.24942259930372));
#12285=CARTESIAN_POINT('',(3.9710128624886,9.39499999999708,5.24942259930372));
#12286=CARTESIAN_POINT('Ctrl Pts',(3.61714766414232,9.39499999999708,5.28966679484896));
#12287=CARTESIAN_POINT('Ctrl Pts',(3.66853666144827,9.39499999999708,5.33118215743318));
#12288=CARTESIAN_POINT('Ctrl Pts',(3.80559158071775,9.39499999999708,5.37076313517906));
#12289=CARTESIAN_POINT('Ctrl Pts',(3.93025851626214,9.39499999999708,5.30141719169817));
#12290=CARTESIAN_POINT('Ctrl Pts',(3.9710128624886,9.39499999999708,5.24942259930372));
#12291=CARTESIAN_POINT('',(3.9710128624886,9.39499999999708,5.24942259930372));
#12292=CARTESIAN_POINT('Origin',(-2.22044604925031E-13,21.2799999999971,
-2.6));
#12293=CARTESIAN_POINT('',(0.939692620785686,21.2799999999971,-2.25797985667433));
#12294=CARTESIAN_POINT('Origin',(-2.22044604925031E-13,21.2799999999971,
-2.6));
#12295=CARTESIAN_POINT('Origin',(-2.22044604925031E-13,22.5099999999971,
-2.6));
#12296=CARTESIAN_POINT('',(0.939692620785686,22.5099999999971,-2.25797985667433));
#12297=CARTESIAN_POINT('Origin',(-2.22044604925031E-13,22.5099999999971,
-2.6));
#12298=CARTESIAN_POINT('',(0.939692620785686,8.65999999999708,-2.25797985667433));
#12299=CARTESIAN_POINT('Origin',(-2.22044604925031E-13,8.65999999999708,
-2.6));
#12300=CARTESIAN_POINT('',(0.939692620785686,9.39499999999708,-2.25797985667433));
#12301=CARTESIAN_POINT('',(0.939692620785686,22.5099999999971,-2.25797985667433));
#12302=CARTESIAN_POINT('Origin',(-2.22044604925031E-13,9.39499999999708,
-2.6));
#12303=CARTESIAN_POINT('Origin',(-2.22044604925031E-13,8.65999999999708,
-2.6));
#12304=CARTESIAN_POINT('Origin',(-0.814007941115314,9.39499999999708,-0.363531562529537));
#12305=CARTESIAN_POINT('',(-6.69911064954357,9.39499999999708,-6.63454353120337));
#12306=CARTESIAN_POINT('Ctrl Pts',(-6.69911064954357,9.3949999999971,-6.63454353120337));
#12307=CARTESIAN_POINT('Ctrl Pts',(-6.7530899733024,9.3949999999971,-6.45453915198072));
#12308=CARTESIAN_POINT('Ctrl Pts',(-6.8057708963588,9.3949999999971,-6.27503227378279));
#12309=CARTESIAN_POINT('Ctrl Pts',(-6.85709466543296,9.3949999999971,-6.095965299906));
#12310=CARTESIAN_POINT('Ctrl Pts',(-6.91002361724962,9.3949999999971,-5.91129789524627));
#12311=CARTESIAN_POINT('Ctrl Pts',(-6.96150933146189,9.3949999999971,-5.72709835242575));
#12312=CARTESIAN_POINT('Ctrl Pts',(-7.01151607010799,9.3949999999971,-5.54325354327999));
#12313=CARTESIAN_POINT('Ctrl Pts',(-7.06547823006187,9.3949999999971,-5.34486702045506));
#12314=CARTESIAN_POINT('Ctrl Pts',(-7.117718597682,9.3949999999971,-5.14689347840391));
#12315=CARTESIAN_POINT('Ctrl Pts',(-7.16822179928629,9.3949999999971,-4.94913281717971));
#12316=CARTESIAN_POINT('Ctrl Pts',(-7.22519169521687,9.3949999999971,-4.72604984558157));
#12317=CARTESIAN_POINT('Ctrl Pts',(-7.27995259138029,9.3949999999971,-4.50323689712641));
#12318=CARTESIAN_POINT('Ctrl Pts',(-7.33250303917955,9.3949999999971,-4.28034335595126));
#12319=CARTESIAN_POINT('Ctrl Pts',(-7.38748396685211,9.3949999999971,-4.04714089661463));
#12320=CARTESIAN_POINT('Ctrl Pts',(-7.44004736613314,9.3949999999971,-3.81384876559388));
#12321=CARTESIAN_POINT('Ctrl Pts',(-7.49018633930145,9.3949999999971,-3.58001564826825));
#12322=CARTESIAN_POINT('Ctrl Pts',(-7.53237316809554,9.3949999999971,-3.38326894478294));
#12323=CARTESIAN_POINT('Ctrl Pts',(-7.57284510393317,9.3949999999971,-3.18613667613702));
#12324=CARTESIAN_POINT('Ctrl Pts',(-7.61157068682339,9.3949999999971,-2.98834602881714));
#12325=CARTESIAN_POINT('Ctrl Pts',(-7.64545557185233,9.3949999999971,-2.81527921241223));
#12326=CARTESIAN_POINT('Ctrl Pts',(-7.67800359784232,9.39499999999709,-2.64170772351999));
#12327=CARTESIAN_POINT('Ctrl Pts',(-7.70916022855352,9.39499999999709,-2.46746514783681));
#12328=CARTESIAN_POINT('Ctrl Pts',(-7.71311900815702,9.39499999999709,-2.44532578491692));
#12329=CARTESIAN_POINT('Ctrl Pts',(-7.71705527350562,9.39499999999709,-2.42317561748002));
#12330=CARTESIAN_POINT('Ctrl Pts',(-7.72096886608076,9.39499999999709,-2.40101433226812));
#12331=CARTESIAN_POINT('Ctrl Pts',(-7.72278444624064,9.39499999999709,-2.39073334645379));
#12332=CARTESIAN_POINT('Ctrl Pts',(-7.72459559162852,9.3949999999971,-2.38044743189843));
#12333=CARTESIAN_POINT('Ctrl Pts',(-7.72640082221879,9.3949999999971,-2.37016489732142));
#12334=CARTESIAN_POINT('Ctrl Pts',(-7.75679015352724,9.3949999999971,-2.19706825712773));
#12335=CARTESIAN_POINT('Ctrl Pts',(-7.78525059705868,9.3949999999971,-2.02638486174222));
#12336=CARTESIAN_POINT('Ctrl Pts',(-7.81183774854733,9.3949999999971,-1.85804748135261));
#12337=CARTESIAN_POINT('Ctrl Pts',(-7.83862227900622,9.3949999999971,-1.68846038984562));
#12338=CARTESIAN_POINT('Ctrl Pts',(-7.86350563606993,9.3949999999971,-1.5212539398581));
#12339=CARTESIAN_POINT('Ctrl Pts',(-7.88651259755557,9.3949999999971,-1.35640284157088));
#12340=CARTESIAN_POINT('Ctrl Pts',(-7.91097651270801,9.3949999999971,-1.18111227641725));
#12341=CARTESIAN_POINT('Ctrl Pts',(-7.93331821167115,9.3949999999971,-1.0084849915943));
#12342=CARTESIAN_POINT('Ctrl Pts',(-7.95353544938684,9.3949999999971,-0.838541686354523));
#12343=CARTESIAN_POINT('Ctrl Pts',(-7.97694855492015,9.3949999999971,-0.64173435806311));
#12344=CARTESIAN_POINT('Ctrl Pts',(-7.99751124615298,9.39499999999709,-0.448526521011747));
#12345=CARTESIAN_POINT('Ctrl Pts',(-8.01519280827934,9.39499999999709,-0.259017625612598));
#12346=CARTESIAN_POINT('Ctrl Pts',(-8.03334913410026,9.39499999999709,-0.0644202689853386));
#12347=CARTESIAN_POINT('Ctrl Pts',(-8.04846417227065,9.3949999999971,0.126274221287329));
#12348=CARTESIAN_POINT('Ctrl Pts',(-8.06051190350335,9.3949999999971,0.312911040968497));
#12349=CARTESIAN_POINT('Ctrl Pts',(-8.07061963021766,9.3949999999971,0.469494378671591));
#12350=CARTESIAN_POINT('Ctrl Pts',(-8.07856716225733,9.3949999999971,0.62321959599321));
#12351=CARTESIAN_POINT('Ctrl Pts',(-8.08437526307483,9.3949999999971,0.773997283530676));
#12352=CARTESIAN_POINT('Ctrl Pts',(-8.0854900282587,9.3949999999971,0.80293647068541));
#12353=CARTESIAN_POINT('Ctrl Pts',(-8.08652612610084,9.3949999999971,0.831767124754544));
#12354=CARTESIAN_POINT('Ctrl Pts',(-8.08748392688972,9.3949999999971,0.860488697975455));
#12355=CARTESIAN_POINT('',(7.72517107952013,9.39499999999708,-1.38453433115436));
#12356=CARTESIAN_POINT('',(-3.09304021727764,9.39499999999708,-5.32204123119112));
#12357=CARTESIAN_POINT('Ctrl Pts',(3.9710128624886,9.3949999999971,5.24942259930372));
#12358=CARTESIAN_POINT('Ctrl Pts',(4.06247096397336,9.3949999999971,5.13273991026129));
#12359=CARTESIAN_POINT('Ctrl Pts',(4.15419670262491,9.3949999999971,5.01248996140259));
#12360=CARTESIAN_POINT('Ctrl Pts',(4.24611365644922,9.3949999999971,4.88871776753876));
#12361=CARTESIAN_POINT('Ctrl Pts',(4.36259960656673,9.3949999999971,4.73186181223898));
#12362=CARTESIAN_POINT('Ctrl Pts',(4.47939142931854,9.3949999999971,4.56935182496267));
#12363=CARTESIAN_POINT('Ctrl Pts',(4.5963889572957,9.3949999999971,4.40134331899185));
#12364=CARTESIAN_POINT('Ctrl Pts',(4.69987698819185,9.3949999999971,4.25273445727197));
#12365=CARTESIAN_POINT('Ctrl Pts',(4.80352733410549,9.3949999999971,4.0998274558944));
#12366=CARTESIAN_POINT('Ctrl Pts',(4.90730115080361,9.3949999999971,3.94271267609998));
#12367=CARTESIAN_POINT('Ctrl Pts',(5.00057540750867,9.3949999999971,3.80149435370432));
#12368=CARTESIAN_POINT('Ctrl Pts',(5.09395000983382,9.3949999999971,3.65687746140777));
#12369=CARTESIAN_POINT('Ctrl Pts',(5.18741138633247,9.3949999999971,3.50888857017786));
#12370=CARTESIAN_POINT('Ctrl Pts',(5.27502720632729,9.3949999999971,3.3701556674432));
#12371=CARTESIAN_POINT('Ctrl Pts',(5.36271962317305,9.3949999999971,3.22845989875102));
#12372=CARTESIAN_POINT('Ctrl Pts',(5.45048491123147,9.3949999999971,3.08377778595582));
#12373=CARTESIAN_POINT('Ctrl Pts',(5.53873212935687,9.3949999999971,2.93830120575952));
#12374=CARTESIAN_POINT('Ctrl Pts',(5.62705320989714,9.3949999999971,2.78980542999718));
#12375=CARTESIAN_POINT('Ctrl Pts',(5.71544830633004,9.3949999999971,2.6382129343807));
#12376=CARTESIAN_POINT('Ctrl Pts',(5.72714555161218,9.3949999999971,2.61815283290772));
#12377=CARTESIAN_POINT('Ctrl Pts',(5.73884409629453,9.39499999999709,2.59803843006831));
#12378=CARTESIAN_POINT('Ctrl Pts',(5.75054394323019,9.39499999999709,2.57786947894896));
#12379=CARTESIAN_POINT('Ctrl Pts',(5.7565458648506,9.39499999999709,2.56752297916568));
#12380=CARTESIAN_POINT('Ctrl Pts',(5.76254812917752,9.3949999999971,2.55716212419879));
#12381=CARTESIAN_POINT('Ctrl Pts',(5.7685507366236,9.3949999999971,2.54678687917973));
#12382=CARTESIAN_POINT('Ctrl Pts',(5.77368224101689,9.3949999999971,2.53791729777283));
#12383=CARTESIAN_POINT('Ctrl Pts',(5.77881376785131,9.3949999999971,2.52903758542123));
#12384=CARTESIAN_POINT('Ctrl Pts',(5.78393841986768,9.3949999999971,2.52015969877736));
#12385=CARTESIAN_POINT('Ctrl Pts',(5.88026356544126,9.3949999999971,2.35328715394396));
#12386=CARTESIAN_POINT('Ctrl Pts',(5.97479162229881,9.39499999999709,2.1859764653281));
#12387=CARTESIAN_POINT('Ctrl Pts',(6.06771588469837,9.39499999999709,2.01811372591106));
#12388=CARTESIAN_POINT('Ctrl Pts',(6.17027183469945,9.39499999999709,1.83285185494056));
#12389=CARTESIAN_POINT('Ctrl Pts',(6.27087451690674,9.3949999999971,1.64691615873687));
#12390=CARTESIAN_POINT('Ctrl Pts',(6.3697556539787,9.3949999999971,1.46008873007799));
#12391=CARTESIAN_POINT('Ctrl Pts',(6.49123866008184,9.3949999999971,1.23055700817352));
#12392=CARTESIAN_POINT('Ctrl Pts',(6.61012439079356,9.3949999999971,0.999673500312103));
#12393=CARTESIAN_POINT('Ctrl Pts',(6.72678864324743,9.3949999999971,0.767002296568146));
#12394=CARTESIAN_POINT('Ctrl Pts',(6.8220687062162,9.3949999999971,0.5769789905644));
#12395=CARTESIAN_POINT('Ctrl Pts',(6.91586575290162,9.3949999999971,0.385762119273467));
#12396=CARTESIAN_POINT('Ctrl Pts',(7.00835937525047,9.3949999999971,0.193139997950978));
#12397=CARTESIAN_POINT('Ctrl Pts',(7.09270934872587,9.3949999999971,0.017477391041184));
#12398=CARTESIAN_POINT('Ctrl Pts',(7.17597501265048,9.3949999999971,-0.159355062768294));
#12399=CARTESIAN_POINT('Ctrl Pts',(7.25827841935736,9.3949999999971,-0.337481928252876));
#12400=CARTESIAN_POINT('Ctrl Pts',(7.33775890495967,9.3949999999971,-0.509499227827788));
#12401=CARTESIAN_POINT('Ctrl Pts',(7.41634188679956,9.3949999999971,-0.682724249508193));
#12402=CARTESIAN_POINT('Ctrl Pts',(7.49412612157347,9.3949999999971,-0.85722088044281));
#12403=CARTESIAN_POINT('Ctrl Pts',(7.57191035634737,9.3949999999971,-1.03171751137743));
#12404=CARTESIAN_POINT('Ctrl Pts',(7.64889578335135,9.3949999999971,-1.20748612920808));
#12405=CARTESIAN_POINT('Ctrl Pts',(7.72517107952013,9.3949999999971,-1.38453433115436));
#12406=CARTESIAN_POINT('Origin',(-6.69911064954357,22.5099999999971,-6.63454353120337));
#12407=CARTESIAN_POINT('',(-6.69911064954357,22.5099999999971,-6.63454353120337));
#12408=CARTESIAN_POINT('',(7.72517107952013,22.5099999999971,-1.38453433115436));
#12409=CARTESIAN_POINT('Ctrl Pts',(-8.09399884989764,22.5099999999971,1.11577819815168));
#12410=CARTESIAN_POINT('Ctrl Pts',(-8.09399884989764,4.41399999999708,1.11577819815168));
#12411=CARTESIAN_POINT('Ctrl Pts',(-8.08950015585412,22.5099999999971,0.859696229740949));
#12412=CARTESIAN_POINT('Ctrl Pts',(-8.08950015585412,4.41399999999708,0.859696229740949));
#12413=CARTESIAN_POINT('Ctrl Pts',(-8.06997126984895,22.5099999999971,0.338300503615988));
#12414=CARTESIAN_POINT('Ctrl Pts',(-8.06997126984895,4.41399999999708,0.338300503615988));
#12415=CARTESIAN_POINT('Ctrl Pts',(-8.00910764390146,22.5099999999971,-0.471469732725199));
#12416=CARTESIAN_POINT('Ctrl Pts',(-8.00910764390146,4.41399999999708,-0.471469732725199));
#12417=CARTESIAN_POINT('Ctrl Pts',(-7.86986877831895,22.5099999999971,-1.60424139271837));
#12418=CARTESIAN_POINT('Ctrl Pts',(-7.86986877831895,4.41399999999708,-1.60424139271837));
#12419=CARTESIAN_POINT('Ctrl Pts',(-7.60549802857528,22.5099999999971,-3.1170274395852));
#12420=CARTESIAN_POINT('Ctrl Pts',(-7.60549802857528,4.41399999999708,-3.1170274395852));
#12421=CARTESIAN_POINT('Ctrl Pts',(-7.31161422413025,22.5099999999971,-4.43056491366931));
#12422=CARTESIAN_POINT('Ctrl Pts',(-7.31161422413025,4.41399999999708,-4.43056491366931));
#12423=CARTESIAN_POINT('Ctrl Pts',(-7.0315634784743,22.5099999999971,-5.49654488066049));
#12424=CARTESIAN_POINT('Ctrl Pts',(-7.0315634784743,4.41399999999708,-5.49654488066049));
#12425=CARTESIAN_POINT('Ctrl Pts',(-6.81492255515435,22.5099999999971,-6.24834658162322));
#12426=CARTESIAN_POINT('Ctrl Pts',(-6.81492255515435,4.41399999999708,-6.24834658162322));
#12427=CARTESIAN_POINT('Ctrl Pts',(-6.69911064954357,22.5099999999971,-6.63454353120337));
#12428=CARTESIAN_POINT('Ctrl Pts',(-6.69911064954357,4.41399999999708,-6.63454353120337));
#12429=CARTESIAN_POINT('Ctrl Pts',(7.72517107952013,22.5099999999971,-1.38453433115436));
#12430=CARTESIAN_POINT('Ctrl Pts',(7.72517107952013,4.41399999999708,-1.38453433115436));
#12431=CARTESIAN_POINT('Ctrl Pts',(7.56564553217143,22.5099999999971,-1.01424784599818));
#12432=CARTESIAN_POINT('Ctrl Pts',(7.56564553217143,4.41399999999708,-1.01424784599818));
#12433=CARTESIAN_POINT('Ctrl Pts',(7.24835328931273,22.5099999999971,-0.299080229387174));
#12434=CARTESIAN_POINT('Ctrl Pts',(7.24835328931273,4.41399999999708,-0.299080229387174));
#12435=CARTESIAN_POINT('Ctrl Pts',(6.77768589185779,22.5099999999971,0.697520950193688));
#12436=CARTESIAN_POINT('Ctrl Pts',(6.77768589185779,4.41399999999708,0.697520950193688));
#12437=CARTESIAN_POINT('Ctrl Pts',(6.15848833397531,22.5099999999971,1.89265390122915));
#12438=CARTESIAN_POINT('Ctrl Pts',(6.15848833397531,4.41399999999708,1.89265390122915));
#12439=CARTESIAN_POINT('Ctrl Pts',(5.38860795070693,22.5099999999971,3.22144948835817));
#12440=CARTESIAN_POINT('Ctrl Pts',(5.38860795070693,4.41399999999708,3.22144948835817));
#12441=CARTESIAN_POINT('Ctrl Pts',(4.76713952230497,22.5099999999971,4.17870394140186));
#12442=CARTESIAN_POINT('Ctrl Pts',(4.76713952230497,4.41399999999708,4.17870394140186));
#12443=CARTESIAN_POINT('Ctrl Pts',(4.29325349013711,22.5099999999971,4.83814631579383));
#12444=CARTESIAN_POINT('Ctrl Pts',(4.29325349013711,4.41399999999708,4.83814631579383));
#12445=CARTESIAN_POINT('Ctrl Pts',(3.97306677224505,22.5099999999971,5.25011154041295));
#12446=CARTESIAN_POINT('Ctrl Pts',(3.97306677224505,4.41399999999708,5.25011154041295));
#12447=CARTESIAN_POINT('Ctrl Pts',(3.81190665545982,22.5099999999971,5.4491734140879));
#12448=CARTESIAN_POINT('Ctrl Pts',(3.81190665545982,4.41399999999708,5.4491734140879));
#12449=CARTESIAN_POINT('Origin',(66.,-0.999999999999976,58.6));
#12450=CARTESIAN_POINT('',(66.,-0.999999999999983,52.));
#12451=CARTESIAN_POINT('',(66.,1.00000000000002,52.));
#12452=CARTESIAN_POINT('',(66.,2.30160899590363,52.));
#12453=CARTESIAN_POINT('',(66.,-0.999999999999985,50.));
#12454=CARTESIAN_POINT('',(66.,-0.999999999999976,58.6));
#12455=CARTESIAN_POINT('',(66.,1.00000000000001,50.));
#12456=CARTESIAN_POINT('',(66.,2.30160899590363,50.));
#12457=CARTESIAN_POINT('',(66.,1.00000000000002,58.6));
#12458=CARTESIAN_POINT('Origin',(66.,1.00000000000002,58.6));
#12459=CARTESIAN_POINT('',(64.,1.00000000000002,52.));
#12460=CARTESIAN_POINT('',(38.0045494341881,1.00000000000001,52.));
#12461=CARTESIAN_POINT('',(64.,1.00000000000001,50.));
#12462=CARTESIAN_POINT('',(38.0045494341881,1.00000000000001,50.));
#12463=CARTESIAN_POINT('',(64.,1.00000000000002,58.6));
#12464=CARTESIAN_POINT('Origin',(64.,1.00000000000002,58.6));
#12465=CARTESIAN_POINT('',(64.,-0.999999999999983,52.));
#12466=CARTESIAN_POINT('',(64.,3.30160899590363,52.));
#12467=CARTESIAN_POINT('',(64.,-0.999999999999985,50.));
#12468=CARTESIAN_POINT('',(64.,3.30160899590363,50.));
#12469=CARTESIAN_POINT('',(64.,-0.999999999999976,58.6));
#12470=CARTESIAN_POINT('Origin',(64.,-0.999999999999976,58.6));
#12471=CARTESIAN_POINT('',(37.0045494341881,-0.999999999999989,52.));
#12472=CARTESIAN_POINT('',(37.0045494341881,-0.999999999999991,50.));
#12473=CARTESIAN_POINT('Origin',(10.0090988683761,5.60321799180723,52.));
#12474=CARTESIAN_POINT('Origin',(10.0090988683761,5.60321799180723,50.));
#12475=CARTESIAN_POINT('Origin',(54.75,-14.,50.));
#12476=CARTESIAN_POINT('',(53.25,-14.,50.));
#12477=CARTESIAN_POINT('Origin',(54.75,-14.,50.));
#12478=CARTESIAN_POINT('',(53.25,-14.,52.));
#12479=CARTESIAN_POINT('',(53.25,-14.,50.));
#12480=CARTESIAN_POINT('Origin',(54.75,-14.,52.));
#12481=CARTESIAN_POINT('Origin',(54.75,14.,50.));
#12482=CARTESIAN_POINT('',(53.25,14.,50.));
#12483=CARTESIAN_POINT('Origin',(54.75,14.,50.));
#12484=CARTESIAN_POINT('',(53.25,14.,52.));
#12485=CARTESIAN_POINT('',(53.25,14.,50.));
#12486=CARTESIAN_POINT('Origin',(54.75,14.,52.));
#12487=CARTESIAN_POINT('Origin',(75.25,-14.,50.));
#12488=CARTESIAN_POINT('',(73.75,-14.,50.));
#12489=CARTESIAN_POINT('Origin',(75.25,-14.,50.));
#12490=CARTESIAN_POINT('',(73.75,-14.,52.));
#12491=CARTESIAN_POINT('',(73.75,-14.,50.));
#12492=CARTESIAN_POINT('Origin',(75.25,-14.,52.));
#12493=CARTESIAN_POINT('Origin',(75.25,14.,50.));
#12494=CARTESIAN_POINT('',(73.75,14.,50.));
#12495=CARTESIAN_POINT('Origin',(75.25,14.,50.));
#12496=CARTESIAN_POINT('',(73.75,14.,52.));
#12497=CARTESIAN_POINT('',(73.75,14.,50.));
#12498=CARTESIAN_POINT('Origin',(75.25,14.,52.));
#12499=CARTESIAN_POINT('Origin',(-68.4818022632477,23.7418776133354,50.));
#12500=CARTESIAN_POINT('',(-68.4818022632477,23.7418776133354,50.));
#12501=CARTESIAN_POINT('',(-68.4818022632477,-54.2935640163855,50.));
#12502=CARTESIAN_POINT('',(-68.4818022632477,23.7418776133354,50.));
#12503=CARTESIAN_POINT('',(-68.4818022632477,-54.2935640163855,52.));
#12504=CARTESIAN_POINT('',(-68.4818022632477,-54.2935640163855,50.));
#12505=CARTESIAN_POINT('',(-68.4818022632477,23.7418776133354,52.));
#12506=CARTESIAN_POINT('',(-68.4818022632477,23.7418776133354,52.));
#12507=CARTESIAN_POINT('',(-68.4818022632477,23.7418776133354,50.));
#12508=CARTESIAN_POINT('Origin',(-65.4818022632477,-54.2935640163855,50.));
#12509=CARTESIAN_POINT('',(-65.4818022632477,-57.2935640163855,50.));
#12510=CARTESIAN_POINT('Origin',(-65.4818022632477,-54.2935640163855,50.));
#12511=CARTESIAN_POINT('',(-65.4818022632477,-57.2935640163855,52.));
#12512=CARTESIAN_POINT('',(-65.4818022632477,-57.2935640163855,50.));
#12513=CARTESIAN_POINT('Origin',(-65.4818022632477,-54.2935640163855,52.));
#12514=CARTESIAN_POINT('Origin',(-65.4818022632477,-57.2935640163855,50.));
#12515=CARTESIAN_POINT('',(85.5181977367523,-57.2935640163855,50.));
#12516=CARTESIAN_POINT('',(-65.4818022632477,-57.2935640163855,50.));
#12517=CARTESIAN_POINT('',(85.5181977367523,-57.2935640163855,52.));
#12518=CARTESIAN_POINT('',(85.5181977367523,-57.2935640163855,50.));
#12519=CARTESIAN_POINT('',(-65.4818022632477,-57.2935640163855,52.));
#12520=CARTESIAN_POINT('Origin',(85.5181977367523,-54.2935640163855,50.));
#12521=CARTESIAN_POINT('',(88.5181977367523,-54.2935640163855,50.));
#12522=CARTESIAN_POINT('Origin',(85.5181977367523,-54.2935640163855,50.));
#12523=CARTESIAN_POINT('',(88.5181977367523,-54.2935640163855,52.));
#12524=CARTESIAN_POINT('',(88.5181977367523,-54.2935640163855,50.));
#12525=CARTESIAN_POINT('Origin',(85.5181977367523,-54.2935640163855,52.));
#12526=CARTESIAN_POINT('Origin',(88.5181977367523,-54.2935640163855,50.));
#12527=CARTESIAN_POINT('',(88.5181977367523,21.2064359836145,50.));
#12528=CARTESIAN_POINT('',(88.5181977367523,-54.2935640163855,50.));
#12529=CARTESIAN_POINT('',(88.5181977367523,21.2064359836145,52.));
#12530=CARTESIAN_POINT('',(88.5181977367523,21.2064359836145,50.));
#12531=CARTESIAN_POINT('',(88.5181977367523,-54.2935640163855,52.));
#12532=CARTESIAN_POINT('Origin',(80.0181977367523,21.2064359836144,50.));
#12533=CARTESIAN_POINT('',(82.0123276885715,29.4692106831483,50.));
#12534=CARTESIAN_POINT('Origin',(80.0181977367523,21.2064359836144,50.));
#12535=CARTESIAN_POINT('',(82.0123276885715,29.4692106831483,52.));
#12536=CARTESIAN_POINT('',(82.0123276885715,29.4692106831483,50.));
#12537=CARTESIAN_POINT('Origin',(80.0181977367523,21.2064359836144,52.));
#12538=CARTESIAN_POINT('Origin',(61.2673451322983,26.2064359836145,50.));
#12539=CARTESIAN_POINT('',(40.5610658914496,29.7064359836145,50.));
#12540=CARTESIAN_POINT('Origin',(61.2673451322983,26.2064359836145,50.));
#12541=CARTESIAN_POINT('',(40.5610658914496,29.7064359836145,52.));
#12542=CARTESIAN_POINT('',(40.5610658914496,29.7064359836145,50.));
#12543=CARTESIAN_POINT('Origin',(61.2673451322983,26.2064359836145,52.));
#12544=CARTESIAN_POINT('Origin',(40.5610658914496,29.7064359836145,50.));
#12545=CARTESIAN_POINT('',(18.2446466089404,29.7064359836145,50.));
#12546=CARTESIAN_POINT('',(40.5610658914496,29.7064359836145,50.));
#12547=CARTESIAN_POINT('',(18.2446466089404,29.7064359836145,52.));
#12548=CARTESIAN_POINT('',(18.2446466089404,29.7064359836145,50.));
#12549=CARTESIAN_POINT('',(40.5610658914496,29.7064359836145,52.));
#12550=CARTESIAN_POINT('Origin',(-25.,25.,50.));
#12551=CARTESIAN_POINT('Origin',(-25.,25.,50.));
#12552=CARTESIAN_POINT('Origin',(-25.,25.,52.));
#12553=CARTESIAN_POINT('Origin',(-66.5000009909272,-55.0000008195639,52.));
#12554=CARTESIAN_POINT('',(-65.4500009909272,-55.0000008195639,52.));
#12555=CARTESIAN_POINT('Origin',(-66.5000009909272,-55.0000008195639,52.));
#12556=CARTESIAN_POINT('',(-65.4500009909272,-55.0000008195639,50.));
#12557=CARTESIAN_POINT('',(-65.4500009909272,-55.0000008195639,52.));
#12558=CARTESIAN_POINT('Origin',(-66.5000009909272,-55.0000008195639,50.));
#12559=CARTESIAN_POINT('Origin',(86.5000012889504,-55.0000008195639,52.));
#12560=CARTESIAN_POINT('',(87.5500012889505,-55.0000008195639,52.));
#12561=CARTESIAN_POINT('Origin',(86.5000012889504,-55.0000008195639,52.));
#12562=CARTESIAN_POINT('',(87.5500012889505,-55.0000008195639,50.));
#12563=CARTESIAN_POINT('',(87.5500012889505,-55.0000008195639,52.));
#12564=CARTESIAN_POINT('Origin',(86.5000012889504,-55.0000008195639,50.));
#12565=CARTESIAN_POINT('Origin',(29.0000004321337,28.0000004172325,52.));
#12566=CARTESIAN_POINT('',(30.0500004321337,28.0000004172325,52.));
#12567=CARTESIAN_POINT('Origin',(29.0000004321337,28.0000004172325,52.));
#12568=CARTESIAN_POINT('',(30.0500004321337,28.0000004172325,50.));
#12569=CARTESIAN_POINT('',(30.0500004321337,28.0000004172325,52.));
#12570=CARTESIAN_POINT('Origin',(29.0000004321337,28.0000004172325,50.));
#12571=CARTESIAN_POINT('Origin',(-25.,25.,52.));
#12572=CARTESIAN_POINT('',(-12.5,25.,52.));
#12573=CARTESIAN_POINT('Origin',(-25.,25.,52.));
#12574=CARTESIAN_POINT('',(-12.5,25.,50.));
#12575=CARTESIAN_POINT('',(-12.5,25.,52.));
#12576=CARTESIAN_POINT('Origin',(-25.,25.,50.));
#12577=CARTESIAN_POINT('Origin',(10.0090988683761,5.60321799180723,50.));
#12578=CARTESIAN_POINT('',(73.,8.00000000000002,50.));
#12579=CARTESIAN_POINT('',(57.,8.00000000000001,50.));
#12580=CARTESIAN_POINT('',(33.5045494341881,8.00000000000001,50.));
#12581=CARTESIAN_POINT('',(57.,-7.99999999999999,50.));
#12582=CARTESIAN_POINT('',(57.,-1.19839100409637,50.));
#12583=CARTESIAN_POINT('',(73.,-7.99999999999998,50.));
#12584=CARTESIAN_POINT('',(41.5045494341881,-7.99999999999999,50.));
#12585=CARTESIAN_POINT('',(73.,6.80160899590364,50.));
#12586=CARTESIAN_POINT('Origin',(10.0090988683761,5.60321799180723,52.));
#12587=CARTESIAN_POINT('',(57.,8.00000000000002,52.));
#12588=CARTESIAN_POINT('',(73.,8.00000000000002,52.));
#12589=CARTESIAN_POINT('',(33.5045494341881,8.00000000000001,52.));
#12590=CARTESIAN_POINT('',(73.,-7.99999999999998,52.));
#12591=CARTESIAN_POINT('',(73.,6.80160899590364,52.));
#12592=CARTESIAN_POINT('',(57.,-7.99999999999998,52.));
#12593=CARTESIAN_POINT('',(41.5045494341881,-7.99999999999999,52.));
#12594=CARTESIAN_POINT('',(57.,-1.19839100409637,52.));
#12595=CARTESIAN_POINT('Origin',(73.,8.00000000000003,58.6));
#12596=CARTESIAN_POINT('',(73.,8.00000000000003,58.6));
#12597=CARTESIAN_POINT('',(73.,-7.99999999999998,58.6));
#12598=CARTESIAN_POINT('Origin',(57.,8.00000000000002,58.6));
#12599=CARTESIAN_POINT('',(57.,8.00000000000002,58.6));
#12600=CARTESIAN_POINT('Origin',(57.,-7.99999999999998,58.6));
#12601=CARTESIAN_POINT('',(57.,-7.99999999999998,58.6));
#12602=CARTESIAN_POINT('Origin',(73.,-7.99999999999997,58.6));
#12603=CARTESIAN_POINT('Origin',(88.5181977367523,-40.,10.));
#12604=CARTESIAN_POINT('',(85.0181977367523,-40.,40.));
#12605=CARTESIAN_POINT('',(85.0181977367523,-40.,10.));
#12606=CARTESIAN_POINT('',(85.0181977367523,-40.,5.));
#12607=CARTESIAN_POINT('',(88.5181977367523,-40.,40.));
#12608=CARTESIAN_POINT('',(88.5181977367523,-40.,40.));
#12609=CARTESIAN_POINT('',(88.5181977367523,-40.,10.));
#12610=CARTESIAN_POINT('',(88.5181977367523,-40.,5.));
#12611=CARTESIAN_POINT('',(88.5181977367523,-40.,10.));
#12612=CARTESIAN_POINT('Origin',(88.5181977367523,-40.,10.));
#12613=CARTESIAN_POINT('',(-64.9818022632477,-40.,10.));
#12614=CARTESIAN_POINT('',(-64.9818022632477,-40.,40.));
#12615=CARTESIAN_POINT('',(-64.9818022632477,-40.,5.));
#12616=CARTESIAN_POINT('',(-68.4818022632477,-40.,10.));
#12617=CARTESIAN_POINT('',(88.5181977367523,-40.,10.));
#12618=CARTESIAN_POINT('',(-68.4818022632477,-40.,40.));
#12619=CARTESIAN_POINT('',(-68.4818022632477,-40.,5.));
#12620=CARTESIAN_POINT('',(88.5181977367523,-40.,40.));
#12621=CARTESIAN_POINT('Origin',(88.5181977367523,-40.,40.));
#12622=CARTESIAN_POINT('',(85.0181977367523,-30.,40.));
#12623=CARTESIAN_POINT('',(85.0181977367523,-9.39678200819277,40.));
#12624=CARTESIAN_POINT('',(88.5181977367523,-30.,40.));
#12625=CARTESIAN_POINT('',(88.5181977367523,-30.,40.));
#12626=CARTESIAN_POINT('',(88.5181977367523,-48.6467820081928,40.));
#12627=CARTESIAN_POINT('Origin',(88.5181977367523,-40.,40.));
#12628=CARTESIAN_POINT('',(-64.9818022632477,-30.,40.));
#12629=CARTESIAN_POINT('',(-64.9818022632477,-46.8967820081928,40.));
#12630=CARTESIAN_POINT('',(-68.4818022632477,-30.,40.));
#12631=CARTESIAN_POINT('',(-68.4818022632477,-8.12906119333235,40.));
#12632=CARTESIAN_POINT('',(88.5181977367523,-30.,40.));
#12633=CARTESIAN_POINT('Origin',(88.5181977367523,-30.,10.));
#12634=CARTESIAN_POINT('',(85.0181977367523,-30.,10.));
#12635=CARTESIAN_POINT('',(85.0181977367523,-4.39678200819277,10.));
#12636=CARTESIAN_POINT('',(88.5181977367523,-30.,10.));
#12637=CARTESIAN_POINT('',(88.5181977367523,-43.6467820081928,10.));
#12638=CARTESIAN_POINT('',(88.5181977367523,-30.,10.));
#12639=CARTESIAN_POINT('Origin',(88.5181977367523,-30.,40.));
#12640=CARTESIAN_POINT('',(85.0181977367523,-30.,20.));
#12641=CARTESIAN_POINT('',(88.5181977367523,-30.,20.));
#12642=CARTESIAN_POINT('Origin',(88.5181977367523,-30.,40.));
#12643=CARTESIAN_POINT('',(-64.9818022632477,-30.,10.));
#12644=CARTESIAN_POINT('',(-64.9818022632477,-30.,20.));
#12645=CARTESIAN_POINT('',(-68.4818022632477,-30.,10.));
#12646=CARTESIAN_POINT('',(-68.4818022632477,-30.,20.));
#12647=CARTESIAN_POINT('',(88.5181977367523,-30.,10.));
#12648=CARTESIAN_POINT('Origin',(88.5181977367523,-30.,10.));
#12649=CARTESIAN_POINT('',(-64.9818022632477,-41.8967820081928,10.));
#12650=CARTESIAN_POINT('',(-68.4818022632477,-3.12906119333235,10.));
#12651=CARTESIAN_POINT('Origin',(88.5181977367523,-50.,5.));
#12652=CARTESIAN_POINT('',(85.0181977367523,-50.,45.));
#12653=CARTESIAN_POINT('',(85.0181977367523,-50.,5.));
#12654=CARTESIAN_POINT('',(85.0181977367523,-50.,2.5));
#12655=CARTESIAN_POINT('',(88.5181977367523,-50.,45.));
#12656=CARTESIAN_POINT('',(88.5181977367523,-50.,45.));
#12657=CARTESIAN_POINT('',(88.5181977367523,-50.,5.));
#12658=CARTESIAN_POINT('',(88.5181977367523,-50.,2.5));
#12659=CARTESIAN_POINT('',(88.5181977367523,-50.,5.));
#12660=CARTESIAN_POINT('Origin',(88.5181977367523,-50.,5.));
#12661=CARTESIAN_POINT('',(-64.9818022632477,-50.,5.));
#12662=CARTESIAN_POINT('',(-64.9818022632477,-50.,45.));
#12663=CARTESIAN_POINT('',(-64.9818022632477,-50.,2.5));
#12664=CARTESIAN_POINT('',(-68.4818022632477,-50.,5.));
#12665=CARTESIAN_POINT('',(88.5181977367523,-50.,5.));
#12666=CARTESIAN_POINT('',(-68.4818022632477,-50.,45.));
#12667=CARTESIAN_POINT('',(-68.4818022632477,-50.,2.5));
#12668=CARTESIAN_POINT('',(88.5181977367523,-50.,45.));
#12669=CARTESIAN_POINT('Origin',(88.5181977367523,-50.,45.));
#12670=CARTESIAN_POINT('',(85.0181977367523,-45.,45.));
#12671=CARTESIAN_POINT('',(85.0181977367523,-14.3967820081928,45.));
#12672=CARTESIAN_POINT('',(88.5181977367523,-45.,45.));
#12673=CARTESIAN_POINT('',(88.5181977367523,-45.,45.));
#12674=CARTESIAN_POINT('',(88.5181977367523,-53.6467820081928,45.));
#12675=CARTESIAN_POINT('Origin',(88.5181977367523,-50.,45.));
#12676=CARTESIAN_POINT('',(-64.9818022632477,-45.,45.));
#12677=CARTESIAN_POINT('',(-64.9818022632477,-51.8967820081928,45.));
#12678=CARTESIAN_POINT('',(-68.4818022632477,-45.,45.));
#12679=CARTESIAN_POINT('',(-68.4818022632477,-13.1290611933324,45.));
#12680=CARTESIAN_POINT('',(88.5181977367523,-45.,45.));
#12681=CARTESIAN_POINT('Origin',(88.5181977367523,-45.,5.));
#12682=CARTESIAN_POINT('',(85.0181977367523,-45.,5.));
#12683=CARTESIAN_POINT('',(85.0181977367523,-11.8967820081928,5.));
#12684=CARTESIAN_POINT('',(88.5181977367523,-45.,5.));
#12685=CARTESIAN_POINT('',(88.5181977367523,-51.1467820081928,5.));
#12686=CARTESIAN_POINT('',(88.5181977367523,-45.,5.));
#12687=CARTESIAN_POINT('Origin',(88.5181977367523,-45.,45.));
#12688=CARTESIAN_POINT('',(85.0181977367523,-45.,22.5));
#12689=CARTESIAN_POINT('',(88.5181977367523,-45.,22.5));
#12690=CARTESIAN_POINT('Origin',(88.5181977367523,-45.,45.));
#12691=CARTESIAN_POINT('',(-64.9818022632477,-45.,5.));
#12692=CARTESIAN_POINT('',(-64.9818022632477,-45.,22.5));
#12693=CARTESIAN_POINT('',(-68.4818022632477,-45.,5.));
#12694=CARTESIAN_POINT('',(-68.4818022632477,-45.,22.5));
#12695=CARTESIAN_POINT('',(88.5181977367523,-45.,5.));
#12696=CARTESIAN_POINT('Origin',(88.5181977367523,-45.,5.));
#12697=CARTESIAN_POINT('',(-64.9818022632477,-49.3967820081928,5.));
#12698=CARTESIAN_POINT('',(-68.4818022632477,-10.6290611933324,5.));
#12699=CARTESIAN_POINT('Origin',(10.0090988683761,5.60321799180724,2.5));
#12700=CARTESIAN_POINT('',(14.9818022632477,26.2064359836145,2.5));
#12701=CARTESIAN_POINT('',(-64.9818022632477,26.2064359836145,2.5));
#12702=CARTESIAN_POINT('Origin',(-25.,25.,2.5));
#12703=CARTESIAN_POINT('',(-64.9818022632477,23.7935640163855,2.5));
#12704=CARTESIAN_POINT('',(-64.9818022632477,-53.7935640163855,2.5));
#12705=CARTESIAN_POINT('',(-64.9818022632477,-53.7935640163855,2.5));
#12706=CARTESIAN_POINT('',(-64.9818022632477,-24.0951730122891,2.5));
#12707=CARTESIAN_POINT('',(85.0181977367523,-53.7935640163855,2.5));
#12708=CARTESIAN_POINT('',(47.5136483025642,-53.7935640163855,2.5));
#12709=CARTESIAN_POINT('',(85.0181977367523,21.2064359836145,2.5));
#12710=CARTESIAN_POINT('',(85.0181977367523,13.4048269877109,2.5));
#12711=CARTESIAN_POINT('',(80.0181977367523,26.2064359836145,2.5));
#12712=CARTESIAN_POINT('Origin',(80.0181977367523,21.2064359836145,2.5));
#12713=CARTESIAN_POINT('',(78.7673451322983,26.2064359836145,2.5));
#12714=CARTESIAN_POINT('',(44.3882220003373,26.2064359836147,2.5));
#12715=CARTESIAN_POINT('',(43.7673451322983,26.2064359836145,2.5));
#12716=CARTESIAN_POINT('Origin',(61.2673451322983,26.2064359836145,2.5));
#12717=CARTESIAN_POINT('',(12.4954505658119,26.2064359836145,2.5));
#12718=CARTESIAN_POINT('Origin',(80.0181977367523,21.2064359836145,0.));
#12719=CARTESIAN_POINT('',(88.5181977367523,21.2064359836145,0.));
#12720=CARTESIAN_POINT('',(82.0123276885715,29.4692106831483,0.));
#12721=CARTESIAN_POINT('Origin',(80.0181977367523,21.2064359836145,0.));
#12722=CARTESIAN_POINT('',(82.0123276885715,29.4692106831483,50.));
#12723=CARTESIAN_POINT('',(82.0123276885715,29.4692106831483,0.));
#12724=CARTESIAN_POINT('',(88.5181977367523,21.2064359836145,50.));
#12725=CARTESIAN_POINT('Origin',(80.0181977367523,21.2064359836145,50.));
#12726=CARTESIAN_POINT('',(88.5181977367523,21.2064359836145,0.));
#12727=CARTESIAN_POINT('Origin',(61.2673451322983,26.2064359836145,0.));
#12728=CARTESIAN_POINT('',(40.5610658914496,29.7064359836145,0.));
#12729=CARTESIAN_POINT('Origin',(61.2673451322983,26.2064359836145,0.));
#12730=CARTESIAN_POINT('',(40.5610658914496,29.7064359836145,50.));
#12731=CARTESIAN_POINT('',(40.5610658914496,29.7064359836145,0.));
#12732=CARTESIAN_POINT('Origin',(61.2673451322983,26.2064359836145,50.));
#12733=CARTESIAN_POINT('Origin',(40.5610658914496,29.7064359836145,0.));
#12734=CARTESIAN_POINT('',(18.2446466089404,29.7064359836145,0.));
#12735=CARTESIAN_POINT('',(18.2446466089404,29.7064359836145,0.));
#12736=CARTESIAN_POINT('',(18.2446466089404,29.7064359836145,50.));
#12737=CARTESIAN_POINT('',(18.2446466089404,29.7064359836145,0.));
#12738=CARTESIAN_POINT('',(18.2446466089404,29.7064359836145,50.));
#12739=CARTESIAN_POINT('Origin',(-25.,25.,0.));
#12740=CARTESIAN_POINT('',(-68.4818022632477,23.7418776133353,0.));
#12741=CARTESIAN_POINT('Origin',(-25.,25.,0.));
#12742=CARTESIAN_POINT('',(-68.4818022632477,23.7418776133353,50.));
#12743=CARTESIAN_POINT('',(-68.4818022632477,23.7418776133353,0.));
#12744=CARTESIAN_POINT('Origin',(-25.,25.,50.));
#12745=CARTESIAN_POINT('Origin',(-64.9818022632477,26.2064359836145,0.));
#12746=CARTESIAN_POINT('',(-64.9818022632477,26.2064359836145,0.));
#12747=CARTESIAN_POINT('',(-64.9818022632477,23.7935640163855,0.));
#12748=CARTESIAN_POINT('',(-64.9818022632477,-53.7935640163855,0.));
#12749=CARTESIAN_POINT('',(-64.9818022632477,23.7935640163855,0.));
#12750=CARTESIAN_POINT('',(-64.9818022632477,26.2064359836145,0.));
#12751=CARTESIAN_POINT('Origin',(-25.,25.,0.));
#12752=CARTESIAN_POINT('Origin',(-25.,25.,0.));
#12753=CARTESIAN_POINT('',(14.9818022632477,26.2064359836145,50.));
#12754=CARTESIAN_POINT('',(14.9818022632477,26.2064359836145,0.));
#12755=CARTESIAN_POINT('',(-64.9818022632477,23.7935640163855,50.));
#12756=CARTESIAN_POINT('Origin',(-25.,25.,50.));
#12757=CARTESIAN_POINT('',(-64.9818022632477,23.7935640163855,0.));
#12758=CARTESIAN_POINT('Origin',(14.9818022632477,26.2064359836145,0.));
#12759=CARTESIAN_POINT('',(43.7673451322983,26.2064359836145,50.));
#12760=CARTESIAN_POINT('',(43.7673451322983,26.2064359836145,0.));
#12761=CARTESIAN_POINT('',(14.9818022632477,26.2064359836145,50.));
#12762=CARTESIAN_POINT('Origin',(61.2673451322983,26.2064359836145,0.));
#12763=CARTESIAN_POINT('',(78.7673451322983,26.2064359836145,50.));
#12764=CARTESIAN_POINT('',(78.7673451322983,26.2064359836145,0.));
#12765=CARTESIAN_POINT('Origin',(61.2673451322983,26.2064359836145,50.));
#12766=CARTESIAN_POINT('Origin',(-64.9818022632477,-53.7935640163855,0.));
#12767=CARTESIAN_POINT('',(-64.9818022632477,-53.7935640163855,50.));
#12768=CARTESIAN_POINT('',(-64.9818022632477,-53.7935640163855,50.));
#12769=CARTESIAN_POINT('',(-64.9818022632477,-53.7935640163855,0.));
#12770=CARTESIAN_POINT('Origin',(85.0181977367523,21.2064359836145,0.));
#12771=CARTESIAN_POINT('',(85.0181977367523,-53.7935640163855,50.));
#12772=CARTESIAN_POINT('',(85.0181977367523,-53.7935640163855,0.));
#12773=CARTESIAN_POINT('',(85.0181977367523,21.2064359836145,50.));
#12774=CARTESIAN_POINT('',(85.0181977367523,21.2064359836145,50.));
#12775=CARTESIAN_POINT('',(85.0181977367523,21.2064359836145,0.));
#12776=CARTESIAN_POINT('Origin',(80.0181977367523,21.2064359836145,0.));
#12777=CARTESIAN_POINT('',(80.0181977367523,26.2064359836145,50.));
#12778=CARTESIAN_POINT('Origin',(80.0181977367523,21.2064359836145,50.));
#12779=CARTESIAN_POINT('',(80.0181977367523,26.2064359836145,0.));
#12780=CARTESIAN_POINT('Origin',(78.7673451322983,26.2064359836145,0.));
#12781=CARTESIAN_POINT('',(78.7673451322983,26.2064359836145,50.));
#12782=CARTESIAN_POINT('Origin',(10.0090988683761,5.60321799180724,0.));
#12783=CARTESIAN_POINT('',(-68.4818022632477,-54.2935640163855,0.));
#12784=CARTESIAN_POINT('',(-65.4818022632477,-57.2935640163855,0.));
#12785=CARTESIAN_POINT('Origin',(-65.4818022632477,-54.2935640163855,0.));
#12786=CARTESIAN_POINT('',(-68.4818022632477,-57.2935640163855,0.));
#12787=CARTESIAN_POINT('',(88.5181977367523,-54.2935640163855,0.));
#12788=CARTESIAN_POINT('',(88.5181977367523,21.2064359836145,0.));
#12789=CARTESIAN_POINT('',(85.5181977367523,-57.2935640163855,0.));
#12790=CARTESIAN_POINT('Origin',(85.5181977367523,-54.2935640163855,0.));
#12791=CARTESIAN_POINT('',(88.5181977367523,-57.2935640163855,0.));
#12792=CARTESIAN_POINT('Origin',(88.5181977367523,-57.2935640163855,0.));
#12793=CARTESIAN_POINT('',(88.5181977367523,-54.2935640163855,50.));
#12794=CARTESIAN_POINT('',(88.5181977367523,-54.2935640163855,0.));
#12795=CARTESIAN_POINT('',(88.5181977367523,21.2064359836145,50.));
#12796=CARTESIAN_POINT('Origin',(85.5181977367523,-54.2935640163855,0.));
#12797=CARTESIAN_POINT('',(85.5181977367523,-57.2935640163855,50.));
#12798=CARTESIAN_POINT('Origin',(85.5181977367523,-54.2935640163855,50.));
#12799=CARTESIAN_POINT('',(85.5181977367523,-57.2935640163855,0.));
#12800=CARTESIAN_POINT('Origin',(10.0090988683761,5.60321799180724,50.));
#12801=CARTESIAN_POINT('',(-65.4818022632477,-57.2935640163855,50.));
#12802=CARTESIAN_POINT('',(-68.4818022632477,-54.2935640163855,50.));
#12803=CARTESIAN_POINT('Origin',(-65.4818022632477,-54.2935640163855,50.));
#12804=CARTESIAN_POINT('',(88.5181977367523,-57.2935640163855,50.));
#12805=CARTESIAN_POINT('',(-68.4818022632477,-57.2935640163855,50.));
#12806=CARTESIAN_POINT('',(30.0500004321337,28.0000004172325,50.));
#12807=CARTESIAN_POINT('Origin',(29.0000004321337,28.0000004172325,50.));
#12808=CARTESIAN_POINT('',(87.5500012889505,-55.0000008195639,50.));
#12809=CARTESIAN_POINT('Origin',(86.5000012889504,-55.0000008195639,50.));
#12810=CARTESIAN_POINT('',(-65.4500009909272,-55.0000008195639,50.));
#12811=CARTESIAN_POINT('Origin',(-66.5000009909272,-55.0000008195639,50.));
#12812=CARTESIAN_POINT('',(85.0181977367523,-53.7935640163855,50.));
#12813=CARTESIAN_POINT('Origin',(-68.4818022632477,23.7418776133353,0.));
#12814=CARTESIAN_POINT('',(-68.4818022632477,-54.2935640163855,0.));
#12815=CARTESIAN_POINT('Origin',(-65.4818022632477,-54.2935640163855,0.));
#12816=CARTESIAN_POINT('',(-65.4818022632477,-57.2935640163855,0.));
#12817=CARTESIAN_POINT('Origin',(-66.5000009909272,-55.0000008195639,42.));
#12818=CARTESIAN_POINT('',(-65.4500009909272,-55.0000008195639,42.));
#12819=CARTESIAN_POINT('Origin',(-66.5000009909272,-55.0000008195639,42.));
#12820=CARTESIAN_POINT('Origin',(-66.5000009909272,-55.0000008195639,52.));
#12821=CARTESIAN_POINT('',(-65.4500009909272,-55.0000008195639,52.));
#12822=CARTESIAN_POINT('Origin',(86.5000012889504,-55.0000008195639,42.));
#12823=CARTESIAN_POINT('',(87.5500012889505,-55.0000008195639,42.));
#12824=CARTESIAN_POINT('Origin',(86.5000012889504,-55.0000008195639,42.));
#12825=CARTESIAN_POINT('Origin',(86.5000012889504,-55.0000008195639,52.));
#12826=CARTESIAN_POINT('',(87.5500012889505,-55.0000008195639,52.));
#12827=CARTESIAN_POINT('Origin',(29.0000004321337,28.0000004172325,42.));
#12828=CARTESIAN_POINT('',(30.0500004321337,28.0000004172325,42.));
#12829=CARTESIAN_POINT('Origin',(29.0000004321337,28.0000004172325,42.));
#12830=CARTESIAN_POINT('Origin',(29.0000004321337,28.0000004172325,52.));
#12831=CARTESIAN_POINT('',(30.0500004321337,28.0000004172325,52.));
#12832=CARTESIAN_POINT('Origin',(-68.4818022632477,-57.2935640163855,0.));
#12833=CARTESIAN_POINT('',(33.5082328110337,-57.2935640163855,39.5409901541193));
#12834=CARTESIAN_POINT('',(33.5082328110336,-57.2935640163855,14.5409901541193));
#12835=CARTESIAN_POINT('',(33.5082328110336,-57.2935640163855,19.7704950770596));
#12836=CARTESIAN_POINT('',(32.5082328110336,-57.2935640163855,13.5409901541193));
#12837=CARTESIAN_POINT('Origin',(32.5082328110336,-57.2935640163834,14.5409901541193));
#12838=CARTESIAN_POINT('',(-7.99176718896638,-57.2935640163855,13.5409901541193));
#12839=CARTESIAN_POINT('',(-17.9867847261065,-57.2935640163855,13.5409901541193));
#12840=CARTESIAN_POINT('',(-13.5917671889664,-57.2935640163855,18.5409901541193));
#12841=CARTESIAN_POINT('',(-21.4571661919302,-57.2935640163855,25.5636678353371));
#12842=CARTESIAN_POINT('',(-13.5917671889664,-57.2935640163855,35.5409901541193));
#12843=CARTESIAN_POINT('',(-13.5917671889664,-57.2935640163855,9.27049507705965));
#12844=CARTESIAN_POINT('',(-7.99176718896635,-57.2935640163855,40.5409901541193));
#12845=CARTESIAN_POINT('',(-37.6912989867376,-57.2935640163855,14.0235510489665));
#12846=CARTESIAN_POINT('',(32.5082328110337,-57.2935640163855,40.5409901541193));
#12847=CARTESIAN_POINT('',(-38.2367847261065,-57.2935640163855,40.5409901541194));
#12848=CARTESIAN_POINT('Origin',(32.5082328110337,-57.2935640163834,39.5409901541193));
#12849=CARTESIAN_POINT('Origin',(85.0181977367523,-53.7935640163855,0.));
#12850=CARTESIAN_POINT('',(33.5082328110335,-53.7935640163855,14.5409901541193));
#12851=CARTESIAN_POINT('',(33.5082328110336,-53.7935640163855,39.5409901541193));
#12852=CARTESIAN_POINT('',(33.5082328110336,-53.7935640163855,19.7704950770597));
#12853=CARTESIAN_POINT('',(32.5082328110336,-53.7935640163855,40.5409901541193));
#12854=CARTESIAN_POINT('Origin',(32.5082328110336,-53.7935640163867,39.5409901541193));
#12855=CARTESIAN_POINT('',(-7.99176718896643,-53.7935640163855,40.5409901541193));
#12856=CARTESIAN_POINT('',(38.5132152738935,-53.7935640163855,40.5409901541193));
#12857=CARTESIAN_POINT('',(-13.5917671889664,-53.7935640163855,35.5409901541193));
#12858=CARTESIAN_POINT('',(5.01416588196357,-53.7935640163855,52.1534303960211));
#12859=CARTESIAN_POINT('',(-13.5917671889665,-53.7935640163855,18.5409901541193));
#12860=CARTESIAN_POINT('',(-13.5917671889665,-53.7935640163855,9.27049507705972));
#12861=CARTESIAN_POINT('',(-7.99176718896645,-53.7935640163855,13.5409901541193));
#12862=CARTESIAN_POINT('',(21.2482986767708,-53.7935640163855,-12.5662115117176));
#12863=CARTESIAN_POINT('',(32.5082328110336,-53.7935640163855,13.5409901541193));
#12864=CARTESIAN_POINT('',(58.7632152738934,-53.7935640163855,13.5409901541193));
#12865=CARTESIAN_POINT('Origin',(32.5082328110336,-53.7935640163867,14.5409901541193));
#12866=CARTESIAN_POINT('Origin',(-13.5917671889654,-103.797242656916,35.5409901541194));
#12867=CARTESIAN_POINT('',(-7.99176718896536,-103.797242656916,40.5409901541193));
#12868=CARTESIAN_POINT('',(-13.5917671889654,-103.797242656916,35.5409901541194));
#12869=CARTESIAN_POINT('Origin',(-7.99176718896536,-103.797242656916,40.5409901541193));
#12870=CARTESIAN_POINT('',(32.5082328110346,-103.797242656915,40.5409901541193));
#12871=CARTESIAN_POINT('Origin',(32.5082328110346,-103.797242656915,39.5409901541193));
#12872=CARTESIAN_POINT('',(33.5082328110346,-103.797242656915,39.5409901541193));
#12873=CARTESIAN_POINT('Origin',(33.5082328110346,-103.797242656915,39.5409901541193));
#12874=CARTESIAN_POINT('',(33.5082328110346,-103.797242656915,14.5409901541193));
#12875=CARTESIAN_POINT('Origin',(32.5082328110346,-103.797242656915,14.5409901541193));
#12876=CARTESIAN_POINT('',(32.5082328110346,-103.797242656915,13.5409901541193));
#12877=CARTESIAN_POINT('Origin',(32.5082328110346,-103.797242656915,13.5409901541193));
#12878=CARTESIAN_POINT('',(-7.99176718896538,-103.797242656916,13.5409901541193));
#12879=CARTESIAN_POINT('Origin',(-7.99176718896538,-103.797242656916,13.5409901541193));
#12880=CARTESIAN_POINT('',(-13.5917671889654,-103.797242656916,18.5409901541194));
#12881=CARTESIAN_POINT('Origin',(-13.5917671889654,-103.797242656916,18.5409901541194));
#12882=CARTESIAN_POINT('',(65.,1.4432899320127E-14,45.));
#12883=CARTESIAN_POINT('',(9.95823281103369,-59.9172426569157,27.0409901541193));
#12884=UNCERTAINTY_MEASURE_WITH_UNIT(LENGTH_MEASURE(0.01),#12902,
'DISTANCE_ACCURACY_VALUE',
'Maximum model space distance between geometric entities at asserted c
onnectivities');
#12885=UNCERTAINTY_MEASURE_WITH_UNIT(LENGTH_MEASURE(0.01),#12902,
'DISTANCE_ACCURACY_VALUE',
'Maximum model space distance between geometric entities at asserted c
onnectivities');
#12886=UNCERTAINTY_MEASURE_WITH_UNIT(LENGTH_MEASURE(0.01),#12902,
'DISTANCE_ACCURACY_VALUE',
'Maximum model space distance between geometric entities at asserted c
onnectivities');
#12887=UNCERTAINTY_MEASURE_WITH_UNIT(LENGTH_MEASURE(0.01),#12902,
'DISTANCE_ACCURACY_VALUE',
'Maximum model space distance between geometric entities at asserted c
onnectivities');
#12888=UNCERTAINTY_MEASURE_WITH_UNIT(LENGTH_MEASURE(0.01),#12902,
'DISTANCE_ACCURACY_VALUE',
'Maximum model space distance between geometric entities at asserted c
onnectivities');
#12889=UNCERTAINTY_MEASURE_WITH_UNIT(LENGTH_MEASURE(0.01),#12902,
'DISTANCE_ACCURACY_VALUE',
'Maximum model space distance between geometric entities at asserted c
onnectivities');
#12890=UNCERTAINTY_MEASURE_WITH_UNIT(LENGTH_MEASURE(0.01),#12902,
'DISTANCE_ACCURACY_VALUE',
'Maximum model space distance between geometric entities at asserted c
onnectivities');
#12891=UNCERTAINTY_MEASURE_WITH_UNIT(LENGTH_MEASURE(0.01),#12902,
'DISTANCE_ACCURACY_VALUE',
'Maximum model space distance between geometric entities at asserted c
onnectivities');
#12892=UNCERTAINTY_MEASURE_WITH_UNIT(LENGTH_MEASURE(0.01),#12902,
'DISTANCE_ACCURACY_VALUE',
'Maximum model space distance between geometric entities at asserted c
onnectivities');
#12893=(
GEOMETRIC_REPRESENTATION_CONTEXT(3)
GLOBAL_UNCERTAINTY_ASSIGNED_CONTEXT((#12884))
GLOBAL_UNIT_ASSIGNED_CONTEXT((#12902,#12904,#12905))
REPRESENTATION_CONTEXT('','3D')
);
#12894=(
GEOMETRIC_REPRESENTATION_CONTEXT(3)
GLOBAL_UNCERTAINTY_ASSIGNED_CONTEXT((#12885))
GLOBAL_UNIT_ASSIGNED_CONTEXT((#12902,#12904,#12905))
REPRESENTATION_CONTEXT('','3D')
);
#12895=(
GEOMETRIC_REPRESENTATION_CONTEXT(3)
GLOBAL_UNCERTAINTY_ASSIGNED_CONTEXT((#12886))
GLOBAL_UNIT_ASSIGNED_CONTEXT((#12902,#12904,#12905))
REPRESENTATION_CONTEXT('','3D')
);
#12896=(
GEOMETRIC_REPRESENTATION_CONTEXT(3)
GLOBAL_UNCERTAINTY_ASSIGNED_CONTEXT((#12887))
GLOBAL_UNIT_ASSIGNED_CONTEXT((#12902,#12904,#12905))
REPRESENTATION_CONTEXT('','3D')
);
#12897=(
GEOMETRIC_REPRESENTATION_CONTEXT(3)
GLOBAL_UNCERTAINTY_ASSIGNED_CONTEXT((#12888))
GLOBAL_UNIT_ASSIGNED_CONTEXT((#12902,#12904,#12905))
REPRESENTATION_CONTEXT('','3D')
);
#12898=(
GEOMETRIC_REPRESENTATION_CONTEXT(3)
GLOBAL_UNCERTAINTY_ASSIGNED_CONTEXT((#12889))
GLOBAL_UNIT_ASSIGNED_CONTEXT((#12902,#12904,#12905))
REPRESENTATION_CONTEXT('','3D')
);
#12899=(
GEOMETRIC_REPRESENTATION_CONTEXT(3)
GLOBAL_UNCERTAINTY_ASSIGNED_CONTEXT((#12890))
GLOBAL_UNIT_ASSIGNED_CONTEXT((#12902,#12904,#12905))
REPRESENTATION_CONTEXT('','3D')
);
#12900=(
GEOMETRIC_REPRESENTATION_CONTEXT(3)
GLOBAL_UNCERTAINTY_ASSIGNED_CONTEXT((#12891))
GLOBAL_UNIT_ASSIGNED_CONTEXT((#12902,#12904,#12905))
REPRESENTATION_CONTEXT('','3D')
);
#12901=(
GEOMETRIC_REPRESENTATION_CONTEXT(3)
GLOBAL_UNCERTAINTY_ASSIGNED_CONTEXT((#12892))
GLOBAL_UNIT_ASSIGNED_CONTEXT((#12902,#12904,#12905))
REPRESENTATION_CONTEXT('','3D')
);
#12902=(
LENGTH_UNIT()
NAMED_UNIT(*)
SI_UNIT(.MILLI.,.METRE.)
);
#12903=(
LENGTH_UNIT()
NAMED_UNIT(*)
SI_UNIT($,.METRE.)
);
#12904=(
NAMED_UNIT(*)
PLANE_ANGLE_UNIT()
SI_UNIT($,.RADIAN.)
);
#12905=(
NAMED_UNIT(*)
SI_UNIT($,.STERADIAN.)
SOLID_ANGLE_UNIT()
);
#12906=SHAPE_DEFINITION_REPRESENTATION(#12914,#12933);
#12907=SHAPE_DEFINITION_REPRESENTATION(#12915,#12934);
#12908=SHAPE_DEFINITION_REPRESENTATION(#12916,#12935);
#12909=SHAPE_DEFINITION_REPRESENTATION(#12917,#12936);
#12910=SHAPE_DEFINITION_REPRESENTATION(#12918,#12937);
#12911=SHAPE_DEFINITION_REPRESENTATION(#12919,#12938);
#12912=SHAPE_DEFINITION_REPRESENTATION(#12920,#12939);
#12913=SHAPE_DEFINITION_REPRESENTATION(#12930,#12940);
#12914=PRODUCT_DEFINITION_SHAPE('',$,#12942);
#12915=PRODUCT_DEFINITION_SHAPE('',$,#12943);
#12916=PRODUCT_DEFINITION_SHAPE('',$,#12944);
#12917=PRODUCT_DEFINITION_SHAPE('',$,#12945);
#12918=PRODUCT_DEFINITION_SHAPE('',$,#12946);
#12919=PRODUCT_DEFINITION_SHAPE('',$,#12947);
#12920=PRODUCT_DEFINITION_SHAPE('',$,#12948);
#12921=PRODUCT_DEFINITION_SHAPE($,$,#58);
#12922=PRODUCT_DEFINITION_SHAPE($,$,#59);
#12923=PRODUCT_DEFINITION_SHAPE($,$,#60);
#12924=PRODUCT_DEFINITION_SHAPE($,$,#61);
#12925=PRODUCT_DEFINITION_SHAPE($,$,#62);
#12926=PRODUCT_DEFINITION_SHAPE($,$,#63);
#12927=PRODUCT_DEFINITION_SHAPE($,$,#64);
#12928=PRODUCT_DEFINITION_SHAPE($,$,#65);
#12929=PRODUCT_DEFINITION_SHAPE($,$,#66);
#12930=PRODUCT_DEFINITION_SHAPE('',$,#12949);
#12931=PRODUCT_DEFINITION_SHAPE($,$,#67);
#12932=PRODUCT_DEFINITION_SHAPE($,$,#68);
#12933=SHAPE_REPRESENTATION('',(#7736,#8346,#8347),#12893);
#12934=SHAPE_REPRESENTATION('',(#7737,#7976,#7977,#7978,#7979,#7980,#7981,
#7982,#7983,#7984),#12894);
#12935=SHAPE_REPRESENTATION('',(#7738),#12895);
#12936=SHAPE_REPRESENTATION('',(#7777),#12896);
#12937=SHAPE_REPRESENTATION('',(#7912),#12897);
#12938=SHAPE_REPRESENTATION('',(#7924),#12898);
#12939=SHAPE_REPRESENTATION('',(#7957),#12899);
#12940=SHAPE_REPRESENTATION('',(#7985),#12900);
#12941=PRODUCT_DEFINITION_CONTEXT('part definition',#12967,'design');
#12942=PRODUCT_DEFINITION('Electronics Enclosure (v2~recovered)',
'Electronics Enclosure (v2~recovered)',#12950,#12941);
#12943=PRODUCT_DEFINITION('Arduino Joystick Module ',
'Arduino Joystick Module v1',#12951,#12941);
#12944=PRODUCT_DEFINITION('Dummy_PCB','Dummy_PCB',#12952,#12941);
#12945=PRODUCT_DEFINITION('Pin Holder','Pin Holder',#12953,#12941);
#12946=PRODUCT_DEFINITION('Joystick Mechanism','Joystick Mechanism',#12954,
#12941);
#12947=PRODUCT_DEFINITION('Joystick Finger Tip','Joystick Finger Tip',#12955,
#12941);
#12948=PRODUCT_DEFINITION('90 Degree Pin','90 Degree Pin',#12956,#12941);
#12949=PRODUCT_DEFINITION('Fused Inlet','Fused Inlet - 250v AC v1',#12957,
#12941);
#12950=PRODUCT_DEFINITION_FORMATION('',$,#12969);
#12951=PRODUCT_DEFINITION_FORMATION('',$,#12970);
#12952=PRODUCT_DEFINITION_FORMATION('',$,#12971);
#12953=PRODUCT_DEFINITION_FORMATION('',$,#12972);
#12954=PRODUCT_DEFINITION_FORMATION('',$,#12973);
#12955=PRODUCT_DEFINITION_FORMATION('',$,#12974);
#12956=PRODUCT_DEFINITION_FORMATION('',$,#12975);
#12957=PRODUCT_DEFINITION_FORMATION('',$,#12976);
#12958=PRODUCT_RELATED_PRODUCT_CATEGORY(
'Electronics Enclosure (v2~recovered)',
'Electronics Enclosure (v2~recovered)',(#12969));
#12959=PRODUCT_RELATED_PRODUCT_CATEGORY('Arduino Joystick Module v1',
'Arduino Joystick Module v1',(#12970));
#12960=PRODUCT_RELATED_PRODUCT_CATEGORY('Dummy_PCB','Dummy_PCB',(#12971));
#12961=PRODUCT_RELATED_PRODUCT_CATEGORY('Pin Holder','Pin Holder',(#12972));
#12962=PRODUCT_RELATED_PRODUCT_CATEGORY('Joystick Mechanism',
'Joystick Mechanism',(#12973));
#12963=PRODUCT_RELATED_PRODUCT_CATEGORY('Joystick Finger Tip',
'Joystick Finger Tip',(#12974));
#12964=PRODUCT_RELATED_PRODUCT_CATEGORY('90 Degree Pin','90 Degree Pin',
(#12975));
#12965=PRODUCT_RELATED_PRODUCT_CATEGORY('Fused Inlet - 250v AC v1',
'Fused Inlet - 250v AC v1',(#12976));
#12966=APPLICATION_PROTOCOL_DEFINITION('international standard',
'automotive_design',2009,#12967);
#12967=APPLICATION_CONTEXT(
'Core Data for Automotive Mechanical Design Process');
#12968=PRODUCT_CONTEXT('part definition',#12967,'mechanical');
#12969=PRODUCT('Electronics Enclosure (v2~recovered)',
'Electronics Enclosure (v2~recovered)',$,(#12968));
#12970=PRODUCT('Arduino Joystick Module ','Arduino Joystick Module v1',
'Unknown',(#12968));
#12971=PRODUCT('Dummy_PCB','Dummy_PCB','Dummy_PCB',(#12968));
#12972=PRODUCT('Pin Holder','Pin Holder','Pin Holder',(#12968));
#12973=PRODUCT('Joystick Mechanism','Joystick Mechanism',
'Joystick Mechanism',(#12968));
#12974=PRODUCT('Joystick Finger Tip','Joystick Finger Tip',
'Joystick Finger Tip',(#12968));
#12975=PRODUCT('90 Degree Pin','90 Degree Pin','90 Degree Pin',(#12968));
#12976=PRODUCT('Fused Inlet','Fused Inlet - 250v AC v1',$,(#12968));
#12977=PRESENTATION_STYLE_ASSIGNMENT((#12985));
#12978=PRESENTATION_STYLE_ASSIGNMENT((#12986));
#12979=PRESENTATION_STYLE_ASSIGNMENT((#12987));
#12980=PRESENTATION_STYLE_ASSIGNMENT((#12988));
#12981=PRESENTATION_STYLE_ASSIGNMENT((#12989));
#12982=PRESENTATION_STYLE_ASSIGNMENT((#12990));
#12983=PRESENTATION_STYLE_ASSIGNMENT((#12991));
#12984=PRESENTATION_STYLE_ASSIGNMENT((#12992));
#12985=SURFACE_STYLE_USAGE(.BOTH.,#12993);
#12986=SURFACE_STYLE_USAGE(.BOTH.,#12994);
#12987=SURFACE_STYLE_USAGE(.BOTH.,#12995);
#12988=SURFACE_STYLE_USAGE(.BOTH.,#12996);
#12989=SURFACE_STYLE_USAGE(.BOTH.,#12997);
#12990=SURFACE_STYLE_USAGE(.BOTH.,#12998);
#12991=SURFACE_STYLE_USAGE(.BOTH.,#12999);
#12992=SURFACE_STYLE_USAGE(.BOTH.,#13000);
#12993=SURFACE_SIDE_STYLE('',(#13001));
#12994=SURFACE_SIDE_STYLE('',(#13002));
#12995=SURFACE_SIDE_STYLE('',(#13003));
#12996=SURFACE_SIDE_STYLE('',(#13004));
#12997=SURFACE_SIDE_STYLE('',(#13005));
#12998=SURFACE_SIDE_STYLE('',(#13006));
#12999=SURFACE_SIDE_STYLE('',(#13007));
#13000=SURFACE_SIDE_STYLE('',(#13008));
#13001=SURFACE_STYLE_FILL_AREA(#13009);
#13002=SURFACE_STYLE_FILL_AREA(#13010);
#13003=SURFACE_STYLE_FILL_AREA(#13011);
#13004=SURFACE_STYLE_FILL_AREA(#13012);
#13005=SURFACE_STYLE_FILL_AREA(#13013);
#13006=SURFACE_STYLE_FILL_AREA(#13014);
#13007=SURFACE_STYLE_FILL_AREA(#13015);
#13008=SURFACE_STYLE_FILL_AREA(#13016);
#13009=FILL_AREA_STYLE('Steel - Satin',(#13017));
#13010=FILL_AREA_STYLE('Opaque(0,128,0)',(#13018));
#13011=FILL_AREA_STYLE('Opaque(51,51,51)',(#13019));
#13012=FILL_AREA_STYLE('Opaque(31,31,31)',(#13020));
#13013=FILL_AREA_STYLE('Opaque(204,170,82)',(#13021));
#13014=FILL_AREA_STYLE('Opaque(25,25,25)',(#13022));
#13015=FILL_AREA_STYLE('Opaque(245,245,246)',(#13023));
#13016=FILL_AREA_STYLE('Opaque(196,53,39)',(#13024));
#13017=FILL_AREA_STYLE_COLOUR('Steel - Satin',#13025);
#13018=FILL_AREA_STYLE_COLOUR('Opaque(0,128,0)',#13026);
#13019=FILL_AREA_STYLE_COLOUR('Opaque(51,51,51)',#13027);
#13020=FILL_AREA_STYLE_COLOUR('Opaque(31,31,31)',#13028);
#13021=FILL_AREA_STYLE_COLOUR('Opaque(204,170,82)',#13029);
#13022=FILL_AREA_STYLE_COLOUR('Opaque(25,25,25)',#13030);
#13023=FILL_AREA_STYLE_COLOUR('Opaque(245,245,246)',#13031);
#13024=FILL_AREA_STYLE_COLOUR('Opaque(196,53,39)',#13032);
#13025=COLOUR_RGB('Steel - Satin',0.627450980392157,0.627450980392157,0.627450980392157);
#13026=COLOUR_RGB('Opaque(0,128,0)',0.,0.501960784313725,0.);
#13027=COLOUR_RGB('Opaque(51,51,51)',0.2,0.2,0.2);
#13028=COLOUR_RGB('Opaque(31,31,31)',0.12156862745098,0.12156862745098,
0.12156862745098);
#13029=COLOUR_RGB('Opaque(204,170,82)',0.8,0.666666666666667,0.32156862745098);
#13030=COLOUR_RGB('Opaque(25,25,25)',0.0980392156862745,0.0980392156862745,
0.0980392156862745);
#13031=COLOUR_RGB('Opaque(245,245,246)',0.96078431372549,0.96078431372549,
0.964705882352941);
#13032=COLOUR_RGB('Opaque(196,53,39)',0.768627450980392,0.207843137254902,
0.152941176470588);
ENDSEC;
END-ISO-10303-21;
